shop_name,sizang_name,sangga_name,shop_address,shop_phone,product_all_case,product_cate_case,product_unique_id,product_name,product_checkbox_category,product_category_1,product_category_2,product_category_3,product_price,product_made,product_image_url,product_style,product_size,product_maxrate,product_seethrough,product_elasticity,product_lining,product_fitting,product_color,product_link
해커,동대문,디오트,DOT-3-I-13,TEL : 02-2117-4802 (HP : 010-7189-8216),113,43,1094620,제니JK,OUTER,WOMEN,아우터,자켓,41000,대한민국,"https://sokodress.s3.ap-northeast-2.amazonaws.com/products_image/1094620_0.jpg,https://sokodress.s3.ap-northeast-2.amazonaws.com/products_image/1094620_1.jpg,https://sokodress.s3.ap-northeast-2.amazonaws.com/products_image/1094620_2.jpg,https://sokodress.s3.ap-northeast-2.amazonaws.com/products_image/1094620_3.jpg,https://sokodress.s3.ap-northeast-2.amazonaws.com/products_image/1094620_4.jpg,https://sokodress.s3.ap-northeast-2.amazonaws.com/products_image/1094620_5.jpg,https://sokodress.s3.ap-northeast-2.amazonaws.com/products_image/1094620_6.jpg,https://sokodress.s3.ap-northeast-2.amazonaws.com/products_image/1094620_7.jpg,https://sokodress.s3.ap-northeast-2.amazonaws.com/products_image/1094620_8.jpg,https://sokodress.s3.ap-northeast-2.amazonaws.com/products_image/1094620_9.jpg,https://sokodress.s3.ap-northeast-2.amazonaws.com/products_image/1094620_10.jpg,https://sokodress.s3.ap-northeast-2.amazonaws.com/products_image/1094620_11.jpg,https://sokodress.s3.ap-northeast-2.amazonaws.com/products_image/1094620_12.jpg,https://sokodress.s3.ap-northeast-2.amazonaws.com/products_image/1094620_13.jpg,https://sokodress.s3.ap-northeast-2.amazonaws.com/products_image/1094620_14.jpg,https://sokodress.s3.ap-northeast-2.amazonaws.com/products_image/1094620_15.jpg,https://sokodress.s3.ap-northeast-2.amazonaws.com/products_image/1094620_16.jpg,https://sokodress.s3.ap-northeast-2.amazonaws.com/products_image/1094620_17.jpg,https://sokodress.s3.ap-northeast-2.amazonaws.com/products_image/1094620_18.jpg,https://sokodress.s3.ap-northeast-2.amazonaws.com/products_image/1094620_19.jpg,https://sokodress.s3.ap-northeast-2.amazonaws.com/products_image/1094620_20.jpg,https://sokodress.s3.ap-northeast-2.amazonaws.com/products_image/1094620_21.jpg,https://sokodress.s3.ap-northeast-2.amazonaws.com/products_image/1094620_22.jpg,https://sokodress.s3.ap-northeast-2.amazonaws.com/products_image/1094620_23.jpg,https://sokodress.s3.ap-northeast-2.amazonaws.com/products_image/1094620_24.jpg,https://sokodress.s3.ap-northeast-2.amazonaws.com/products_image/1094620_25.jpg,https://sokodress.s3.ap-northeast-2.amazonaws.com/products_image/1094620_26.jpg,https://sokodress.s3.ap-northeast-2.amazonaws.com/products_image/1094620_27.jpg,https://sokodress.s3.ap-northeast-2.amazonaws.com/products_image/1094620_28.jpg",캐주얼,총장 51cm/ 어깨 40cm/ 가슴 49cm/ 소매 60cm,폴리100,없음,없음,전체안감,기본핏,"IVORY,SKYBLUE",http://www.ddmmarket.co.kr/Prod?m=S&c=D3I1300101
해커,동대문,디오트,DOT-3-I-13,TEL : 02-2117-4802 (HP : 010-7189-8216),113,43,1090132,마일드JP,OUTER,WOMEN,아우터,패딩/점퍼,32000,대한민국,"https://sokodress.s3.ap-northeast-2.amazonaws.com/products_image/1090132_0.jpg,https://sokodress.s3.ap-northeast-2.amazonaws.com/products_image/1090132_1.jpg,https://sokodress.s3.ap-northeast-2.amazonaws.com/products_image/1090132_2.jpg,https://sokodress.s3.ap-northeast-2.amazonaws.com/products_image/1090132_3.jpg,https://sokodress.s3.ap-northeast-2.amazonaws.com/products_image/1090132_4.jpg,https://sokodress.s3.ap-northeast-2.amazonaws.com/products_image/1090132_5.jpg,https://sokodress.s3.ap-northeast-2.amazonaws.com/products_image/1090132_6.jpg,https://sokodress.s3.ap-northeast-2.amazonaws.com/products_image/1090132_7.jpg,https://sokodress.s3.ap-northeast-2.amazonaws.com/products_image/1090132_8.jpg,https://sokodress.s3.ap-northeast-2.amazonaws.com/products_image/1090132_9.jpg,https://sokodress.s3.ap-northeast-2.amazonaws.com/products_image/1090132_10.jpg,https://sokodress.s3.ap-northeast-2.amazonaws.com/products_image/1090132_11.jpg,https://sokodress.s3.ap-northeast-2.amazonaws.com/products_image/1090132_12.jpg,https://sokodress.s3.ap-northeast-2.amazonaws.com/products_image/1090132_13.jpg,https://sokodress.s3.ap-northeast-2.amazonaws.com/products_image/1090132_14.jpg,https://sokodress.s3.ap-northeast-2.amazonaws.com/products_image/1090132_15.jpg,https://sokodress.s3.ap-northeast-2.amazonaws.com/products_image/1090132_16.jpg,https://sokodress.s3.ap-northeast-2.amazonaws.com/products_image/1090132_17.jpg,https://sokodress.s3.ap-northeast-2.amazonaws.com/products_image/1090132_18.jpg,https://sokodress.s3.ap-northeast-2.amazonaws.com/products_image/1090132_19.jpg,https://sokodress.s3.ap-northeast-2.amazonaws.com/products_image/1090132_20.jpg,https://sokodress.s3.ap-northeast-2.amazonaws.com/products_image/1090132_21.jpg,https://sokodress.s3.ap-northeast-2.amazonaws.com/products_image/1090132_22.jpg",캐주얼,총장 54cm/ 어깨 41cm/ 가슴 51cm/ 소매 59cm,폴리60 레이온40,없음,좋음,전체안감,기본핏,"BLACK,OATMEAL",http://www.ddmmarket.co.kr/Prod?m=S&c=D3I1300101
해커,동대문,디오트,DOT-3-I-13,TEL : 02-2117-4802 (HP : 010-7189-8216),113,43,1089732,HS-04트랜스패딩,OUTER,WOMEN,아우터,패딩/점퍼,43000,중국,"https://sokodress.s3.ap-northeast-2.amazonaws.com/products_image/1089732_0.jpg,https://sokodress.s3.ap-northeast-2.amazonaws.com/products_image/1089732_1.jpg,https://sokodress.s3.ap-northeast-2.amazonaws.com/products_image/1089732_2.jpg,https://sokodress.s3.ap-northeast-2.amazonaws.com/products_image/1089732_3.jpg,https://sokodress.s3.ap-northeast-2.amazonaws.com/products_image/1089732_4.jpg,https://sokodress.s3.ap-northeast-2.amazonaws.com/products_image/1089732_5.jpg,https://sokodress.s3.ap-northeast-2.amazonaws.com/products_image/1089732_6.jpg,https://sokodress.s3.ap-northeast-2.amazonaws.com/products_image/1089732_7.jpg,https://sokodress.s3.ap-northeast-2.amazonaws.com/products_image/1089732_8.jpg,https://sokodress.s3.ap-northeast-2.amazonaws.com/products_image/1089732_9.jpg,https://sokodress.s3.ap-northeast-2.amazonaws.com/products_image/1089732_10.jpg,https://sokodress.s3.ap-northeast-2.amazonaws.com/products_image/1089732_11.jpg,https://sokodress.s3.ap-northeast-2.amazonaws.com/products_image/1089732_12.jpg,https://sokodress.s3.ap-northeast-2.amazonaws.com/products_image/1089732_13.jpg,https://sokodress.s3.ap-northeast-2.amazonaws.com/products_image/1089732_14.jpg,https://sokodress.s3.ap-northeast-2.amazonaws.com/products_image/1089732_15.jpg,https://sokodress.s3.ap-northeast-2.amazonaws.com/products_image/1089732_16.jpg,https://sokodress.s3.ap-northeast-2.amazonaws.com/products_image/1089732_17.jpg,https://sokodress.s3.ap-northeast-2.amazonaws.com/products_image/1089732_18.jpg,https://sokodress.s3.ap-northeast-2.amazonaws.com/products_image/1089732_19.jpg,https://sokodress.s3.ap-northeast-2.amazonaws.com/products_image/1089732_20.jpg,https://sokodress.s3.ap-northeast-2.amazonaws.com/products_image/1089732_21.jpg,https://sokodress.s3.ap-northeast-2.amazonaws.com/products_image/1089732_22.jpg,https://sokodress.s3.ap-northeast-2.amazonaws.com/products_image/1089732_23.jpg,https://sokodress.s3.ap-northeast-2.amazonaws.com/products_image/1089732_24.jpg,https://sokodress.s3.ap-northeast-2.amazonaws.com/products_image/1089732_25.jpg,https://sokodress.s3.ap-northeast-2.amazonaws.com/products_image/1089732_26.jpg,https://sokodress.s3.ap-northeast-2.amazonaws.com/products_image/1089732_27.jpg,https://sokodress.s3.ap-northeast-2.amazonaws.com/products_image/1089732_28.jpg,https://sokodress.s3.ap-northeast-2.amazonaws.com/products_image/1089732_29.jpg,https://sokodress.s3.ap-northeast-2.amazonaws.com/products_image/1089732_30.jpg,https://sokodress.s3.ap-northeast-2.amazonaws.com/products_image/1089732_31.jpg,https://sokodress.s3.ap-northeast-2.amazonaws.com/products_image/1089732_32.jpg,https://sokodress.s3.ap-northeast-2.amazonaws.com/products_image/1089732_33.jpg,https://sokodress.s3.ap-northeast-2.amazonaws.com/products_image/1089732_34.jpg",캐주얼,총장 50cm/ 어깨 45cm/ 가슴 58cm/ 소매 56cm,겉지: 나일론100/ 속지: 폴리100/ 충전재: 솜80 오리털20,없음,없음,전체안감,기본핏,"BLACK,CREAM,KHAKI",http://www.ddmmarket.co.kr/Prod?m=S&c=D3I1300101
해커,동대문,디오트,DOT-3-I-13,TEL : 02-2117-4802 (HP : 010-7189-8216),113,43,1076752,컴팩트JK,OUTER,WOMEN,아우터,자켓,26000,대한민국,"https://sokodress.s3.ap-northeast-2.amazonaws.com/products_image/1076752_0.jpg,https://sokodress.s3.ap-northeast-2.amazonaws.com/products_image/1076752_1.jpg,https://sokodress.s3.ap-northeast-2.amazonaws.com/products_image/1076752_2.jpg,https://sokodress.s3.ap-northeast-2.amazonaws.com/products_image/1076752_3.jpg,https://sokodress.s3.ap-northeast-2.amazonaws.com/products_image/1076752_4.jpg,https://sokodress.s3.ap-northeast-2.amazonaws.com/products_image/1076752_5.jpg,https://sokodress.s3.ap-northeast-2.amazonaws.com/products_image/1076752_6.jpg,https://sokodress.s3.ap-northeast-2.amazonaws.com/products_image/1076752_7.jpg,https://sokodress.s3.ap-northeast-2.amazonaws.com/products_image/1076752_8.jpg,https://sokodress.s3.ap-northeast-2.amazonaws.com/products_image/1076752_9.jpg,https://sokodress.s3.ap-northeast-2.amazonaws.com/products_image/1076752_10.jpg,https://sokodress.s3.ap-northeast-2.amazonaws.com/products_image/1076752_11.jpg,https://sokodress.s3.ap-northeast-2.amazonaws.com/products_image/1076752_12.jpg,https://sokodress.s3.ap-northeast-2.amazonaws.com/products_image/1076752_13.jpg,https://sokodress.s3.ap-northeast-2.amazonaws.com/products_image/1076752_14.jpg,https://sokodress.s3.ap-northeast-2.amazonaws.com/products_image/1076752_15.jpg,https://sokodress.s3.ap-northeast-2.amazonaws.com/products_image/1076752_16.jpg,https://sokodress.s3.ap-northeast-2.amazonaws.com/products_image/1076752_17.jpg,https://sokodress.s3.ap-northeast-2.amazonaws.com/products_image/1076752_18.jpg,https://sokodress.s3.ap-northeast-2.amazonaws.com/products_image/1076752_19.jpg,https://sokodress.s3.ap-northeast-2.amazonaws.com/products_image/1076752_20.jpg,https://sokodress.s3.ap-northeast-2.amazonaws.com/products_image/1076752_21.jpg,https://sokodress.s3.ap-northeast-2.amazonaws.com/products_image/1076752_22.jpg,https://sokodress.s3.ap-northeast-2.amazonaws.com/products_image/1076752_23.jpg,https://sokodress.s3.ap-northeast-2.amazonaws.com/products_image/1076752_24.jpg,https://sokodress.s3.ap-northeast-2.amazonaws.com/products_image/1076752_25.jpg,https://sokodress.s3.ap-northeast-2.amazonaws.com/products_image/1076752_26.jpg,https://sokodress.s3.ap-northeast-2.amazonaws.com/products_image/1076752_27.jpg",캐주얼,총장 48cm/ 어깨 39cm/ 가슴 45cm/ 소매 26cm,레이온68 폴리32,없음,없음,없음,기본핏,"BEIGE,CHESTNUTBROWN",http://www.ddmmarket.co.kr/Prod?m=S&c=D3I1300101
해커,동대문,디오트,DOT-3-I-13,TEL : 02-2117-4802 (HP : 010-7189-8216),113,43,1076252,하겐JK,OUTER,WOMEN,아우터,자켓,44000,대한민국,"https://sokodress.s3.ap-northeast-2.amazonaws.com/products_image/1076252_0.jpg,https://sokodress.s3.ap-northeast-2.amazonaws.com/products_image/1076252_1.jpg,https://sokodress.s3.ap-northeast-2.amazonaws.com/products_image/1076252_2.jpg,https://sokodress.s3.ap-northeast-2.amazonaws.com/products_image/1076252_3.jpg,https://sokodress.s3.ap-northeast-2.amazonaws.com/products_image/1076252_4.jpg,https://sokodress.s3.ap-northeast-2.amazonaws.com/products_image/1076252_5.jpg,https://sokodress.s3.ap-northeast-2.amazonaws.com/products_image/1076252_6.jpg,https://sokodress.s3.ap-northeast-2.amazonaws.com/products_image/1076252_7.jpg,https://sokodress.s3.ap-northeast-2.amazonaws.com/products_image/1076252_8.jpg,https://sokodress.s3.ap-northeast-2.amazonaws.com/products_image/1076252_9.jpg,https://sokodress.s3.ap-northeast-2.amazonaws.com/products_image/1076252_10.jpg,https://sokodress.s3.ap-northeast-2.amazonaws.com/products_image/1076252_11.jpg,https://sokodress.s3.ap-northeast-2.amazonaws.com/products_image/1076252_12.jpg,https://sokodress.s3.ap-northeast-2.amazonaws.com/products_image/1076252_13.jpg,https://sokodress.s3.ap-northeast-2.amazonaws.com/products_image/1076252_14.jpg,https://sokodress.s3.ap-northeast-2.amazonaws.com/products_image/1076252_15.jpg,https://sokodress.s3.ap-northeast-2.amazonaws.com/products_image/1076252_16.jpg,https://sokodress.s3.ap-northeast-2.amazonaws.com/products_image/1076252_17.jpg,https://sokodress.s3.ap-northeast-2.amazonaws.com/products_image/1076252_18.jpg,https://sokodress.s3.ap-northeast-2.amazonaws.com/products_image/1076252_19.jpg,https://sokodress.s3.ap-northeast-2.amazonaws.com/products_image/1076252_20.jpg,https://sokodress.s3.ap-northeast-2.amazonaws.com/products_image/1076252_21.jpg",캐주얼,총장 75cm/ 어깨 42cm/ 가슴 54cm/ 소매 60cm,폴리51 레이온47 스판2,없음,없음,부분안감,기본핏,"BEIGE,BLACK",http://www.ddmmarket.co.kr/Prod?m=S&c=D3I1300101
해커,동대문,디오트,DOT-3-I-13,TEL : 02-2117-4802 (HP : 010-7189-8216),113,43,1076067,로우JP,OUTER,WOMEN,아우터,패딩/점퍼,26000,대한민국,"https://sokodress.s3.ap-northeast-2.amazonaws.com/products_image/1076067_0.jpg,https://sokodress.s3.ap-northeast-2.amazonaws.com/products_image/1076067_1.jpg,https://sokodress.s3.ap-northeast-2.amazonaws.com/products_image/1076067_2.jpg,https://sokodress.s3.ap-northeast-2.amazonaws.com/products_image/1076067_3.jpg,https://sokodress.s3.ap-northeast-2.amazonaws.com/products_image/1076067_4.jpg,https://sokodress.s3.ap-northeast-2.amazonaws.com/products_image/1076067_5.jpg,https://sokodress.s3.ap-northeast-2.amazonaws.com/products_image/1076067_6.jpg,https://sokodress.s3.ap-northeast-2.amazonaws.com/products_image/1076067_7.jpg,https://sokodress.s3.ap-northeast-2.amazonaws.com/products_image/1076067_8.jpg,https://sokodress.s3.ap-northeast-2.amazonaws.com/products_image/1076067_9.jpg,https://sokodress.s3.ap-northeast-2.amazonaws.com/products_image/1076067_10.jpg,https://sokodress.s3.ap-northeast-2.amazonaws.com/products_image/1076067_11.jpg,https://sokodress.s3.ap-northeast-2.amazonaws.com/products_image/1076067_12.jpg,https://sokodress.s3.ap-northeast-2.amazonaws.com/products_image/1076067_13.jpg,https://sokodress.s3.ap-northeast-2.amazonaws.com/products_image/1076067_14.jpg,https://sokodress.s3.ap-northeast-2.amazonaws.com/products_image/1076067_15.jpg,https://sokodress.s3.ap-northeast-2.amazonaws.com/products_image/1076067_16.jpg,https://sokodress.s3.ap-northeast-2.amazonaws.com/products_image/1076067_17.jpg,https://sokodress.s3.ap-northeast-2.amazonaws.com/products_image/1076067_18.jpg,https://sokodress.s3.ap-northeast-2.amazonaws.com/products_image/1076067_19.jpg",캐주얼,총장 53cm/ 가슴 66cm/ 어깨소매 77cm,레이온66 나일론34,없음,없음,없음,루즈핏,"BLACK,CREAM",http://www.ddmmarket.co.kr/Prod?m=S&c=D3I1300101
해커,동대문,디오트,DOT-3-I-13,TEL : 02-2117-4802 (HP : 010-7189-8216),113,43,1075035,베이프BBY,OUTER,WOMEN,탑,티/탑,35000,대한민국,"https://sokodress.s3.ap-northeast-2.amazonaws.com/products_image/1075035_0.jpg,https://sokodress.s3.ap-northeast-2.amazonaws.com/products_image/1075035_1.jpg,https://sokodress.s3.ap-northeast-2.amazonaws.com/products_image/1075035_2.jpg,https://sokodress.s3.ap-northeast-2.amazonaws.com/products_image/1075035_3.jpg,https://sokodress.s3.ap-northeast-2.amazonaws.com/products_image/1075035_4.jpg,https://sokodress.s3.ap-northeast-2.amazonaws.com/products_image/1075035_5.jpg,https://sokodress.s3.ap-northeast-2.amazonaws.com/products_image/1075035_6.jpg,https://sokodress.s3.ap-northeast-2.amazonaws.com/products_image/1075035_7.jpg,https://sokodress.s3.ap-northeast-2.amazonaws.com/products_image/1075035_8.jpg,https://sokodress.s3.ap-northeast-2.amazonaws.com/products_image/1075035_9.jpg,https://sokodress.s3.ap-northeast-2.amazonaws.com/products_image/1075035_10.jpg,https://sokodress.s3.ap-northeast-2.amazonaws.com/products_image/1075035_11.jpg,https://sokodress.s3.ap-northeast-2.amazonaws.com/products_image/1075035_12.jpg,https://sokodress.s3.ap-northeast-2.amazonaws.com/products_image/1075035_13.jpg,https://sokodress.s3.ap-northeast-2.amazonaws.com/products_image/1075035_14.jpg,https://sokodress.s3.ap-northeast-2.amazonaws.com/products_image/1075035_15.jpg,https://sokodress.s3.ap-northeast-2.amazonaws.com/products_image/1075035_16.jpg,https://sokodress.s3.ap-northeast-2.amazonaws.com/products_image/1075035_17.jpg,https://sokodress.s3.ap-northeast-2.amazonaws.com/products_image/1075035_18.jpg,https://sokodress.s3.ap-northeast-2.amazonaws.com/products_image/1075035_19.jpg,https://sokodress.s3.ap-northeast-2.amazonaws.com/products_image/1075035_20.jpg,https://sokodress.s3.ap-northeast-2.amazonaws.com/products_image/1075035_21.jpg,https://sokodress.s3.ap-northeast-2.amazonaws.com/products_image/1075035_22.jpg,https://sokodress.s3.ap-northeast-2.amazonaws.com/products_image/1075035_23.jpg,https://sokodress.s3.ap-northeast-2.amazonaws.com/products_image/1075035_24.jpg,https://sokodress.s3.ap-northeast-2.amazonaws.com/products_image/1075035_25.jpg,https://sokodress.s3.ap-northeast-2.amazonaws.com/products_image/1075035_26.jpg",캐주얼,총장 116cm/ 어깨 51cm/ 가슴 64cm/ 소매 58cm,나일론100,없음,없음,없음,루즈핏,"BEIGE,BLACK",http://www.ddmmarket.co.kr/Prod?m=S&c=D3I1300101
해커,동대문,디오트,DOT-3-I-13,TEL : 02-2117-4802 (HP : 010-7189-8216),113,43,1072829,방탄JK,OUTER,WOMEN,아우터,자켓,43000,대한민국,"https://sokodress.s3.ap-northeast-2.amazonaws.com/products_image/1072829_0.jpg,https://sokodress.s3.ap-northeast-2.amazonaws.com/products_image/1072829_1.jpg,https://sokodress.s3.ap-northeast-2.amazonaws.com/products_image/1072829_2.jpg,https://sokodress.s3.ap-northeast-2.amazonaws.com/products_image/1072829_3.jpg,https://sokodress.s3.ap-northeast-2.amazonaws.com/products_image/1072829_4.jpg,https://sokodress.s3.ap-northeast-2.amazonaws.com/products_image/1072829_5.jpg,https://sokodress.s3.ap-northeast-2.amazonaws.com/products_image/1072829_6.jpg,https://sokodress.s3.ap-northeast-2.amazonaws.com/products_image/1072829_7.jpg,https://sokodress.s3.ap-northeast-2.amazonaws.com/products_image/1072829_8.jpg,https://sokodress.s3.ap-northeast-2.amazonaws.com/products_image/1072829_9.jpg,https://sokodress.s3.ap-northeast-2.amazonaws.com/products_image/1072829_10.jpg,https://sokodress.s3.ap-northeast-2.amazonaws.com/products_image/1072829_11.jpg,https://sokodress.s3.ap-northeast-2.amazonaws.com/products_image/1072829_12.jpg,https://sokodress.s3.ap-northeast-2.amazonaws.com/products_image/1072829_13.jpg,https://sokodress.s3.ap-northeast-2.amazonaws.com/products_image/1072829_14.jpg,https://sokodress.s3.ap-northeast-2.amazonaws.com/products_image/1072829_15.jpg,https://sokodress.s3.ap-northeast-2.amazonaws.com/products_image/1072829_16.jpg,https://sokodress.s3.ap-northeast-2.amazonaws.com/products_image/1072829_17.jpg,https://sokodress.s3.ap-northeast-2.amazonaws.com/products_image/1072829_18.jpg,https://sokodress.s3.ap-northeast-2.amazonaws.com/products_image/1072829_19.jpg,https://sokodress.s3.ap-northeast-2.amazonaws.com/products_image/1072829_20.jpg,https://sokodress.s3.ap-northeast-2.amazonaws.com/products_image/1072829_21.jpg,https://sokodress.s3.ap-northeast-2.amazonaws.com/products_image/1072829_22.jpg,https://sokodress.s3.ap-northeast-2.amazonaws.com/products_image/1072829_23.jpg,https://sokodress.s3.ap-northeast-2.amazonaws.com/products_image/1072829_24.jpg,https://sokodress.s3.ap-northeast-2.amazonaws.com/products_image/1072829_25.jpg,https://sokodress.s3.ap-northeast-2.amazonaws.com/products_image/1072829_26.jpg,https://sokodress.s3.ap-northeast-2.amazonaws.com/products_image/1072829_27.jpg,https://sokodress.s3.ap-northeast-2.amazonaws.com/products_image/1072829_28.jpg,https://sokodress.s3.ap-northeast-2.amazonaws.com/products_image/1072829_29.jpg,https://sokodress.s3.ap-northeast-2.amazonaws.com/products_image/1072829_30.jpg,https://sokodress.s3.ap-northeast-2.amazonaws.com/products_image/1072829_31.jpg","캐주얼,어반/모던",총장 74cm/ 어깨 43cm/ 가슴 52cm/ 소매 59cm,폴리94 스판6,없음,없음,전체안감,기본핏,"BLACK,CREAM",http://www.ddmmarket.co.kr/Prod?m=S&c=D3I1300101
해커,동대문,디오트,DOT-3-I-13,TEL : 02-2117-4802 (HP : 010-7189-8216),113,43,1066480,스콘롱패딩,OUTER,WOMEN,아우터,패딩/점퍼,33000,중국,"https://sokodress.s3.ap-northeast-2.amazonaws.com/products_image/1066480_0.jpg,https://sokodress.s3.ap-northeast-2.amazonaws.com/products_image/1066480_1.jpg,https://sokodress.s3.ap-northeast-2.amazonaws.com/products_image/1066480_2.jpg,https://sokodress.s3.ap-northeast-2.amazonaws.com/products_image/1066480_3.jpg,https://sokodress.s3.ap-northeast-2.amazonaws.com/products_image/1066480_4.jpg,https://sokodress.s3.ap-northeast-2.amazonaws.com/products_image/1066480_5.jpg,https://sokodress.s3.ap-northeast-2.amazonaws.com/products_image/1066480_6.jpg,https://sokodress.s3.ap-northeast-2.amazonaws.com/products_image/1066480_7.jpg,https://sokodress.s3.ap-northeast-2.amazonaws.com/products_image/1066480_8.jpg,https://sokodress.s3.ap-northeast-2.amazonaws.com/products_image/1066480_9.jpg,https://sokodress.s3.ap-northeast-2.amazonaws.com/products_image/1066480_10.jpg,https://sokodress.s3.ap-northeast-2.amazonaws.com/products_image/1066480_11.jpg,https://sokodress.s3.ap-northeast-2.amazonaws.com/products_image/1066480_12.jpg,https://sokodress.s3.ap-northeast-2.amazonaws.com/products_image/1066480_13.jpg,https://sokodress.s3.ap-northeast-2.amazonaws.com/products_image/1066480_14.jpg,https://sokodress.s3.ap-northeast-2.amazonaws.com/products_image/1066480_15.jpg,https://sokodress.s3.ap-northeast-2.amazonaws.com/products_image/1066480_16.jpg,https://sokodress.s3.ap-northeast-2.amazonaws.com/products_image/1066480_17.jpg,https://sokodress.s3.ap-northeast-2.amazonaws.com/products_image/1066480_18.jpg,https://sokodress.s3.ap-northeast-2.amazonaws.com/products_image/1066480_19.jpg,https://sokodress.s3.ap-northeast-2.amazonaws.com/products_image/1066480_20.jpg,https://sokodress.s3.ap-northeast-2.amazonaws.com/products_image/1066480_21.jpg,https://sokodress.s3.ap-northeast-2.amazonaws.com/products_image/1066480_22.jpg,https://sokodress.s3.ap-northeast-2.amazonaws.com/products_image/1066480_23.jpg,https://sokodress.s3.ap-northeast-2.amazonaws.com/products_image/1066480_24.jpg,https://sokodress.s3.ap-northeast-2.amazonaws.com/products_image/1066480_25.jpg,https://sokodress.s3.ap-northeast-2.amazonaws.com/products_image/1066480_26.jpg,https://sokodress.s3.ap-northeast-2.amazonaws.com/products_image/1066480_27.jpg,https://sokodress.s3.ap-northeast-2.amazonaws.com/products_image/1066480_28.jpg",캐주얼,총장 104cm/ 가슴 67cm/ 어깨소매 74cm,겉:나일론100/속:폴리100/충전제:솜100,없음,없음,없음,기본핏,"BEIGE,KHAKI",http://www.ddmmarket.co.kr/Prod?m=S&c=D3I1300101
해커,동대문,디오트,DOT-3-I-13,TEL : 02-2117-4802 (HP : 010-7189-8216),113,43,1063976,배색가디간,OUTER,WOMEN,아우터,가디건,15000,중국,"https://sokodress.s3.ap-northeast-2.amazonaws.com/products_image/1063976_0.jpg,https://sokodress.s3.ap-northeast-2.amazonaws.com/products_image/1063976_1.jpg,https://sokodress.s3.ap-northeast-2.amazonaws.com/products_image/1063976_2.jpg,https://sokodress.s3.ap-northeast-2.amazonaws.com/products_image/1063976_3.jpg,https://sokodress.s3.ap-northeast-2.amazonaws.com/products_image/1063976_4.jpg,https://sokodress.s3.ap-northeast-2.amazonaws.com/products_image/1063976_5.jpg,https://sokodress.s3.ap-northeast-2.amazonaws.com/products_image/1063976_6.jpg,https://sokodress.s3.ap-northeast-2.amazonaws.com/products_image/1063976_7.jpg,https://sokodress.s3.ap-northeast-2.amazonaws.com/products_image/1063976_8.jpg,https://sokodress.s3.ap-northeast-2.amazonaws.com/products_image/1063976_9.jpg,https://sokodress.s3.ap-northeast-2.amazonaws.com/products_image/1063976_10.jpg,https://sokodress.s3.ap-northeast-2.amazonaws.com/products_image/1063976_11.jpg,https://sokodress.s3.ap-northeast-2.amazonaws.com/products_image/1063976_12.jpg,https://sokodress.s3.ap-northeast-2.amazonaws.com/products_image/1063976_13.jpg,https://sokodress.s3.ap-northeast-2.amazonaws.com/products_image/1063976_14.jpg,https://sokodress.s3.ap-northeast-2.amazonaws.com/products_image/1063976_15.jpg,https://sokodress.s3.ap-northeast-2.amazonaws.com/products_image/1063976_16.jpg,https://sokodress.s3.ap-northeast-2.amazonaws.com/products_image/1063976_17.jpg,https://sokodress.s3.ap-northeast-2.amazonaws.com/products_image/1063976_18.jpg",캐주얼,총장 54cm/ 가슴 52cm/ 어깨소매72 cm,나일론80 양모20,없음,좋음,없음,기본핏,"BLACK,CAMEL,CREAM",http://www.ddmmarket.co.kr/Prod?m=S&c=D3I1300101
해커,동대문,디오트,DOT-3-I-13,TEL : 02-2117-4802 (HP : 010-7189-8216),113,43,1095453,HS-130폼폼JP,TOP & TEE,WOMEN,아우터,패딩/점퍼,17000,중국,"https://sokodress.s3.ap-northeast-2.amazonaws.com/products_image/1095453_0.jpg,https://sokodress.s3.ap-northeast-2.amazonaws.com/products_image/1095453_1.jpg,https://sokodress.s3.ap-northeast-2.amazonaws.com/products_image/1095453_2.jpg,https://sokodress.s3.ap-northeast-2.amazonaws.com/products_image/1095453_3.jpg,https://sokodress.s3.ap-northeast-2.amazonaws.com/products_image/1095453_4.jpg,https://sokodress.s3.ap-northeast-2.amazonaws.com/products_image/1095453_5.jpg,https://sokodress.s3.ap-northeast-2.amazonaws.com/products_image/1095453_6.jpg,https://sokodress.s3.ap-northeast-2.amazonaws.com/products_image/1095453_7.jpg,https://sokodress.s3.ap-northeast-2.amazonaws.com/products_image/1095453_8.jpg,https://sokodress.s3.ap-northeast-2.amazonaws.com/products_image/1095453_9.jpg,https://sokodress.s3.ap-northeast-2.amazonaws.com/products_image/1095453_10.jpg,https://sokodress.s3.ap-northeast-2.amazonaws.com/products_image/1095453_11.jpg,https://sokodress.s3.ap-northeast-2.amazonaws.com/products_image/1095453_12.jpg,https://sokodress.s3.ap-northeast-2.amazonaws.com/products_image/1095453_13.jpg,https://sokodress.s3.ap-northeast-2.amazonaws.com/products_image/1095453_14.jpg,https://sokodress.s3.ap-northeast-2.amazonaws.com/products_image/1095453_15.jpg,https://sokodress.s3.ap-northeast-2.amazonaws.com/products_image/1095453_16.jpg,https://sokodress.s3.ap-northeast-2.amazonaws.com/products_image/1095453_17.jpg,https://sokodress.s3.ap-northeast-2.amazonaws.com/products_image/1095453_18.jpg,https://sokodress.s3.ap-northeast-2.amazonaws.com/products_image/1095453_19.jpg,https://sokodress.s3.ap-northeast-2.amazonaws.com/products_image/1095453_20.jpg,https://sokodress.s3.ap-northeast-2.amazonaws.com/products_image/1095453_21.jpg,https://sokodress.s3.ap-northeast-2.amazonaws.com/products_image/1095453_22.jpg,https://sokodress.s3.ap-northeast-2.amazonaws.com/products_image/1095453_23.jpg,https://sokodress.s3.ap-northeast-2.amazonaws.com/products_image/1095453_24.jpg",캐주얼,총장 52cm/ 어깨 56cm/ 가슴 56cm/ 소매 54cm,면75 폴리25,없음,좋음,없음,기본핏,"CREAM,GRAY,MINT",http://www.ddmmarket.co.kr/Prod?m=S&c=D3I1300101
해커,동대문,디오트,DOT-3-I-13,TEL : 02-2117-4802 (HP : 010-7189-8216),113,43,1077972,메이린넨T,TOP & TEE,WOMEN,탑,티/탑,7000,대한민국,"https://sokodress.s3.ap-northeast-2.amazonaws.com/products_image/1077972_0.jpg,https://sokodress.s3.ap-northeast-2.amazonaws.com/products_image/1077972_1.jpg,https://sokodress.s3.ap-northeast-2.amazonaws.com/products_image/1077972_2.jpg,https://sokodress.s3.ap-northeast-2.amazonaws.com/products_image/1077972_3.jpg,https://sokodress.s3.ap-northeast-2.amazonaws.com/products_image/1077972_4.jpg,https://sokodress.s3.ap-northeast-2.amazonaws.com/products_image/1077972_5.jpg,https://sokodress.s3.ap-northeast-2.amazonaws.com/products_image/1077972_6.jpg,https://sokodress.s3.ap-northeast-2.amazonaws.com/products_image/1077972_7.jpg,https://sokodress.s3.ap-northeast-2.amazonaws.com/products_image/1077972_8.jpg,https://sokodress.s3.ap-northeast-2.amazonaws.com/products_image/1077972_9.jpg,https://sokodress.s3.ap-northeast-2.amazonaws.com/products_image/1077972_10.jpg,https://sokodress.s3.ap-northeast-2.amazonaws.com/products_image/1077972_11.jpg,https://sokodress.s3.ap-northeast-2.amazonaws.com/products_image/1077972_12.jpg,https://sokodress.s3.ap-northeast-2.amazonaws.com/products_image/1077972_13.jpg,https://sokodress.s3.ap-northeast-2.amazonaws.com/products_image/1077972_14.jpg,https://sokodress.s3.ap-northeast-2.amazonaws.com/products_image/1077972_15.jpg",캐주얼,총장 68cm/ 어깨 43cm/ 가슴 48cm/ 소매 24cm,린넨60 레이온40,없음,좋음,없음,기본핏,"BEIGE,BLACK,IVORY,SKYBLUE",http://www.ddmmarket.co.kr/Prod?m=S&c=D3I1300101
해커,동대문,디오트,DOT-3-I-13,TEL : 02-2117-4802 (HP : 010-7189-8216),113,43,1076751,슈가끈나시,TOP & TEE,WOMEN,탑,티/탑,7000,대한민국,"https://sokodress.s3.ap-northeast-2.amazonaws.com/products_image/1076751_0.jpg,https://sokodress.s3.ap-northeast-2.amazonaws.com/products_image/1076751_1.jpg,https://sokodress.s3.ap-northeast-2.amazonaws.com/products_image/1076751_2.jpg,https://sokodress.s3.ap-northeast-2.amazonaws.com/products_image/1076751_3.jpg,https://sokodress.s3.ap-northeast-2.amazonaws.com/products_image/1076751_4.jpg,https://sokodress.s3.ap-northeast-2.amazonaws.com/products_image/1076751_5.jpg,https://sokodress.s3.ap-northeast-2.amazonaws.com/products_image/1076751_6.jpg,https://sokodress.s3.ap-northeast-2.amazonaws.com/products_image/1076751_7.jpg,https://sokodress.s3.ap-northeast-2.amazonaws.com/products_image/1076751_8.jpg,https://sokodress.s3.ap-northeast-2.amazonaws.com/products_image/1076751_9.jpg,https://sokodress.s3.ap-northeast-2.amazonaws.com/products_image/1076751_10.jpg,https://sokodress.s3.ap-northeast-2.amazonaws.com/products_image/1076751_11.jpg",캐주얼,총장 58cm/ 어깨 31cm/ 가슴 46cm,레이온81 나일론19,없음,없음,없음,기본핏,"BEIGE,BLACK,IVORY",http://www.ddmmarket.co.kr/Prod?m=S&c=D3I1300101
해커,동대문,디오트,DOT-3-I-13,TEL : 02-2117-4802 (HP : 010-7189-8216),113,43,1093955,하코카라BL,BLOUSE,WOMEN,탑,블라우스,16000,대한민국,"https://sokodress.s3.ap-northeast-2.amazonaws.com/products_image/1093955_0.jpg,https://sokodress.s3.ap-northeast-2.amazonaws.com/products_image/1093955_1.jpg,https://sokodress.s3.ap-northeast-2.amazonaws.com/products_image/1093955_2.jpg,https://sokodress.s3.ap-northeast-2.amazonaws.com/products_image/1093955_3.jpg,https://sokodress.s3.ap-northeast-2.amazonaws.com/products_image/1093955_4.jpg,https://sokodress.s3.ap-northeast-2.amazonaws.com/products_image/1093955_5.jpg,https://sokodress.s3.ap-northeast-2.amazonaws.com/products_image/1093955_6.jpg,https://sokodress.s3.ap-northeast-2.amazonaws.com/products_image/1093955_7.jpg,https://sokodress.s3.ap-northeast-2.amazonaws.com/products_image/1093955_8.jpg,https://sokodress.s3.ap-northeast-2.amazonaws.com/products_image/1093955_9.jpg,https://sokodress.s3.ap-northeast-2.amazonaws.com/products_image/1093955_10.jpg,https://sokodress.s3.ap-northeast-2.amazonaws.com/products_image/1093955_11.jpg,https://sokodress.s3.ap-northeast-2.amazonaws.com/products_image/1093955_12.jpg,https://sokodress.s3.ap-northeast-2.amazonaws.com/products_image/1093955_13.jpg,https://sokodress.s3.ap-northeast-2.amazonaws.com/products_image/1093955_14.jpg,https://sokodress.s3.ap-northeast-2.amazonaws.com/products_image/1093955_15.jpg,https://sokodress.s3.ap-northeast-2.amazonaws.com/products_image/1093955_16.jpg,https://sokodress.s3.ap-northeast-2.amazonaws.com/products_image/1093955_17.jpg,https://sokodress.s3.ap-northeast-2.amazonaws.com/products_image/1093955_18.jpg,https://sokodress.s3.ap-northeast-2.amazonaws.com/products_image/1093955_19.jpg",캐주얼,총장 60cm/ 어깨 35cm/ 가슴 52cm/ 소매 62cm,면100,없음,없음,없음,기본핏,IVORY,http://www.ddmmarket.co.kr/Prod?m=S&c=D3I1300101
해커,동대문,디오트,DOT-3-I-13,TEL : 02-2117-4802 (HP : 010-7189-8216),113,43,1090935,달리BL,BLOUSE,WOMEN,탑,블라우스,16000,대한민국,"https://sokodress.s3.ap-northeast-2.amazonaws.com/products_image/1090935_0.jpg,https://sokodress.s3.ap-northeast-2.amazonaws.com/products_image/1090935_1.jpg,https://sokodress.s3.ap-northeast-2.amazonaws.com/products_image/1090935_2.jpg,https://sokodress.s3.ap-northeast-2.amazonaws.com/products_image/1090935_3.jpg,https://sokodress.s3.ap-northeast-2.amazonaws.com/products_image/1090935_4.jpg,https://sokodress.s3.ap-northeast-2.amazonaws.com/products_image/1090935_5.jpg,https://sokodress.s3.ap-northeast-2.amazonaws.com/products_image/1090935_6.jpg,https://sokodress.s3.ap-northeast-2.amazonaws.com/products_image/1090935_7.jpg,https://sokodress.s3.ap-northeast-2.amazonaws.com/products_image/1090935_8.jpg,https://sokodress.s3.ap-northeast-2.amazonaws.com/products_image/1090935_9.jpg,https://sokodress.s3.ap-northeast-2.amazonaws.com/products_image/1090935_10.jpg,https://sokodress.s3.ap-northeast-2.amazonaws.com/products_image/1090935_11.jpg,https://sokodress.s3.ap-northeast-2.amazonaws.com/products_image/1090935_12.jpg,https://sokodress.s3.ap-northeast-2.amazonaws.com/products_image/1090935_13.jpg,https://sokodress.s3.ap-northeast-2.amazonaws.com/products_image/1090935_14.jpg,https://sokodress.s3.ap-northeast-2.amazonaws.com/products_image/1090935_15.jpg,https://sokodress.s3.ap-northeast-2.amazonaws.com/products_image/1090935_16.jpg,https://sokodress.s3.ap-northeast-2.amazonaws.com/products_image/1090935_17.jpg,https://sokodress.s3.ap-northeast-2.amazonaws.com/products_image/1090935_18.jpg,https://sokodress.s3.ap-northeast-2.amazonaws.com/products_image/1090935_19.jpg",캐주얼,총장 61cm/ 어깨 37cm/ 가슴 59cm/ 소매 60cm,면100,없음,없음,없음,기본핏,"CREAM,YELLOW",http://www.ddmmarket.co.kr/Prod?m=S&c=D3I1300101
해커,동대문,디오트,DOT-3-I-13,TEL : 02-2117-4802 (HP : 010-7189-8216),113,43,1089740,런던쇼트NB,BLOUSE,WOMEN,탑,셔츠/남방,17000,대한민국,"https://sokodress.s3.ap-northeast-2.amazonaws.com/products_image/1089740_0.jpg,https://sokodress.s3.ap-northeast-2.amazonaws.com/products_image/1089740_1.jpg,https://sokodress.s3.ap-northeast-2.amazonaws.com/products_image/1089740_2.jpg,https://sokodress.s3.ap-northeast-2.amazonaws.com/products_image/1089740_3.jpg,https://sokodress.s3.ap-northeast-2.amazonaws.com/products_image/1089740_4.jpg,https://sokodress.s3.ap-northeast-2.amazonaws.com/products_image/1089740_5.jpg,https://sokodress.s3.ap-northeast-2.amazonaws.com/products_image/1089740_6.jpg,https://sokodress.s3.ap-northeast-2.amazonaws.com/products_image/1089740_7.jpg,https://sokodress.s3.ap-northeast-2.amazonaws.com/products_image/1089740_8.jpg,https://sokodress.s3.ap-northeast-2.amazonaws.com/products_image/1089740_9.jpg,https://sokodress.s3.ap-northeast-2.amazonaws.com/products_image/1089740_10.jpg,https://sokodress.s3.ap-northeast-2.amazonaws.com/products_image/1089740_11.jpg,https://sokodress.s3.ap-northeast-2.amazonaws.com/products_image/1089740_12.jpg,https://sokodress.s3.ap-northeast-2.amazonaws.com/products_image/1089740_13.jpg,https://sokodress.s3.ap-northeast-2.amazonaws.com/products_image/1089740_14.jpg,https://sokodress.s3.ap-northeast-2.amazonaws.com/products_image/1089740_15.jpg,https://sokodress.s3.ap-northeast-2.amazonaws.com/products_image/1089740_16.jpg,https://sokodress.s3.ap-northeast-2.amazonaws.com/products_image/1089740_17.jpg,https://sokodress.s3.ap-northeast-2.amazonaws.com/products_image/1089740_18.jpg,https://sokodress.s3.ap-northeast-2.amazonaws.com/products_image/1089740_19.jpg",캐주얼,총장 52cm/ 가슴 77cm/ 어깨소매 72cm,면100,없음,없음,없음,루즈핏,"CREAM,GRAYBEIGE,KHAKI",http://www.ddmmarket.co.kr/Prod?m=S&c=D3I1300101
해커,동대문,디오트,DOT-3-I-13,TEL : 02-2117-4802 (HP : 010-7189-8216),113,43,1084532,라이크BL,BLOUSE,WOMEN,탑,블라우스,18000,대한민국,"https://sokodress.s3.ap-northeast-2.amazonaws.com/products_image/1084532_0.jpg,https://sokodress.s3.ap-northeast-2.amazonaws.com/products_image/1084532_1.jpg,https://sokodress.s3.ap-northeast-2.amazonaws.com/products_image/1084532_2.jpg,https://sokodress.s3.ap-northeast-2.amazonaws.com/products_image/1084532_3.jpg,https://sokodress.s3.ap-northeast-2.amazonaws.com/products_image/1084532_4.jpg,https://sokodress.s3.ap-northeast-2.amazonaws.com/products_image/1084532_5.jpg,https://sokodress.s3.ap-northeast-2.amazonaws.com/products_image/1084532_6.jpg,https://sokodress.s3.ap-northeast-2.amazonaws.com/products_image/1084532_7.jpg,https://sokodress.s3.ap-northeast-2.amazonaws.com/products_image/1084532_8.jpg,https://sokodress.s3.ap-northeast-2.amazonaws.com/products_image/1084532_9.jpg,https://sokodress.s3.ap-northeast-2.amazonaws.com/products_image/1084532_10.jpg,https://sokodress.s3.ap-northeast-2.amazonaws.com/products_image/1084532_11.jpg,https://sokodress.s3.ap-northeast-2.amazonaws.com/products_image/1084532_12.jpg,https://sokodress.s3.ap-northeast-2.amazonaws.com/products_image/1084532_13.jpg,https://sokodress.s3.ap-northeast-2.amazonaws.com/products_image/1084532_14.jpg,https://sokodress.s3.ap-northeast-2.amazonaws.com/products_image/1084532_15.jpg,https://sokodress.s3.ap-northeast-2.amazonaws.com/products_image/1084532_16.jpg,https://sokodress.s3.ap-northeast-2.amazonaws.com/products_image/1084532_17.jpg,https://sokodress.s3.ap-northeast-2.amazonaws.com/products_image/1084532_18.jpg,https://sokodress.s3.ap-northeast-2.amazonaws.com/products_image/1084532_19.jpg,https://sokodress.s3.ap-northeast-2.amazonaws.com/products_image/1084532_20.jpg,https://sokodress.s3.ap-northeast-2.amazonaws.com/products_image/1084532_21.jpg,https://sokodress.s3.ap-northeast-2.amazonaws.com/products_image/1084532_22.jpg",캐주얼,총장 64cm/ 어깨 40cm/ 가슴 50cm/ 소매 57cm,레이온80 나일론20,없음,없음,없음,기본핏,"BEIGE,BLACK,MOCCA",http://www.ddmmarket.co.kr/Prod?m=S&c=D3I1300101
해커,동대문,디오트,DOT-3-I-13,TEL : 02-2117-4802 (HP : 010-7189-8216),113,43,1081891,루이셔츠,BLOUSE,WOMEN,탑,셔츠/남방,15000,대한민국,"https://sokodress.s3.ap-northeast-2.amazonaws.com/products_image/1081891_0.jpg,https://sokodress.s3.ap-northeast-2.amazonaws.com/products_image/1081891_1.jpg,https://sokodress.s3.ap-northeast-2.amazonaws.com/products_image/1081891_2.jpg,https://sokodress.s3.ap-northeast-2.amazonaws.com/products_image/1081891_3.jpg,https://sokodress.s3.ap-northeast-2.amazonaws.com/products_image/1081891_4.jpg,https://sokodress.s3.ap-northeast-2.amazonaws.com/products_image/1081891_5.jpg,https://sokodress.s3.ap-northeast-2.amazonaws.com/products_image/1081891_6.jpg,https://sokodress.s3.ap-northeast-2.amazonaws.com/products_image/1081891_7.jpg,https://sokodress.s3.ap-northeast-2.amazonaws.com/products_image/1081891_8.jpg,https://sokodress.s3.ap-northeast-2.amazonaws.com/products_image/1081891_9.jpg,https://sokodress.s3.ap-northeast-2.amazonaws.com/products_image/1081891_10.jpg,https://sokodress.s3.ap-northeast-2.amazonaws.com/products_image/1081891_11.jpg,https://sokodress.s3.ap-northeast-2.amazonaws.com/products_image/1081891_12.jpg,https://sokodress.s3.ap-northeast-2.amazonaws.com/products_image/1081891_13.jpg,https://sokodress.s3.ap-northeast-2.amazonaws.com/products_image/1081891_14.jpg,https://sokodress.s3.ap-northeast-2.amazonaws.com/products_image/1081891_15.jpg,https://sokodress.s3.ap-northeast-2.amazonaws.com/products_image/1081891_16.jpg,https://sokodress.s3.ap-northeast-2.amazonaws.com/products_image/1081891_17.jpg,https://sokodress.s3.ap-northeast-2.amazonaws.com/products_image/1081891_18.jpg,https://sokodress.s3.ap-northeast-2.amazonaws.com/products_image/1081891_19.jpg,https://sokodress.s3.ap-northeast-2.amazonaws.com/products_image/1081891_20.jpg",캐주얼,총장 54cm/ 어깨 57cm/ 가슴 56cm,나일론52 면43 스판5,없음,없음,없음,기본핏,"BEIGE,IVORY,NAVY",http://www.ddmmarket.co.kr/Prod?m=S&c=D3I1300101
해커,동대문,디오트,DOT-3-I-13,TEL : 02-2117-4802 (HP : 010-7189-8216),113,43,1078479,세미NB,BLOUSE,WOMEN,탑,셔츠/남방,15000,대한민국,"https://sokodress.s3.ap-northeast-2.amazonaws.com/products_image/1078479_0.jpg,https://sokodress.s3.ap-northeast-2.amazonaws.com/products_image/1078479_1.jpg,https://sokodress.s3.ap-northeast-2.amazonaws.com/products_image/1078479_2.jpg,https://sokodress.s3.ap-northeast-2.amazonaws.com/products_image/1078479_3.jpg,https://sokodress.s3.ap-northeast-2.amazonaws.com/products_image/1078479_4.jpg,https://sokodress.s3.ap-northeast-2.amazonaws.com/products_image/1078479_5.jpg,https://sokodress.s3.ap-northeast-2.amazonaws.com/products_image/1078479_6.jpg,https://sokodress.s3.ap-northeast-2.amazonaws.com/products_image/1078479_7.jpg,https://sokodress.s3.ap-northeast-2.amazonaws.com/products_image/1078479_8.jpg,https://sokodress.s3.ap-northeast-2.amazonaws.com/products_image/1078479_9.jpg,https://sokodress.s3.ap-northeast-2.amazonaws.com/products_image/1078479_10.jpg,https://sokodress.s3.ap-northeast-2.amazonaws.com/products_image/1078479_11.jpg,https://sokodress.s3.ap-northeast-2.amazonaws.com/products_image/1078479_12.jpg,https://sokodress.s3.ap-northeast-2.amazonaws.com/products_image/1078479_13.jpg,https://sokodress.s3.ap-northeast-2.amazonaws.com/products_image/1078479_14.jpg,https://sokodress.s3.ap-northeast-2.amazonaws.com/products_image/1078479_15.jpg,https://sokodress.s3.ap-northeast-2.amazonaws.com/products_image/1078479_16.jpg,https://sokodress.s3.ap-northeast-2.amazonaws.com/products_image/1078479_17.jpg,https://sokodress.s3.ap-northeast-2.amazonaws.com/products_image/1078479_18.jpg",캐주얼,총장 65cm/ 어깨 43cm/ 가슴 52cm/ 소매 26cm,면100,없음,좋음,없음,기본핏,"IVORY,SKYBLUE",http://www.ddmmarket.co.kr/Prod?m=S&c=D3I1300101
해커,동대문,디오트,DOT-3-I-13,TEL : 02-2117-4802 (HP : 010-7189-8216),113,43,1075546,에코BL,BLOUSE,WOMEN,탑,블라우스,14000,대한민국,"https://sokodress.s3.ap-northeast-2.amazonaws.com/products_image/1075546_0.jpg,https://sokodress.s3.ap-northeast-2.amazonaws.com/products_image/1075546_1.jpg,https://sokodress.s3.ap-northeast-2.amazonaws.com/products_image/1075546_2.jpg,https://sokodress.s3.ap-northeast-2.amazonaws.com/products_image/1075546_3.jpg,https://sokodress.s3.ap-northeast-2.amazonaws.com/products_image/1075546_4.jpg,https://sokodress.s3.ap-northeast-2.amazonaws.com/products_image/1075546_5.jpg,https://sokodress.s3.ap-northeast-2.amazonaws.com/products_image/1075546_6.jpg,https://sokodress.s3.ap-northeast-2.amazonaws.com/products_image/1075546_7.jpg,https://sokodress.s3.ap-northeast-2.amazonaws.com/products_image/1075546_8.jpg,https://sokodress.s3.ap-northeast-2.amazonaws.com/products_image/1075546_9.jpg,https://sokodress.s3.ap-northeast-2.amazonaws.com/products_image/1075546_10.jpg,https://sokodress.s3.ap-northeast-2.amazonaws.com/products_image/1075546_11.jpg,https://sokodress.s3.ap-northeast-2.amazonaws.com/products_image/1075546_12.jpg,https://sokodress.s3.ap-northeast-2.amazonaws.com/products_image/1075546_13.jpg,https://sokodress.s3.ap-northeast-2.amazonaws.com/products_image/1075546_14.jpg,https://sokodress.s3.ap-northeast-2.amazonaws.com/products_image/1075546_15.jpg,https://sokodress.s3.ap-northeast-2.amazonaws.com/products_image/1075546_16.jpg,https://sokodress.s3.ap-northeast-2.amazonaws.com/products_image/1075546_17.jpg,https://sokodress.s3.ap-northeast-2.amazonaws.com/products_image/1075546_18.jpg,https://sokodress.s3.ap-northeast-2.amazonaws.com/products_image/1075546_19.jpg,https://sokodress.s3.ap-northeast-2.amazonaws.com/products_image/1075546_20.jpg,https://sokodress.s3.ap-northeast-2.amazonaws.com/products_image/1075546_21.jpg",캐주얼,총장 앞62 뒤66cm/ 어깨 36cm/ 가슴 57cm/ 소매 28cm,레이온81 나일론19,없음,없음,없음,기본핏,"IVORY,PINK",http://www.ddmmarket.co.kr/Prod?m=S&c=D3I1300101
해커,동대문,디오트,DOT-3-I-13,TEL : 02-2117-4802 (HP : 010-7189-8216),113,43,1095450,HS-122로엔타이ops,DRESS & SET,WOMEN,드레스,원피스,23000,중국,"https://sokodress.s3.ap-northeast-2.amazonaws.com/products_image/1095450_0.jpg,https://sokodress.s3.ap-northeast-2.amazonaws.com/products_image/1095450_1.jpg,https://sokodress.s3.ap-northeast-2.amazonaws.com/products_image/1095450_2.jpg,https://sokodress.s3.ap-northeast-2.amazonaws.com/products_image/1095450_3.jpg,https://sokodress.s3.ap-northeast-2.amazonaws.com/products_image/1095450_4.jpg,https://sokodress.s3.ap-northeast-2.amazonaws.com/products_image/1095450_5.jpg,https://sokodress.s3.ap-northeast-2.amazonaws.com/products_image/1095450_6.jpg,https://sokodress.s3.ap-northeast-2.amazonaws.com/products_image/1095450_7.jpg,https://sokodress.s3.ap-northeast-2.amazonaws.com/products_image/1095450_8.jpg,https://sokodress.s3.ap-northeast-2.amazonaws.com/products_image/1095450_9.jpg,https://sokodress.s3.ap-northeast-2.amazonaws.com/products_image/1095450_10.jpg,https://sokodress.s3.ap-northeast-2.amazonaws.com/products_image/1095450_11.jpg,https://sokodress.s3.ap-northeast-2.amazonaws.com/products_image/1095450_12.jpg,https://sokodress.s3.ap-northeast-2.amazonaws.com/products_image/1095450_13.jpg,https://sokodress.s3.ap-northeast-2.amazonaws.com/products_image/1095450_14.jpg,https://sokodress.s3.ap-northeast-2.amazonaws.com/products_image/1095450_15.jpg,https://sokodress.s3.ap-northeast-2.amazonaws.com/products_image/1095450_16.jpg,https://sokodress.s3.ap-northeast-2.amazonaws.com/products_image/1095450_17.jpg,https://sokodress.s3.ap-northeast-2.amazonaws.com/products_image/1095450_18.jpg,https://sokodress.s3.ap-northeast-2.amazonaws.com/products_image/1095450_19.jpg,https://sokodress.s3.ap-northeast-2.amazonaws.com/products_image/1095450_20.jpg,https://sokodress.s3.ap-northeast-2.amazonaws.com/products_image/1095450_21.jpg,https://sokodress.s3.ap-northeast-2.amazonaws.com/products_image/1095450_22.jpg,https://sokodress.s3.ap-northeast-2.amazonaws.com/products_image/1095450_23.jpg",캐주얼,총장 120cm/ 어깨 38cm/ 가슴 47cm/ 소매 59cm/ 허리 36cm,폴리100,없음,없음,부분안감,기본핏,"CREAM,LIGHTKHAKI",http://www.ddmmarket.co.kr/Prod?m=S&c=D3I1300101
해커,동대문,디오트,DOT-3-I-13,TEL : 02-2117-4802 (HP : 010-7189-8216),113,43,1090858,HS-112로코OPS,DRESS & SET,WOMEN,드레스,원피스,21000,중국,"https://sokodress.s3.ap-northeast-2.amazonaws.com/products_image/1090858_0.jpg,https://sokodress.s3.ap-northeast-2.amazonaws.com/products_image/1090858_1.jpg,https://sokodress.s3.ap-northeast-2.amazonaws.com/products_image/1090858_2.jpg,https://sokodress.s3.ap-northeast-2.amazonaws.com/products_image/1090858_3.jpg,https://sokodress.s3.ap-northeast-2.amazonaws.com/products_image/1090858_4.jpg,https://sokodress.s3.ap-northeast-2.amazonaws.com/products_image/1090858_5.jpg,https://sokodress.s3.ap-northeast-2.amazonaws.com/products_image/1090858_6.jpg,https://sokodress.s3.ap-northeast-2.amazonaws.com/products_image/1090858_7.jpg,https://sokodress.s3.ap-northeast-2.amazonaws.com/products_image/1090858_8.jpg,https://sokodress.s3.ap-northeast-2.amazonaws.com/products_image/1090858_9.jpg,https://sokodress.s3.ap-northeast-2.amazonaws.com/products_image/1090858_10.jpg,https://sokodress.s3.ap-northeast-2.amazonaws.com/products_image/1090858_11.jpg,https://sokodress.s3.ap-northeast-2.amazonaws.com/products_image/1090858_12.jpg,https://sokodress.s3.ap-northeast-2.amazonaws.com/products_image/1090858_13.jpg,https://sokodress.s3.ap-northeast-2.amazonaws.com/products_image/1090858_14.jpg,https://sokodress.s3.ap-northeast-2.amazonaws.com/products_image/1090858_15.jpg,https://sokodress.s3.ap-northeast-2.amazonaws.com/products_image/1090858_16.jpg,https://sokodress.s3.ap-northeast-2.amazonaws.com/products_image/1090858_17.jpg,https://sokodress.s3.ap-northeast-2.amazonaws.com/products_image/1090858_18.jpg,https://sokodress.s3.ap-northeast-2.amazonaws.com/products_image/1090858_19.jpg,https://sokodress.s3.ap-northeast-2.amazonaws.com/products_image/1090858_20.jpg,https://sokodress.s3.ap-northeast-2.amazonaws.com/products_image/1090858_21.jpg,https://sokodress.s3.ap-northeast-2.amazonaws.com/products_image/1090858_22.jpg,https://sokodress.s3.ap-northeast-2.amazonaws.com/products_image/1090858_23.jpg,https://sokodress.s3.ap-northeast-2.amazonaws.com/products_image/1090858_24.jpg,https://sokodress.s3.ap-northeast-2.amazonaws.com/products_image/1090858_25.jpg",캐주얼,총장 119cm/ 어깨 37cm/ 가슴 47cm/ 소매 60cm,폴리100,없음,없음,부분안감,기본핏,"BLACK,CHESTNUTBROWN,CREAM",http://www.ddmmarket.co.kr/Prod?m=S&c=D3I1300101
해커,동대문,디오트,DOT-3-I-13,TEL : 02-2117-4802 (HP : 010-7189-8216),113,43,1090128,HS-111키니나시OPS,DRESS & SET,WOMEN,드레스,원피스,12000,중국,"https://sokodress.s3.ap-northeast-2.amazonaws.com/products_image/1090128_0.jpg,https://sokodress.s3.ap-northeast-2.amazonaws.com/products_image/1090128_1.jpg,https://sokodress.s3.ap-northeast-2.amazonaws.com/products_image/1090128_2.jpg,https://sokodress.s3.ap-northeast-2.amazonaws.com/products_image/1090128_3.jpg,https://sokodress.s3.ap-northeast-2.amazonaws.com/products_image/1090128_4.jpg,https://sokodress.s3.ap-northeast-2.amazonaws.com/products_image/1090128_5.jpg,https://sokodress.s3.ap-northeast-2.amazonaws.com/products_image/1090128_6.jpg,https://sokodress.s3.ap-northeast-2.amazonaws.com/products_image/1090128_7.jpg,https://sokodress.s3.ap-northeast-2.amazonaws.com/products_image/1090128_8.jpg,https://sokodress.s3.ap-northeast-2.amazonaws.com/products_image/1090128_9.jpg,https://sokodress.s3.ap-northeast-2.amazonaws.com/products_image/1090128_10.jpg,https://sokodress.s3.ap-northeast-2.amazonaws.com/products_image/1090128_11.jpg,https://sokodress.s3.ap-northeast-2.amazonaws.com/products_image/1090128_12.jpg,https://sokodress.s3.ap-northeast-2.amazonaws.com/products_image/1090128_13.jpg,https://sokodress.s3.ap-northeast-2.amazonaws.com/products_image/1090128_14.jpg,https://sokodress.s3.ap-northeast-2.amazonaws.com/products_image/1090128_15.jpg,https://sokodress.s3.ap-northeast-2.amazonaws.com/products_image/1090128_16.jpg,https://sokodress.s3.ap-northeast-2.amazonaws.com/products_image/1090128_17.jpg,https://sokodress.s3.ap-northeast-2.amazonaws.com/products_image/1090128_18.jpg",캐주얼,총장 118cm/ 어깨 24cm/ 가슴 47cm,폴리98 스판2,없음,없음,없음,기본핏,"BEIGE,BLACK,CHESTNUTBROWN",http://www.ddmmarket.co.kr/Prod?m=S&c=D3I1300101
해커,동대문,디오트,DOT-3-I-13,TEL : 02-2117-4802 (HP : 010-7189-8216),113,43,1089724,HS-95마인OPS,DRESS & SET,WOMEN,드레스,원피스,22000,중국,"https://sokodress.s3.ap-northeast-2.amazonaws.com/products_image/1089724_0.jpg,https://sokodress.s3.ap-northeast-2.amazonaws.com/products_image/1089724_1.jpg,https://sokodress.s3.ap-northeast-2.amazonaws.com/products_image/1089724_2.jpg,https://sokodress.s3.ap-northeast-2.amazonaws.com/products_image/1089724_3.jpg,https://sokodress.s3.ap-northeast-2.amazonaws.com/products_image/1089724_4.jpg,https://sokodress.s3.ap-northeast-2.amazonaws.com/products_image/1089724_5.jpg,https://sokodress.s3.ap-northeast-2.amazonaws.com/products_image/1089724_6.jpg,https://sokodress.s3.ap-northeast-2.amazonaws.com/products_image/1089724_7.jpg,https://sokodress.s3.ap-northeast-2.amazonaws.com/products_image/1089724_8.jpg,https://sokodress.s3.ap-northeast-2.amazonaws.com/products_image/1089724_9.jpg,https://sokodress.s3.ap-northeast-2.amazonaws.com/products_image/1089724_10.jpg,https://sokodress.s3.ap-northeast-2.amazonaws.com/products_image/1089724_11.jpg,https://sokodress.s3.ap-northeast-2.amazonaws.com/products_image/1089724_12.jpg,https://sokodress.s3.ap-northeast-2.amazonaws.com/products_image/1089724_13.jpg,https://sokodress.s3.ap-northeast-2.amazonaws.com/products_image/1089724_14.jpg,https://sokodress.s3.ap-northeast-2.amazonaws.com/products_image/1089724_15.jpg,https://sokodress.s3.ap-northeast-2.amazonaws.com/products_image/1089724_16.jpg,https://sokodress.s3.ap-northeast-2.amazonaws.com/products_image/1089724_17.jpg,https://sokodress.s3.ap-northeast-2.amazonaws.com/products_image/1089724_18.jpg,https://sokodress.s3.ap-northeast-2.amazonaws.com/products_image/1089724_19.jpg,https://sokodress.s3.ap-northeast-2.amazonaws.com/products_image/1089724_20.jpg,https://sokodress.s3.ap-northeast-2.amazonaws.com/products_image/1089724_21.jpg",캐주얼,총장 120cm/ 어깨 37cm/ 가슴 45cm/ 소매 62cm,폴리98 스판2,없음,없음,부분안감,기본핏,"BLACK,KHAKI",http://www.ddmmarket.co.kr/Prod?m=S&c=D3I1300101
해커,동대문,디오트,DOT-3-I-13,TEL : 02-2117-4802 (HP : 010-7189-8216),113,43,1084524,조이끈OPS,DRESS & SET,WOMEN,드레스,원피스,13000,대한민국,"https://sokodress.s3.ap-northeast-2.amazonaws.com/products_image/1084524_0.jpg,https://sokodress.s3.ap-northeast-2.amazonaws.com/products_image/1084524_1.jpg,https://sokodress.s3.ap-northeast-2.amazonaws.com/products_image/1084524_2.jpg,https://sokodress.s3.ap-northeast-2.amazonaws.com/products_image/1084524_3.jpg,https://sokodress.s3.ap-northeast-2.amazonaws.com/products_image/1084524_4.jpg,https://sokodress.s3.ap-northeast-2.amazonaws.com/products_image/1084524_5.jpg,https://sokodress.s3.ap-northeast-2.amazonaws.com/products_image/1084524_6.jpg,https://sokodress.s3.ap-northeast-2.amazonaws.com/products_image/1084524_7.jpg,https://sokodress.s3.ap-northeast-2.amazonaws.com/products_image/1084524_8.jpg,https://sokodress.s3.ap-northeast-2.amazonaws.com/products_image/1084524_9.jpg,https://sokodress.s3.ap-northeast-2.amazonaws.com/products_image/1084524_10.jpg,https://sokodress.s3.ap-northeast-2.amazonaws.com/products_image/1084524_11.jpg,https://sokodress.s3.ap-northeast-2.amazonaws.com/products_image/1084524_12.jpg,https://sokodress.s3.ap-northeast-2.amazonaws.com/products_image/1084524_13.jpg,https://sokodress.s3.ap-northeast-2.amazonaws.com/products_image/1084524_14.jpg,https://sokodress.s3.ap-northeast-2.amazonaws.com/products_image/1084524_15.jpg,https://sokodress.s3.ap-northeast-2.amazonaws.com/products_image/1084524_16.jpg,https://sokodress.s3.ap-northeast-2.amazonaws.com/products_image/1084524_17.jpg,https://sokodress.s3.ap-northeast-2.amazonaws.com/products_image/1084524_18.jpg",캐주얼,총장 118cm/ 어깨 23cm/ 가슴 45cm,폴리100,없음,없음,없음,기본핏,"BLACK,CHESTNUTBROWN,IVORY",http://www.ddmmarket.co.kr/Prod?m=S&c=D3I1300101
해커,동대문,디오트,DOT-3-I-13,TEL : 02-2117-4802 (HP : 010-7189-8216),113,43,1080032,카린OPS,DRESS & SET,WOMEN,드레스,원피스,23000,대한민국,"https://sokodress.s3.ap-northeast-2.amazonaws.com/products_image/1080032_0.jpg,https://sokodress.s3.ap-northeast-2.amazonaws.com/products_image/1080032_1.jpg,https://sokodress.s3.ap-northeast-2.amazonaws.com/products_image/1080032_2.jpg,https://sokodress.s3.ap-northeast-2.amazonaws.com/products_image/1080032_3.jpg,https://sokodress.s3.ap-northeast-2.amazonaws.com/products_image/1080032_4.jpg,https://sokodress.s3.ap-northeast-2.amazonaws.com/products_image/1080032_5.jpg,https://sokodress.s3.ap-northeast-2.amazonaws.com/products_image/1080032_6.jpg,https://sokodress.s3.ap-northeast-2.amazonaws.com/products_image/1080032_7.jpg,https://sokodress.s3.ap-northeast-2.amazonaws.com/products_image/1080032_8.jpg,https://sokodress.s3.ap-northeast-2.amazonaws.com/products_image/1080032_9.jpg,https://sokodress.s3.ap-northeast-2.amazonaws.com/products_image/1080032_10.jpg,https://sokodress.s3.ap-northeast-2.amazonaws.com/products_image/1080032_11.jpg,https://sokodress.s3.ap-northeast-2.amazonaws.com/products_image/1080032_12.jpg,https://sokodress.s3.ap-northeast-2.amazonaws.com/products_image/1080032_13.jpg,https://sokodress.s3.ap-northeast-2.amazonaws.com/products_image/1080032_14.jpg,https://sokodress.s3.ap-northeast-2.amazonaws.com/products_image/1080032_15.jpg,https://sokodress.s3.ap-northeast-2.amazonaws.com/products_image/1080032_16.jpg,https://sokodress.s3.ap-northeast-2.amazonaws.com/products_image/1080032_17.jpg,https://sokodress.s3.ap-northeast-2.amazonaws.com/products_image/1080032_18.jpg,https://sokodress.s3.ap-northeast-2.amazonaws.com/products_image/1080032_19.jpg,https://sokodress.s3.ap-northeast-2.amazonaws.com/products_image/1080032_20.jpg,https://sokodress.s3.ap-northeast-2.amazonaws.com/products_image/1080032_21.jpg,https://sokodress.s3.ap-northeast-2.amazonaws.com/products_image/1080032_22.jpg,https://sokodress.s3.ap-northeast-2.amazonaws.com/products_image/1080032_23.jpg,https://sokodress.s3.ap-northeast-2.amazonaws.com/products_image/1080032_24.jpg,https://sokodress.s3.ap-northeast-2.amazonaws.com/products_image/1080032_25.jpg,https://sokodress.s3.ap-northeast-2.amazonaws.com/products_image/1080032_26.jpg,https://sokodress.s3.ap-northeast-2.amazonaws.com/products_image/1080032_27.jpg",캐주얼,총장 101cm/ 가슴 44cm/ 어깨소매 43cm/ 허리 38cm/ 힙 48cm,린넨100,없음,없음,없음,기본핏,"BEIGE,CHESTNUTBROWN",http://www.ddmmarket.co.kr/Prod?m=S&c=D3I1300101
해커,동대문,디오트,DOT-3-I-13,TEL : 02-2117-4802 (HP : 010-7189-8216),113,43,1078784,몰틴OPS,DRESS & SET,WOMEN,드레스,원피스,22000,대한민국,"https://sokodress.s3.ap-northeast-2.amazonaws.com/products_image/1078784_0.jpg,https://sokodress.s3.ap-northeast-2.amazonaws.com/products_image/1078784_1.jpg,https://sokodress.s3.ap-northeast-2.amazonaws.com/products_image/1078784_2.jpg,https://sokodress.s3.ap-northeast-2.amazonaws.com/products_image/1078784_3.jpg,https://sokodress.s3.ap-northeast-2.amazonaws.com/products_image/1078784_4.jpg,https://sokodress.s3.ap-northeast-2.amazonaws.com/products_image/1078784_5.jpg,https://sokodress.s3.ap-northeast-2.amazonaws.com/products_image/1078784_6.jpg,https://sokodress.s3.ap-northeast-2.amazonaws.com/products_image/1078784_7.jpg,https://sokodress.s3.ap-northeast-2.amazonaws.com/products_image/1078784_8.jpg,https://sokodress.s3.ap-northeast-2.amazonaws.com/products_image/1078784_9.jpg,https://sokodress.s3.ap-northeast-2.amazonaws.com/products_image/1078784_10.jpg,https://sokodress.s3.ap-northeast-2.amazonaws.com/products_image/1078784_11.jpg,https://sokodress.s3.ap-northeast-2.amazonaws.com/products_image/1078784_12.jpg,https://sokodress.s3.ap-northeast-2.amazonaws.com/products_image/1078784_13.jpg,https://sokodress.s3.ap-northeast-2.amazonaws.com/products_image/1078784_14.jpg,https://sokodress.s3.ap-northeast-2.amazonaws.com/products_image/1078784_15.jpg,https://sokodress.s3.ap-northeast-2.amazonaws.com/products_image/1078784_16.jpg,https://sokodress.s3.ap-northeast-2.amazonaws.com/products_image/1078784_17.jpg,https://sokodress.s3.ap-northeast-2.amazonaws.com/products_image/1078784_18.jpg,https://sokodress.s3.ap-northeast-2.amazonaws.com/products_image/1078784_19.jpg,https://sokodress.s3.ap-northeast-2.amazonaws.com/products_image/1078784_20.jpg,https://sokodress.s3.ap-northeast-2.amazonaws.com/products_image/1078784_21.jpg,https://sokodress.s3.ap-northeast-2.amazonaws.com/products_image/1078784_22.jpg,https://sokodress.s3.ap-northeast-2.amazonaws.com/products_image/1078784_23.jpg,https://sokodress.s3.ap-northeast-2.amazonaws.com/products_image/1078784_24.jpg,https://sokodress.s3.ap-northeast-2.amazonaws.com/products_image/1078784_25.jpg,https://sokodress.s3.ap-northeast-2.amazonaws.com/products_image/1078784_26.jpg",캐주얼,총장 120cm/ 어깨 34cm/ 가슴 43cm/ 소매 32cm,레이온80 나일론20,없음,없음,없음,기본핏,"CREAM,SKYBLUE",http://www.ddmmarket.co.kr/Prod?m=S&c=D3I1300101
해커,동대문,디오트,DOT-3-I-13,TEL : 02-2117-4802 (HP : 010-7189-8216),113,43,1077643,HS-50퍼퓸OPS,DRESS & SET,WOMEN,드레스,원피스,19000,중국,"https://sokodress.s3.ap-northeast-2.amazonaws.com/products_image/1077643_0.jpg,https://sokodress.s3.ap-northeast-2.amazonaws.com/products_image/1077643_1.jpg,https://sokodress.s3.ap-northeast-2.amazonaws.com/products_image/1077643_2.jpg,https://sokodress.s3.ap-northeast-2.amazonaws.com/products_image/1077643_3.jpg,https://sokodress.s3.ap-northeast-2.amazonaws.com/products_image/1077643_4.jpg,https://sokodress.s3.ap-northeast-2.amazonaws.com/products_image/1077643_5.jpg,https://sokodress.s3.ap-northeast-2.amazonaws.com/products_image/1077643_6.jpg,https://sokodress.s3.ap-northeast-2.amazonaws.com/products_image/1077643_7.jpg,https://sokodress.s3.ap-northeast-2.amazonaws.com/products_image/1077643_8.jpg,https://sokodress.s3.ap-northeast-2.amazonaws.com/products_image/1077643_9.jpg,https://sokodress.s3.ap-northeast-2.amazonaws.com/products_image/1077643_10.jpg,https://sokodress.s3.ap-northeast-2.amazonaws.com/products_image/1077643_11.jpg,https://sokodress.s3.ap-northeast-2.amazonaws.com/products_image/1077643_12.jpg,https://sokodress.s3.ap-northeast-2.amazonaws.com/products_image/1077643_13.jpg,https://sokodress.s3.ap-northeast-2.amazonaws.com/products_image/1077643_14.jpg,https://sokodress.s3.ap-northeast-2.amazonaws.com/products_image/1077643_15.jpg,https://sokodress.s3.ap-northeast-2.amazonaws.com/products_image/1077643_16.jpg,https://sokodress.s3.ap-northeast-2.amazonaws.com/products_image/1077643_17.jpg,https://sokodress.s3.ap-northeast-2.amazonaws.com/products_image/1077643_18.jpg,https://sokodress.s3.ap-northeast-2.amazonaws.com/products_image/1077643_19.jpg,https://sokodress.s3.ap-northeast-2.amazonaws.com/products_image/1077643_20.jpg,https://sokodress.s3.ap-northeast-2.amazonaws.com/products_image/1077643_21.jpg,https://sokodress.s3.ap-northeast-2.amazonaws.com/products_image/1077643_22.jpg,https://sokodress.s3.ap-northeast-2.amazonaws.com/products_image/1077643_23.jpg,https://sokodress.s3.ap-northeast-2.amazonaws.com/products_image/1077643_24.jpg,https://sokodress.s3.ap-northeast-2.amazonaws.com/products_image/1077643_25.jpg,https://sokodress.s3.ap-northeast-2.amazonaws.com/products_image/1077643_26.jpg",캐주얼,총장 123cm/ 어깨 34cm/ 가슴 45cm/ 소매 26cm/ 허리 39cm,폴리100,없음,없음,전체안감,기본핏,"PURPLE-2,SKYBLUE",http://www.ddmmarket.co.kr/Prod?m=S&c=D3I1300101
해커,동대문,디오트,DOT-3-I-13,TEL : 02-2117-4802 (HP : 010-7189-8216),113,43,1076243,로지OPS,DRESS & SET,WOMEN,드레스,원피스,25000,대한민국,"https://sokodress.s3.ap-northeast-2.amazonaws.com/products_image/1076243_0.jpg,https://sokodress.s3.ap-northeast-2.amazonaws.com/products_image/1076243_1.jpg,https://sokodress.s3.ap-northeast-2.amazonaws.com/products_image/1076243_2.jpg,https://sokodress.s3.ap-northeast-2.amazonaws.com/products_image/1076243_3.jpg,https://sokodress.s3.ap-northeast-2.amazonaws.com/products_image/1076243_4.jpg,https://sokodress.s3.ap-northeast-2.amazonaws.com/products_image/1076243_5.jpg,https://sokodress.s3.ap-northeast-2.amazonaws.com/products_image/1076243_6.jpg,https://sokodress.s3.ap-northeast-2.amazonaws.com/products_image/1076243_7.jpg,https://sokodress.s3.ap-northeast-2.amazonaws.com/products_image/1076243_8.jpg,https://sokodress.s3.ap-northeast-2.amazonaws.com/products_image/1076243_9.jpg,https://sokodress.s3.ap-northeast-2.amazonaws.com/products_image/1076243_10.jpg,https://sokodress.s3.ap-northeast-2.amazonaws.com/products_image/1076243_11.jpg,https://sokodress.s3.ap-northeast-2.amazonaws.com/products_image/1076243_12.jpg,https://sokodress.s3.ap-northeast-2.amazonaws.com/products_image/1076243_13.jpg,https://sokodress.s3.ap-northeast-2.amazonaws.com/products_image/1076243_14.jpg,https://sokodress.s3.ap-northeast-2.amazonaws.com/products_image/1076243_15.jpg,https://sokodress.s3.ap-northeast-2.amazonaws.com/products_image/1076243_16.jpg,https://sokodress.s3.ap-northeast-2.amazonaws.com/products_image/1076243_17.jpg,https://sokodress.s3.ap-northeast-2.amazonaws.com/products_image/1076243_18.jpg,https://sokodress.s3.ap-northeast-2.amazonaws.com/products_image/1076243_19.jpg,https://sokodress.s3.ap-northeast-2.amazonaws.com/products_image/1076243_20.jpg,https://sokodress.s3.ap-northeast-2.amazonaws.com/products_image/1076243_21.jpg,https://sokodress.s3.ap-northeast-2.amazonaws.com/products_image/1076243_22.jpg,https://sokodress.s3.ap-northeast-2.amazonaws.com/products_image/1076243_23.jpg,https://sokodress.s3.ap-northeast-2.amazonaws.com/products_image/1076243_24.jpg,https://sokodress.s3.ap-northeast-2.amazonaws.com/products_image/1076243_25.jpg,https://sokodress.s3.ap-northeast-2.amazonaws.com/products_image/1076243_26.jpg,https://sokodress.s3.ap-northeast-2.amazonaws.com/products_image/1076243_27.jpg",캐주얼,총장 120cm/ 어깨 39cm/ 가슴 49cm/ 소매 28cm/ 허리 43cm,린넨55 레이온45,없음,없음,전체안감,기본핏,"BEIGE,CHESTNUTBROWN",http://www.ddmmarket.co.kr/Prod?m=S&c=D3I1300101
해커,동대문,디오트,DOT-3-I-13,TEL : 02-2117-4802 (HP : 010-7189-8216),113,43,1071107,N71브이넥OPS,DRESS & SET,WOMEN,드레스,원피스,14000,중국,"https://sokodress.s3.ap-northeast-2.amazonaws.com/products_image/1071107_0.jpg,https://sokodress.s3.ap-northeast-2.amazonaws.com/products_image/1071107_1.jpg,https://sokodress.s3.ap-northeast-2.amazonaws.com/products_image/1071107_2.jpg,https://sokodress.s3.ap-northeast-2.amazonaws.com/products_image/1071107_3.jpg,https://sokodress.s3.ap-northeast-2.amazonaws.com/products_image/1071107_4.jpg,https://sokodress.s3.ap-northeast-2.amazonaws.com/products_image/1071107_5.jpg,https://sokodress.s3.ap-northeast-2.amazonaws.com/products_image/1071107_6.jpg,https://sokodress.s3.ap-northeast-2.amazonaws.com/products_image/1071107_7.jpg,https://sokodress.s3.ap-northeast-2.amazonaws.com/products_image/1071107_8.jpg,https://sokodress.s3.ap-northeast-2.amazonaws.com/products_image/1071107_9.jpg,https://sokodress.s3.ap-northeast-2.amazonaws.com/products_image/1071107_10.jpg,https://sokodress.s3.ap-northeast-2.amazonaws.com/products_image/1071107_11.jpg,https://sokodress.s3.ap-northeast-2.amazonaws.com/products_image/1071107_12.jpg,https://sokodress.s3.ap-northeast-2.amazonaws.com/products_image/1071107_13.jpg,https://sokodress.s3.ap-northeast-2.amazonaws.com/products_image/1071107_14.jpg,https://sokodress.s3.ap-northeast-2.amazonaws.com/products_image/1071107_15.jpg,https://sokodress.s3.ap-northeast-2.amazonaws.com/products_image/1071107_16.jpg,https://sokodress.s3.ap-northeast-2.amazonaws.com/products_image/1071107_17.jpg,https://sokodress.s3.ap-northeast-2.amazonaws.com/products_image/1071107_18.jpg,https://sokodress.s3.ap-northeast-2.amazonaws.com/products_image/1071107_19.jpg,https://sokodress.s3.ap-northeast-2.amazonaws.com/products_image/1071107_20.jpg,https://sokodress.s3.ap-northeast-2.amazonaws.com/products_image/1071107_21.jpg,https://sokodress.s3.ap-northeast-2.amazonaws.com/products_image/1071107_22.jpg,https://sokodress.s3.ap-northeast-2.amazonaws.com/products_image/1071107_23.jpg,https://sokodress.s3.ap-northeast-2.amazonaws.com/products_image/1071107_24.jpg,https://sokodress.s3.ap-northeast-2.amazonaws.com/products_image/1071107_25.jpg,https://sokodress.s3.ap-northeast-2.amazonaws.com/products_image/1071107_26.jpg",캐주얼,총장 111cm/ 어깨 49cm/ 가슴 54cm/ 소매 59cm/ 허리 54cm/ 힙 54cm,폴리100,없음,좋음,없음,기본핏,"BLACK,IVORY,MINT",http://www.ddmmarket.co.kr/Prod?m=S&c=D3I1300101
해커,동대문,디오트,DOT-3-I-13,TEL : 02-2117-4802 (HP : 010-7189-8216),113,43,1070202,HS-09모닝끈OPS,DRESS & SET,WOMEN,드레스,원피스,16000,중국,"https://sokodress.s3.ap-northeast-2.amazonaws.com/products_image/1070202_0.jpg,https://sokodress.s3.ap-northeast-2.amazonaws.com/products_image/1070202_1.jpg,https://sokodress.s3.ap-northeast-2.amazonaws.com/products_image/1070202_2.jpg,https://sokodress.s3.ap-northeast-2.amazonaws.com/products_image/1070202_3.jpg,https://sokodress.s3.ap-northeast-2.amazonaws.com/products_image/1070202_4.jpg,https://sokodress.s3.ap-northeast-2.amazonaws.com/products_image/1070202_5.jpg,https://sokodress.s3.ap-northeast-2.amazonaws.com/products_image/1070202_6.jpg,https://sokodress.s3.ap-northeast-2.amazonaws.com/products_image/1070202_7.jpg,https://sokodress.s3.ap-northeast-2.amazonaws.com/products_image/1070202_8.jpg,https://sokodress.s3.ap-northeast-2.amazonaws.com/products_image/1070202_9.jpg,https://sokodress.s3.ap-northeast-2.amazonaws.com/products_image/1070202_10.jpg,https://sokodress.s3.ap-northeast-2.amazonaws.com/products_image/1070202_11.jpg,https://sokodress.s3.ap-northeast-2.amazonaws.com/products_image/1070202_12.jpg,https://sokodress.s3.ap-northeast-2.amazonaws.com/products_image/1070202_13.jpg,https://sokodress.s3.ap-northeast-2.amazonaws.com/products_image/1070202_14.jpg,https://sokodress.s3.ap-northeast-2.amazonaws.com/products_image/1070202_15.jpg,https://sokodress.s3.ap-northeast-2.amazonaws.com/products_image/1070202_16.jpg,https://sokodress.s3.ap-northeast-2.amazonaws.com/products_image/1070202_17.jpg,https://sokodress.s3.ap-northeast-2.amazonaws.com/products_image/1070202_18.jpg",캐주얼,총장 117cm/ 어깨 32cm/ 가슴 43cm,폴리100,없음,없음,없음,기본핏,"BLACK,CREAM,MINT",http://www.ddmmarket.co.kr/Prod?m=S&c=D3I1300101
해커,동대문,디오트,DOT-3-I-13,TEL : 02-2117-4802 (HP : 010-7189-8216),113,43,1095454,HS-131폼폼PT,BOTTOM,WOMEN,하의,바지,14000,중국,"https://sokodress.s3.ap-northeast-2.amazonaws.com/products_image/1095454_0.jpg,https://sokodress.s3.ap-northeast-2.amazonaws.com/products_image/1095454_1.jpg,https://sokodress.s3.ap-northeast-2.amazonaws.com/products_image/1095454_2.jpg,https://sokodress.s3.ap-northeast-2.amazonaws.com/products_image/1095454_3.jpg,https://sokodress.s3.ap-northeast-2.amazonaws.com/products_image/1095454_4.jpg,https://sokodress.s3.ap-northeast-2.amazonaws.com/products_image/1095454_5.jpg,https://sokodress.s3.ap-northeast-2.amazonaws.com/products_image/1095454_6.jpg,https://sokodress.s3.ap-northeast-2.amazonaws.com/products_image/1095454_7.jpg,https://sokodress.s3.ap-northeast-2.amazonaws.com/products_image/1095454_8.jpg,https://sokodress.s3.ap-northeast-2.amazonaws.com/products_image/1095454_9.jpg,https://sokodress.s3.ap-northeast-2.amazonaws.com/products_image/1095454_10.jpg,https://sokodress.s3.ap-northeast-2.amazonaws.com/products_image/1095454_11.jpg,https://sokodress.s3.ap-northeast-2.amazonaws.com/products_image/1095454_12.jpg,https://sokodress.s3.ap-northeast-2.amazonaws.com/products_image/1095454_13.jpg,https://sokodress.s3.ap-northeast-2.amazonaws.com/products_image/1095454_14.jpg,https://sokodress.s3.ap-northeast-2.amazonaws.com/products_image/1095454_15.jpg,https://sokodress.s3.ap-northeast-2.amazonaws.com/products_image/1095454_16.jpg,https://sokodress.s3.ap-northeast-2.amazonaws.com/products_image/1095454_17.jpg,https://sokodress.s3.ap-northeast-2.amazonaws.com/products_image/1095454_18.jpg,https://sokodress.s3.ap-northeast-2.amazonaws.com/products_image/1095454_19.jpg,https://sokodress.s3.ap-northeast-2.amazonaws.com/products_image/1095454_20.jpg",캐주얼,총장 97cm/ 허리 31cm/ 힙 46cm/ 밑위 39cm/ 밑단 27cm,면75 폴리25,없음,좋음,없음,기본핏,"CREAM,GRAY,MINT",http://www.ddmmarket.co.kr/Prod?m=S&c=D3I1300101
해커,동대문,디오트,DOT-3-I-13,TEL : 02-2117-4802 (HP : 010-7189-8216),113,43,1095451,시몬트위드SK,BOTTOM,WOMEN,하의,스커트,16000,대한민국,"https://sokodress.s3.ap-northeast-2.amazonaws.com/products_image/1095451_0.jpg,https://sokodress.s3.ap-northeast-2.amazonaws.com/products_image/1095451_1.jpg,https://sokodress.s3.ap-northeast-2.amazonaws.com/products_image/1095451_2.jpg,https://sokodress.s3.ap-northeast-2.amazonaws.com/products_image/1095451_3.jpg,https://sokodress.s3.ap-northeast-2.amazonaws.com/products_image/1095451_4.jpg,https://sokodress.s3.ap-northeast-2.amazonaws.com/products_image/1095451_5.jpg,https://sokodress.s3.ap-northeast-2.amazonaws.com/products_image/1095451_6.jpg,https://sokodress.s3.ap-northeast-2.amazonaws.com/products_image/1095451_7.jpg,https://sokodress.s3.ap-northeast-2.amazonaws.com/products_image/1095451_8.jpg,https://sokodress.s3.ap-northeast-2.amazonaws.com/products_image/1095451_9.jpg,https://sokodress.s3.ap-northeast-2.amazonaws.com/products_image/1095451_10.jpg,https://sokodress.s3.ap-northeast-2.amazonaws.com/products_image/1095451_11.jpg,https://sokodress.s3.ap-northeast-2.amazonaws.com/products_image/1095451_12.jpg,https://sokodress.s3.ap-northeast-2.amazonaws.com/products_image/1095451_13.jpg,https://sokodress.s3.ap-northeast-2.amazonaws.com/products_image/1095451_14.jpg,https://sokodress.s3.ap-northeast-2.amazonaws.com/products_image/1095451_15.jpg,https://sokodress.s3.ap-northeast-2.amazonaws.com/products_image/1095451_16.jpg,https://sokodress.s3.ap-northeast-2.amazonaws.com/products_image/1095451_17.jpg,https://sokodress.s3.ap-northeast-2.amazonaws.com/products_image/1095451_18.jpg",캐주얼,총장 47cm/ 허리 32cm/ 힙 42cm/ 밑단 52cm,폴리73 레이온27,없음,없음,전체안감,기본핏,"CREAM,MINT",http://www.ddmmarket.co.kr/Prod?m=S&c=D3I1300101
해커,동대문,디오트,DOT-3-I-13,TEL : 02-2117-4802 (HP : 010-7189-8216),113,43,1090137,알마PT,BOTTOM,WOMEN,하의,바지,21000,대한민국,"https://sokodress.s3.ap-northeast-2.amazonaws.com/products_image/1090137_0.jpg,https://sokodress.s3.ap-northeast-2.amazonaws.com/products_image/1090137_1.jpg,https://sokodress.s3.ap-northeast-2.amazonaws.com/products_image/1090137_2.jpg,https://sokodress.s3.ap-northeast-2.amazonaws.com/products_image/1090137_3.jpg,https://sokodress.s3.ap-northeast-2.amazonaws.com/products_image/1090137_4.jpg,https://sokodress.s3.ap-northeast-2.amazonaws.com/products_image/1090137_5.jpg,https://sokodress.s3.ap-northeast-2.amazonaws.com/products_image/1090137_6.jpg,https://sokodress.s3.ap-northeast-2.amazonaws.com/products_image/1090137_7.jpg,https://sokodress.s3.ap-northeast-2.amazonaws.com/products_image/1090137_8.jpg,https://sokodress.s3.ap-northeast-2.amazonaws.com/products_image/1090137_9.jpg,https://sokodress.s3.ap-northeast-2.amazonaws.com/products_image/1090137_10.jpg,https://sokodress.s3.ap-northeast-2.amazonaws.com/products_image/1090137_11.jpg,https://sokodress.s3.ap-northeast-2.amazonaws.com/products_image/1090137_12.jpg,https://sokodress.s3.ap-northeast-2.amazonaws.com/products_image/1090137_13.jpg,https://sokodress.s3.ap-northeast-2.amazonaws.com/products_image/1090137_14.jpg,https://sokodress.s3.ap-northeast-2.amazonaws.com/products_image/1090137_15.jpg,https://sokodress.s3.ap-northeast-2.amazonaws.com/products_image/1090137_16.jpg,https://sokodress.s3.ap-northeast-2.amazonaws.com/products_image/1090137_17.jpg,https://sokodress.s3.ap-northeast-2.amazonaws.com/products_image/1090137_18.jpg,https://sokodress.s3.ap-northeast-2.amazonaws.com/products_image/1090137_19.jpg,https://sokodress.s3.ap-northeast-2.amazonaws.com/products_image/1090137_20.jpg,https://sokodress.s3.ap-northeast-2.amazonaws.com/products_image/1090137_21.jpg,https://sokodress.s3.ap-northeast-2.amazonaws.com/products_image/1090137_22.jpg",캐주얼,"S 총장 89cm/ 허리 35cm/ 힙 42cm/ 밑위 31cm/ 밑단 18cm
M 총장 89cm/ 허리 37cm/ 힙 45cm/ 밑위 32cm/ 밑단 19cm",폴리66 레이온30 스판4,없음,좋음,없음,기본핏,"BLACK, S,BLACK, M,CHINESEINK, S,CHINESEINK, M,CREAM, S,CREAM, M",http://www.ddmmarket.co.kr/Prod?m=S&c=D3I1300101
해커,동대문,디오트,DOT-3-I-13,TEL : 02-2117-4802 (HP : 010-7189-8216),113,43,1090131,네오#SK,BOTTOM,WOMEN,하의,스커트,13000,대한민국,"https://sokodress.s3.ap-northeast-2.amazonaws.com/products_image/1090131_0.jpg,https://sokodress.s3.ap-northeast-2.amazonaws.com/products_image/1090131_1.jpg,https://sokodress.s3.ap-northeast-2.amazonaws.com/products_image/1090131_2.jpg,https://sokodress.s3.ap-northeast-2.amazonaws.com/products_image/1090131_3.jpg,https://sokodress.s3.ap-northeast-2.amazonaws.com/products_image/1090131_4.jpg,https://sokodress.s3.ap-northeast-2.amazonaws.com/products_image/1090131_5.jpg,https://sokodress.s3.ap-northeast-2.amazonaws.com/products_image/1090131_6.jpg,https://sokodress.s3.ap-northeast-2.amazonaws.com/products_image/1090131_7.jpg,https://sokodress.s3.ap-northeast-2.amazonaws.com/products_image/1090131_8.jpg,https://sokodress.s3.ap-northeast-2.amazonaws.com/products_image/1090131_9.jpg,https://sokodress.s3.ap-northeast-2.amazonaws.com/products_image/1090131_10.jpg,https://sokodress.s3.ap-northeast-2.amazonaws.com/products_image/1090131_11.jpg,https://sokodress.s3.ap-northeast-2.amazonaws.com/products_image/1090131_12.jpg,https://sokodress.s3.ap-northeast-2.amazonaws.com/products_image/1090131_13.jpg,https://sokodress.s3.ap-northeast-2.amazonaws.com/products_image/1090131_14.jpg,https://sokodress.s3.ap-northeast-2.amazonaws.com/products_image/1090131_15.jpg,https://sokodress.s3.ap-northeast-2.amazonaws.com/products_image/1090131_16.jpg,https://sokodress.s3.ap-northeast-2.amazonaws.com/products_image/1090131_17.jpg,https://sokodress.s3.ap-northeast-2.amazonaws.com/products_image/1090131_18.jpg,https://sokodress.s3.ap-northeast-2.amazonaws.com/products_image/1090131_19.jpg,https://sokodress.s3.ap-northeast-2.amazonaws.com/products_image/1090131_20.jpg",캐주얼,"S 총장 43cm/ 허리 33cm/ 힙 46cm/ 밑단 51cm
M 총장 44cm/ 허리 35cm/ 힙 48cm/ 밑단 52cm",폴리100,없음,없음,전체안감,기본핏,"BLACK, S,BLACK, M,WINE, S,WINE, M",http://www.ddmmarket.co.kr/Prod?m=S&c=D3I1300101
해커,동대문,디오트,DOT-3-I-13,TEL : 02-2117-4802 (HP : 010-7189-8216),113,43,1084518,코이SK,BOTTOM,WOMEN,하의,스커트,17000,대한민국,"https://sokodress.s3.ap-northeast-2.amazonaws.com/products_image/1084518_0.jpg,https://sokodress.s3.ap-northeast-2.amazonaws.com/products_image/1084518_1.jpg,https://sokodress.s3.ap-northeast-2.amazonaws.com/products_image/1084518_2.jpg,https://sokodress.s3.ap-northeast-2.amazonaws.com/products_image/1084518_3.jpg,https://sokodress.s3.ap-northeast-2.amazonaws.com/products_image/1084518_4.jpg,https://sokodress.s3.ap-northeast-2.amazonaws.com/products_image/1084518_5.jpg,https://sokodress.s3.ap-northeast-2.amazonaws.com/products_image/1084518_6.jpg,https://sokodress.s3.ap-northeast-2.amazonaws.com/products_image/1084518_7.jpg,https://sokodress.s3.ap-northeast-2.amazonaws.com/products_image/1084518_8.jpg,https://sokodress.s3.ap-northeast-2.amazonaws.com/products_image/1084518_9.jpg,https://sokodress.s3.ap-northeast-2.amazonaws.com/products_image/1084518_10.jpg,https://sokodress.s3.ap-northeast-2.amazonaws.com/products_image/1084518_11.jpg,https://sokodress.s3.ap-northeast-2.amazonaws.com/products_image/1084518_12.jpg,https://sokodress.s3.ap-northeast-2.amazonaws.com/products_image/1084518_13.jpg,https://sokodress.s3.ap-northeast-2.amazonaws.com/products_image/1084518_14.jpg,https://sokodress.s3.ap-northeast-2.amazonaws.com/products_image/1084518_15.jpg,https://sokodress.s3.ap-northeast-2.amazonaws.com/products_image/1084518_16.jpg,https://sokodress.s3.ap-northeast-2.amazonaws.com/products_image/1084518_17.jpg,https://sokodress.s3.ap-northeast-2.amazonaws.com/products_image/1084518_18.jpg",캐주얼,총장 79cm/ 허리 31cm/ 힙 40cm/ 밑단 47cm,폴리95 스판5,없음,약간,전체안감,기본핏,"BLACK,GRAY",http://www.ddmmarket.co.kr/Prod?m=S&c=D3I1300101
해커,동대문,디오트,DOT-3-I-13,TEL : 02-2117-4802 (HP : 010-7189-8216),113,43,1081726,모달SK,BOTTOM,WOMEN,하의,스커트,17000,대한민국,"https://sokodress.s3.ap-northeast-2.amazonaws.com/products_image/1081726_0.jpg,https://sokodress.s3.ap-northeast-2.amazonaws.com/products_image/1081726_1.jpg,https://sokodress.s3.ap-northeast-2.amazonaws.com/products_image/1081726_2.jpg,https://sokodress.s3.ap-northeast-2.amazonaws.com/products_image/1081726_3.jpg,https://sokodress.s3.ap-northeast-2.amazonaws.com/products_image/1081726_4.jpg,https://sokodress.s3.ap-northeast-2.amazonaws.com/products_image/1081726_5.jpg,https://sokodress.s3.ap-northeast-2.amazonaws.com/products_image/1081726_6.jpg,https://sokodress.s3.ap-northeast-2.amazonaws.com/products_image/1081726_7.jpg,https://sokodress.s3.ap-northeast-2.amazonaws.com/products_image/1081726_8.jpg,https://sokodress.s3.ap-northeast-2.amazonaws.com/products_image/1081726_9.jpg,https://sokodress.s3.ap-northeast-2.amazonaws.com/products_image/1081726_10.jpg,https://sokodress.s3.ap-northeast-2.amazonaws.com/products_image/1081726_11.jpg,https://sokodress.s3.ap-northeast-2.amazonaws.com/products_image/1081726_12.jpg,https://sokodress.s3.ap-northeast-2.amazonaws.com/products_image/1081726_13.jpg,https://sokodress.s3.ap-northeast-2.amazonaws.com/products_image/1081726_14.jpg,https://sokodress.s3.ap-northeast-2.amazonaws.com/products_image/1081726_15.jpg,https://sokodress.s3.ap-northeast-2.amazonaws.com/products_image/1081726_16.jpg,https://sokodress.s3.ap-northeast-2.amazonaws.com/products_image/1081726_17.jpg,https://sokodress.s3.ap-northeast-2.amazonaws.com/products_image/1081726_18.jpg,https://sokodress.s3.ap-northeast-2.amazonaws.com/products_image/1081726_19.jpg,https://sokodress.s3.ap-northeast-2.amazonaws.com/products_image/1081726_20.jpg",캐주얼,총장 83cm/ 허리 31cm/ 힙 54cm,폴리50 모달26 레이온24,없음,없음,부분안감,기본핏,"BEIGE,IVORY",http://www.ddmmarket.co.kr/Prod?m=S&c=D3I1300101
해커,동대문,디오트,DOT-3-I-13,TEL : 02-2117-4802 (HP : 010-7189-8216),113,43,1079462,HS-57페이즐SK,BOTTOM,WOMEN,하의,스커트,13000,중국,"https://sokodress.s3.ap-northeast-2.amazonaws.com/products_image/1079462_0.jpg,https://sokodress.s3.ap-northeast-2.amazonaws.com/products_image/1079462_1.jpg,https://sokodress.s3.ap-northeast-2.amazonaws.com/products_image/1079462_2.jpg,https://sokodress.s3.ap-northeast-2.amazonaws.com/products_image/1079462_3.jpg,https://sokodress.s3.ap-northeast-2.amazonaws.com/products_image/1079462_4.jpg,https://sokodress.s3.ap-northeast-2.amazonaws.com/products_image/1079462_5.jpg,https://sokodress.s3.ap-northeast-2.amazonaws.com/products_image/1079462_6.jpg,https://sokodress.s3.ap-northeast-2.amazonaws.com/products_image/1079462_7.jpg,https://sokodress.s3.ap-northeast-2.amazonaws.com/products_image/1079462_8.jpg,https://sokodress.s3.ap-northeast-2.amazonaws.com/products_image/1079462_9.jpg,https://sokodress.s3.ap-northeast-2.amazonaws.com/products_image/1079462_10.jpg,https://sokodress.s3.ap-northeast-2.amazonaws.com/products_image/1079462_11.jpg,https://sokodress.s3.ap-northeast-2.amazonaws.com/products_image/1079462_12.jpg,https://sokodress.s3.ap-northeast-2.amazonaws.com/products_image/1079462_13.jpg,https://sokodress.s3.ap-northeast-2.amazonaws.com/products_image/1079462_14.jpg,https://sokodress.s3.ap-northeast-2.amazonaws.com/products_image/1079462_15.jpg,https://sokodress.s3.ap-northeast-2.amazonaws.com/products_image/1079462_16.jpg,https://sokodress.s3.ap-northeast-2.amazonaws.com/products_image/1079462_17.jpg,https://sokodress.s3.ap-northeast-2.amazonaws.com/products_image/1079462_18.jpg,https://sokodress.s3.ap-northeast-2.amazonaws.com/products_image/1079462_19.jpg,https://sokodress.s3.ap-northeast-2.amazonaws.com/products_image/1079462_20.jpg",캐주얼,총장 89cm/ 허리 30cm,면65 레이온35,없음,없음,전체안감,루즈핏,"NAVY,SKYBLUE",http://www.ddmmarket.co.kr/Prod?m=S&c=D3I1300101
해커,동대문,디오트,DOT-3-I-13,TEL : 02-2117-4802 (HP : 010-7189-8216),113,43,1078781,끌로점프슈트,BOTTOM,WOMEN,하의,점프수트,24000,대한민국,"https://sokodress.s3.ap-northeast-2.amazonaws.com/products_image/1078781_0.jpg,https://sokodress.s3.ap-northeast-2.amazonaws.com/products_image/1078781_1.jpg,https://sokodress.s3.ap-northeast-2.amazonaws.com/products_image/1078781_2.jpg,https://sokodress.s3.ap-northeast-2.amazonaws.com/products_image/1078781_3.jpg,https://sokodress.s3.ap-northeast-2.amazonaws.com/products_image/1078781_4.jpg,https://sokodress.s3.ap-northeast-2.amazonaws.com/products_image/1078781_5.jpg,https://sokodress.s3.ap-northeast-2.amazonaws.com/products_image/1078781_6.jpg,https://sokodress.s3.ap-northeast-2.amazonaws.com/products_image/1078781_7.jpg,https://sokodress.s3.ap-northeast-2.amazonaws.com/products_image/1078781_8.jpg,https://sokodress.s3.ap-northeast-2.amazonaws.com/products_image/1078781_9.jpg,https://sokodress.s3.ap-northeast-2.amazonaws.com/products_image/1078781_10.jpg,https://sokodress.s3.ap-northeast-2.amazonaws.com/products_image/1078781_11.jpg,https://sokodress.s3.ap-northeast-2.amazonaws.com/products_image/1078781_12.jpg,https://sokodress.s3.ap-northeast-2.amazonaws.com/products_image/1078781_13.jpg,https://sokodress.s3.ap-northeast-2.amazonaws.com/products_image/1078781_14.jpg,https://sokodress.s3.ap-northeast-2.amazonaws.com/products_image/1078781_15.jpg,https://sokodress.s3.ap-northeast-2.amazonaws.com/products_image/1078781_16.jpg,https://sokodress.s3.ap-northeast-2.amazonaws.com/products_image/1078781_17.jpg,https://sokodress.s3.ap-northeast-2.amazonaws.com/products_image/1078781_18.jpg,https://sokodress.s3.ap-northeast-2.amazonaws.com/products_image/1078781_19.jpg,https://sokodress.s3.ap-northeast-2.amazonaws.com/products_image/1078781_20.jpg,https://sokodress.s3.ap-northeast-2.amazonaws.com/products_image/1078781_21.jpg",캐주얼,총장 141cm/ 어깨 32cm/ 가슴 48cm/ 힙 52cm/ 밑단 33cm,레이온70 린넨16 면14,없음,없음,없음,루즈핏,"BEIGE,CHINESEINK,SKYBLUE",http://www.ddmmarket.co.kr/Prod?m=S&c=D3I1300101
해커,동대문,디오트,DOT-3-I-13,TEL : 02-2117-4802 (HP : 010-7189-8216),113,43,1076250,솜사탕pt,BOTTOM,WOMEN,하의,바지,14000,대한민국,"https://sokodress.s3.ap-northeast-2.amazonaws.com/products_image/1076250_0.jpg,https://sokodress.s3.ap-northeast-2.amazonaws.com/products_image/1076250_1.jpg,https://sokodress.s3.ap-northeast-2.amazonaws.com/products_image/1076250_2.jpg,https://sokodress.s3.ap-northeast-2.amazonaws.com/products_image/1076250_3.jpg,https://sokodress.s3.ap-northeast-2.amazonaws.com/products_image/1076250_4.jpg,https://sokodress.s3.ap-northeast-2.amazonaws.com/products_image/1076250_5.jpg,https://sokodress.s3.ap-northeast-2.amazonaws.com/products_image/1076250_6.jpg,https://sokodress.s3.ap-northeast-2.amazonaws.com/products_image/1076250_7.jpg,https://sokodress.s3.ap-northeast-2.amazonaws.com/products_image/1076250_8.jpg,https://sokodress.s3.ap-northeast-2.amazonaws.com/products_image/1076250_9.jpg,https://sokodress.s3.ap-northeast-2.amazonaws.com/products_image/1076250_10.jpg,https://sokodress.s3.ap-northeast-2.amazonaws.com/products_image/1076250_11.jpg,https://sokodress.s3.ap-northeast-2.amazonaws.com/products_image/1076250_12.jpg,https://sokodress.s3.ap-northeast-2.amazonaws.com/products_image/1076250_13.jpg,https://sokodress.s3.ap-northeast-2.amazonaws.com/products_image/1076250_14.jpg,https://sokodress.s3.ap-northeast-2.amazonaws.com/products_image/1076250_15.jpg,https://sokodress.s3.ap-northeast-2.amazonaws.com/products_image/1076250_16.jpg,https://sokodress.s3.ap-northeast-2.amazonaws.com/products_image/1076250_17.jpg,https://sokodress.s3.ap-northeast-2.amazonaws.com/products_image/1076250_18.jpg,https://sokodress.s3.ap-northeast-2.amazonaws.com/products_image/1076250_19.jpg",캐주얼,총장 96cm/ 허리 29cm/ 힙 48cm/ 밑위 32cm/ 밑단 27cm,레이온70 린넨30,없음,좋음,없음,루즈핏,"BEIGE,BLACK,CHESTNUTBROWN",http://www.ddmmarket.co.kr/Prod?m=S&c=D3I1300101
해커,동대문,디오트,DOT-3-I-13,TEL : 02-2117-4802 (HP : 010-7189-8216),113,43,1076245,슈가랩SK,BOTTOM,WOMEN,하의,스커트,17000,대한민국,"https://sokodress.s3.ap-northeast-2.amazonaws.com/products_image/1076245_0.jpg,https://sokodress.s3.ap-northeast-2.amazonaws.com/products_image/1076245_1.jpg,https://sokodress.s3.ap-northeast-2.amazonaws.com/products_image/1076245_2.jpg,https://sokodress.s3.ap-northeast-2.amazonaws.com/products_image/1076245_3.jpg,https://sokodress.s3.ap-northeast-2.amazonaws.com/products_image/1076245_4.jpg,https://sokodress.s3.ap-northeast-2.amazonaws.com/products_image/1076245_5.jpg,https://sokodress.s3.ap-northeast-2.amazonaws.com/products_image/1076245_6.jpg,https://sokodress.s3.ap-northeast-2.amazonaws.com/products_image/1076245_7.jpg,https://sokodress.s3.ap-northeast-2.amazonaws.com/products_image/1076245_8.jpg,https://sokodress.s3.ap-northeast-2.amazonaws.com/products_image/1076245_9.jpg,https://sokodress.s3.ap-northeast-2.amazonaws.com/products_image/1076245_10.jpg,https://sokodress.s3.ap-northeast-2.amazonaws.com/products_image/1076245_11.jpg,https://sokodress.s3.ap-northeast-2.amazonaws.com/products_image/1076245_12.jpg,https://sokodress.s3.ap-northeast-2.amazonaws.com/products_image/1076245_13.jpg,https://sokodress.s3.ap-northeast-2.amazonaws.com/products_image/1076245_14.jpg,https://sokodress.s3.ap-northeast-2.amazonaws.com/products_image/1076245_15.jpg,https://sokodress.s3.ap-northeast-2.amazonaws.com/products_image/1076245_16.jpg,https://sokodress.s3.ap-northeast-2.amazonaws.com/products_image/1076245_17.jpg,https://sokodress.s3.ap-northeast-2.amazonaws.com/products_image/1076245_18.jpg,https://sokodress.s3.ap-northeast-2.amazonaws.com/products_image/1076245_19.jpg",캐주얼,총장 84cm/ 허리 31cm,레이온70 나일론30,없음,없음,없음,기본핏,"BEIGE,NAVY,SKYBLUE",http://www.ddmmarket.co.kr/Prod?m=S&c=D3I1300101
해커,동대문,디오트,DOT-3-I-13,TEL : 02-2117-4802 (HP : 010-7189-8216),113,43,1075547,노비스SK,BOTTOM,WOMEN,하의,스커트,14000,대한민국,"https://sokodress.s3.ap-northeast-2.amazonaws.com/products_image/1075547_0.jpg,https://sokodress.s3.ap-northeast-2.amazonaws.com/products_image/1075547_1.jpg,https://sokodress.s3.ap-northeast-2.amazonaws.com/products_image/1075547_2.jpg,https://sokodress.s3.ap-northeast-2.amazonaws.com/products_image/1075547_3.jpg,https://sokodress.s3.ap-northeast-2.amazonaws.com/products_image/1075547_4.jpg,https://sokodress.s3.ap-northeast-2.amazonaws.com/products_image/1075547_5.jpg,https://sokodress.s3.ap-northeast-2.amazonaws.com/products_image/1075547_6.jpg,https://sokodress.s3.ap-northeast-2.amazonaws.com/products_image/1075547_7.jpg,https://sokodress.s3.ap-northeast-2.amazonaws.com/products_image/1075547_8.jpg,https://sokodress.s3.ap-northeast-2.amazonaws.com/products_image/1075547_9.jpg,https://sokodress.s3.ap-northeast-2.amazonaws.com/products_image/1075547_10.jpg,https://sokodress.s3.ap-northeast-2.amazonaws.com/products_image/1075547_11.jpg,https://sokodress.s3.ap-northeast-2.amazonaws.com/products_image/1075547_12.jpg,https://sokodress.s3.ap-northeast-2.amazonaws.com/products_image/1075547_13.jpg,https://sokodress.s3.ap-northeast-2.amazonaws.com/products_image/1075547_14.jpg,https://sokodress.s3.ap-northeast-2.amazonaws.com/products_image/1075547_15.jpg,https://sokodress.s3.ap-northeast-2.amazonaws.com/products_image/1075547_16.jpg,https://sokodress.s3.ap-northeast-2.amazonaws.com/products_image/1075547_17.jpg,https://sokodress.s3.ap-northeast-2.amazonaws.com/products_image/1075547_18.jpg,https://sokodress.s3.ap-northeast-2.amazonaws.com/products_image/1075547_19.jpg,https://sokodress.s3.ap-northeast-2.amazonaws.com/products_image/1075547_20.jpg,https://sokodress.s3.ap-northeast-2.amazonaws.com/products_image/1075547_21.jpg",캐주얼,"S 총장 78cm/ 허리 33cm/ 힙 43cm
M 총장 79cm/ 허리 35cm/ 힙 45cm",폴리85 레이온10 스판5,없음,좋음,전체안감,기본핏,"BLACK, S,BLACK, M,MINT, S,MINT, M",http://www.ddmmarket.co.kr/Prod?m=S&c=D3I1300101
해커,동대문,디오트,DOT-3-I-13,TEL : 02-2117-4802 (HP : 010-7189-8216),113,43,1070205,HS-22이지SK,BOTTOM,WOMEN,하의,스커트,15000,중국,"https://sokodress.s3.ap-northeast-2.amazonaws.com/products_image/1070205_0.jpg,https://sokodress.s3.ap-northeast-2.amazonaws.com/products_image/1070205_1.jpg,https://sokodress.s3.ap-northeast-2.amazonaws.com/products_image/1070205_2.jpg,https://sokodress.s3.ap-northeast-2.amazonaws.com/products_image/1070205_3.jpg,https://sokodress.s3.ap-northeast-2.amazonaws.com/products_image/1070205_4.jpg,https://sokodress.s3.ap-northeast-2.amazonaws.com/products_image/1070205_5.jpg,https://sokodress.s3.ap-northeast-2.amazonaws.com/products_image/1070205_6.jpg,https://sokodress.s3.ap-northeast-2.amazonaws.com/products_image/1070205_7.jpg,https://sokodress.s3.ap-northeast-2.amazonaws.com/products_image/1070205_8.jpg,https://sokodress.s3.ap-northeast-2.amazonaws.com/products_image/1070205_9.jpg,https://sokodress.s3.ap-northeast-2.amazonaws.com/products_image/1070205_10.jpg,https://sokodress.s3.ap-northeast-2.amazonaws.com/products_image/1070205_11.jpg,https://sokodress.s3.ap-northeast-2.amazonaws.com/products_image/1070205_12.jpg,https://sokodress.s3.ap-northeast-2.amazonaws.com/products_image/1070205_13.jpg,https://sokodress.s3.ap-northeast-2.amazonaws.com/products_image/1070205_14.jpg,https://sokodress.s3.ap-northeast-2.amazonaws.com/products_image/1070205_15.jpg,https://sokodress.s3.ap-northeast-2.amazonaws.com/products_image/1070205_16.jpg,https://sokodress.s3.ap-northeast-2.amazonaws.com/products_image/1070205_17.jpg,https://sokodress.s3.ap-northeast-2.amazonaws.com/products_image/1070205_18.jpg,https://sokodress.s3.ap-northeast-2.amazonaws.com/products_image/1070205_19.jpg",캐주얼,총장 82cm/ 허리 30cm/ 힙 56cm,폴리100,없음,없음,전체안감,기본핏,"BLACK,CREAM,MINT",http://www.ddmmarket.co.kr/Prod?m=S&c=D3I1300101
