shop_name,sizang_name,sangga_name,shop_address,shop_phone,product_unique_id,product_create_at,product_category_1,product_category_2,product_category_3,product_name,product_maxrate,product_fabric,product_made,product_is_unit,product_price,product_color,product_size,product_fitting,product_thickness,product_elasticity,product_seethrough,product_lining,product_gloss,product_touch,product_banding,product_image_url,product_link
티엔씨,동대문,Theot,B1 G 27,02-2117-4166,7304169,,여성,하의,스커트,D링sk(2칼라)합포작업,폴리에스터 100%,"드라이클리닝 전용,세탁기 사용 가능",한국,낱장 가능,38500,"블랙,소라","M,S",기본핏,보통,좋음,비침없음,안감있음,광택있음,부드러움,없음,"https://sokodress.s3.ap-northeast-2.amazonaws.com/products_image2/7304169_0.png,https://sokodress.s3.ap-northeast-2.amazonaws.com/products_image2/7304169_1.png,https://sokodress.s3.ap-northeast-2.amazonaws.com/products_image2/7304169_2.png,https://sokodress.s3.ap-northeast-2.amazonaws.com/products_image2/7304169_3.png,https://sokodress.s3.ap-northeast-2.amazonaws.com/products_image2/7304169_4.png,https://sokodress.s3.ap-northeast-2.amazonaws.com/products_image2/7304169_5.png,https://sokodress.s3.ap-northeast-2.amazonaws.com/products_image2/7304169_6.png,https://sokodress.s3.ap-northeast-2.amazonaws.com/products_image2/7304169_7.png,https://sokodress.s3.ap-northeast-2.amazonaws.com/products_image2/7304169_8.png,https://sokodress.s3.ap-northeast-2.amazonaws.com/products_image2/7304169_9.png",https://www.linkshops.com/tnc_theot
티엔씨,동대문,Theot,B1 G 27,02-2117-4166,7225895,2023-05-01,여성,기타,,베이뷔스티에(2칼라),"폴리에스터 80%,레이온 16%,스판 4%","드라이클리닝 전용,세탁기 사용 가능",한국,낱장 가능,28600,"블랙,베이지",FREE,기본핏,얇음,좋음,비침없음,안감있음,광택없음,부드러움,없음,"https://sokodress.s3.ap-northeast-2.amazonaws.com/products_image2/7225895_0.png,https://sokodress.s3.ap-northeast-2.amazonaws.com/products_image2/7225895_1.png,https://sokodress.s3.ap-northeast-2.amazonaws.com/products_image2/7225895_2.png,https://sokodress.s3.ap-northeast-2.amazonaws.com/products_image2/7225895_3.png,https://sokodress.s3.ap-northeast-2.amazonaws.com/products_image2/7225895_4.png,https://sokodress.s3.ap-northeast-2.amazonaws.com/products_image2/7225895_5.png,https://sokodress.s3.ap-northeast-2.amazonaws.com/products_image2/7225895_6.png,https://sokodress.s3.ap-northeast-2.amazonaws.com/products_image2/7225895_7.png,https://sokodress.s3.ap-northeast-2.amazonaws.com/products_image2/7225895_8.png,https://sokodress.s3.ap-northeast-2.amazonaws.com/products_image2/7225895_9.png",https://www.linkshops.com/tnc_theot
티엔씨,동대문,Theot,B1 G 27,02-2117-4166,6735581,2023-05-01,여성,탑,티/탑,바스티top(2칼라),"폴리에스터 82%,레이온 13%,스판 5%",,한국,낱장 가능,31900,"그레이,블랙",Free,기본핏,얇음,좋음,비침없음,안감있음,광택없음,부드러움,없음,"https://sokodress.s3.ap-northeast-2.amazonaws.com/products_image2/6735581_0.png,https://sokodress.s3.ap-northeast-2.amazonaws.com/products_image2/6735581_1.png,https://sokodress.s3.ap-northeast-2.amazonaws.com/products_image2/6735581_2.png,https://sokodress.s3.ap-northeast-2.amazonaws.com/products_image2/6735581_3.png,https://sokodress.s3.ap-northeast-2.amazonaws.com/products_image2/6735581_4.png,https://sokodress.s3.ap-northeast-2.amazonaws.com/products_image2/6735581_5.png,https://sokodress.s3.ap-northeast-2.amazonaws.com/products_image2/6735581_6.png,https://sokodress.s3.ap-northeast-2.amazonaws.com/products_image2/6735581_7.png,https://sokodress.s3.ap-northeast-2.amazonaws.com/products_image2/6735581_8.png,https://sokodress.s3.ap-northeast-2.amazonaws.com/products_image2/6735581_9.png",https://www.linkshops.com/tnc_theot
티엔씨,동대문,Theot,B1 G 27,02-2117-4166,7225894,2023-05-01,여성,기타,,베이pt(2칼라),"폴리에스터 80%,레이온 16%,스판 4%","드라이클리닝 전용,세탁기 사용 가능",한국,낱장 가능,35200,"베이지,블랙","M,S",기본핏,얇음,좋음,비침없음,안감있음,광택없음,부드러움,없음,"https://sokodress.s3.ap-northeast-2.amazonaws.com/products_image2/7225894_0.png,https://sokodress.s3.ap-northeast-2.amazonaws.com/products_image2/7225894_1.png,https://sokodress.s3.ap-northeast-2.amazonaws.com/products_image2/7225894_2.png,https://sokodress.s3.ap-northeast-2.amazonaws.com/products_image2/7225894_3.png,https://sokodress.s3.ap-northeast-2.amazonaws.com/products_image2/7225894_4.png,https://sokodress.s3.ap-northeast-2.amazonaws.com/products_image2/7225894_5.png,https://sokodress.s3.ap-northeast-2.amazonaws.com/products_image2/7225894_6.png,https://sokodress.s3.ap-northeast-2.amazonaws.com/products_image2/7225894_7.png,https://sokodress.s3.ap-northeast-2.amazonaws.com/products_image2/7225894_8.png,https://sokodress.s3.ap-northeast-2.amazonaws.com/products_image2/7225894_9.png",https://www.linkshops.com/tnc_theot
티엔씨,동대문,Theot,B1 G 27,02-2117-4166,7249646,2023-05-01,여성,기타,,뮤뮤pt(2칼라),"폴리에스터 95%,스판 5%","드라이클리닝 전용,세탁기 사용 가능",한국,낱장 가능,36300,"블랙,그레이","M,S",기본핏,보통,좋음,비침없음,안감있음,광택없음,부드러움,없음,"https://sokodress.s3.ap-northeast-2.amazonaws.com/products_image2/7249646_0.png,https://sokodress.s3.ap-northeast-2.amazonaws.com/products_image2/7249646_1.png,https://sokodress.s3.ap-northeast-2.amazonaws.com/products_image2/7249646_2.png,https://sokodress.s3.ap-northeast-2.amazonaws.com/products_image2/7249646_3.png,https://sokodress.s3.ap-northeast-2.amazonaws.com/products_image2/7249646_4.png,https://sokodress.s3.ap-northeast-2.amazonaws.com/products_image2/7249646_5.png,https://sokodress.s3.ap-northeast-2.amazonaws.com/products_image2/7249646_6.png,https://sokodress.s3.ap-northeast-2.amazonaws.com/products_image2/7249646_7.png,https://sokodress.s3.ap-northeast-2.amazonaws.com/products_image2/7249646_8.png,https://sokodress.s3.ap-northeast-2.amazonaws.com/products_image2/7249646_9.png",https://www.linkshops.com/tnc_theot
티엔씨,동대문,Theot,B1 G 27,02-2117-4166,6786516,2023-05-01,여성,탑,블라우스,아메리bl(2칼라),코튼(면) 100%,드라이클리닝 전용,한국,낱장 가능,28600,"블랙,아이",FREE,기본핏,얇음,보통,비침없음,안감없음,광택없음,보통,없음,"https://sokodress.s3.ap-northeast-2.amazonaws.com/products_image2/6786516_0.png,https://sokodress.s3.ap-northeast-2.amazonaws.com/products_image2/6786516_1.png,https://sokodress.s3.ap-northeast-2.amazonaws.com/products_image2/6786516_2.png,https://sokodress.s3.ap-northeast-2.amazonaws.com/products_image2/6786516_3.png,https://sokodress.s3.ap-northeast-2.amazonaws.com/products_image2/6786516_4.png,https://sokodress.s3.ap-northeast-2.amazonaws.com/products_image2/6786516_5.png,https://sokodress.s3.ap-northeast-2.amazonaws.com/products_image2/6786516_6.png,https://sokodress.s3.ap-northeast-2.amazonaws.com/products_image2/6786516_7.png,https://sokodress.s3.ap-northeast-2.amazonaws.com/products_image2/6786516_8.png,https://sokodress.s3.ap-northeast-2.amazonaws.com/products_image2/6786516_9.png",https://www.linkshops.com/tnc_theot
티엔씨,동대문,Theot,B1 G 27,02-2117-4166,6840807,2023-05-01,여성,하의,스커트,미라클sk(2칼라),"폴리에스터 80%,린넨(마) 5%,레이온 15%","드라이클리닝 전용,세탁기 사용 가능",한국,낱장 가능,30800,"오트베이지,핑크","S,M",보통,기본핏,보통,안감있음,비침없음,얇음,광택없음,없음,"https://sokodress.s3.ap-northeast-2.amazonaws.com/products_image2/6840807_0.png,https://sokodress.s3.ap-northeast-2.amazonaws.com/products_image2/6840807_1.png,https://sokodress.s3.ap-northeast-2.amazonaws.com/products_image2/6840807_2.png,https://sokodress.s3.ap-northeast-2.amazonaws.com/products_image2/6840807_3.png,https://sokodress.s3.ap-northeast-2.amazonaws.com/products_image2/6840807_4.png,https://sokodress.s3.ap-northeast-2.amazonaws.com/products_image2/6840807_5.png,https://sokodress.s3.ap-northeast-2.amazonaws.com/products_image2/6840807_6.png,https://sokodress.s3.ap-northeast-2.amazonaws.com/products_image2/6840807_7.png,https://sokodress.s3.ap-northeast-2.amazonaws.com/products_image2/6840807_8.png,https://sokodress.s3.ap-northeast-2.amazonaws.com/products_image2/6840807_9.png",https://www.linkshops.com/tnc_theot
티엔씨,동대문,Theot,B1 G 27,02-2117-4166,6840803,2023-05-01,여성,아우터,자켓,미라클jk(2칼라),"폴리에스터 80%,레이온 15%,린넨(마) 5%","드라이클리닝 전용,세탁기 사용 가능",한국,낱장 가능,52800,"빨강,오트베이지,핑크",FREE,비침없음,안감없음,루즈핏,보통,보통,광택없음,얇음,없음,"https://sokodress.s3.ap-northeast-2.amazonaws.com/products_image2/6840803_0.png,https://sokodress.s3.ap-northeast-2.amazonaws.com/products_image2/6840803_1.png,https://sokodress.s3.ap-northeast-2.amazonaws.com/products_image2/6840803_2.png,https://sokodress.s3.ap-northeast-2.amazonaws.com/products_image2/6840803_3.png,https://sokodress.s3.ap-northeast-2.amazonaws.com/products_image2/6840803_4.png,https://sokodress.s3.ap-northeast-2.amazonaws.com/products_image2/6840803_5.png,https://sokodress.s3.ap-northeast-2.amazonaws.com/products_image2/6840803_6.png,https://sokodress.s3.ap-northeast-2.amazonaws.com/products_image2/6840803_7.png,https://sokodress.s3.ap-northeast-2.amazonaws.com/products_image2/6840803_8.png,https://sokodress.s3.ap-northeast-2.amazonaws.com/products_image2/6840803_9.png",https://www.linkshops.com/tnc_theot
티엔씨,동대문,Theot,B1 G 27,02-2117-4166,7193070,2023-05-01,여성,드레스,원피스,메이슨ops(2칼라),"폴리에스터 96%,스판 4%","드라이클리닝 전용,세탁기 사용 가능",한국,낱장 가능,31900,"핑크,블랙",FREE,기본핏,보통,보통,비침없음,안감있음,광택없음,부드러움,없음,"https://sokodress.s3.ap-northeast-2.amazonaws.com/products_image2/7193070_0.png,https://sokodress.s3.ap-northeast-2.amazonaws.com/products_image2/7193070_1.png,https://sokodress.s3.ap-northeast-2.amazonaws.com/products_image2/7193070_2.png,https://sokodress.s3.ap-northeast-2.amazonaws.com/products_image2/7193070_3.png,https://sokodress.s3.ap-northeast-2.amazonaws.com/products_image2/7193070_4.png,https://sokodress.s3.ap-northeast-2.amazonaws.com/products_image2/7193070_5.png,https://sokodress.s3.ap-northeast-2.amazonaws.com/products_image2/7193070_6.png,https://sokodress.s3.ap-northeast-2.amazonaws.com/products_image2/7193070_7.png,https://sokodress.s3.ap-northeast-2.amazonaws.com/products_image2/7193070_8.png,https://sokodress.s3.ap-northeast-2.amazonaws.com/products_image2/7193070_9.png",https://www.linkshops.com/tnc_theot
티엔씨,동대문,Theot,B1 G 27,02-2117-4166,7193065,2023-05-01,여성,탑,니트,르로이홀터니트(2칼라),"코튼(면) 55%,나일론 15%,아크릴 30%","드라이클리닝 전용,세탁기 사용 가능",한국,낱장 가능,22000,"그린,민트",FREE,기본핏,보통,좋음,비침없음,안감없음,광택없음,보통,없음,"https://sokodress.s3.ap-northeast-2.amazonaws.com/products_image2/7193065_0.png,https://sokodress.s3.ap-northeast-2.amazonaws.com/products_image2/7193065_1.png,https://sokodress.s3.ap-northeast-2.amazonaws.com/products_image2/7193065_2.png,https://sokodress.s3.ap-northeast-2.amazonaws.com/products_image2/7193065_3.png,https://sokodress.s3.ap-northeast-2.amazonaws.com/products_image2/7193065_4.png,https://sokodress.s3.ap-northeast-2.amazonaws.com/products_image2/7193065_5.png,https://sokodress.s3.ap-northeast-2.amazonaws.com/products_image2/7193065_6.png,https://sokodress.s3.ap-northeast-2.amazonaws.com/products_image2/7193065_7.png,https://sokodress.s3.ap-northeast-2.amazonaws.com/products_image2/7193065_8.png,https://sokodress.s3.ap-northeast-2.amazonaws.com/products_image2/7193065_9.png",https://www.linkshops.com/tnc_theot
티엔씨,동대문,Theot,B1 G 27,02-2117-4166,7260686,2023-05-01,여성,기타,,배틀카고pt(2칼라),"코튼(면) 40%,레이온 60%","드라이클리닝 전용,세탁기 사용 가능",한국,낱장 가능,49500,"베이지,아이","M,S",루즈핏,보통,보통,비침없음,안감없음,광택없음,부드러움,없음,"https://sokodress.s3.ap-northeast-2.amazonaws.com/products_image2/7260686_0.png,https://sokodress.s3.ap-northeast-2.amazonaws.com/products_image2/7260686_1.png,https://sokodress.s3.ap-northeast-2.amazonaws.com/products_image2/7260686_2.png,https://sokodress.s3.ap-northeast-2.amazonaws.com/products_image2/7260686_3.png,https://sokodress.s3.ap-northeast-2.amazonaws.com/products_image2/7260686_4.png,https://sokodress.s3.ap-northeast-2.amazonaws.com/products_image2/7260686_5.png,https://sokodress.s3.ap-northeast-2.amazonaws.com/products_image2/7260686_6.png,https://sokodress.s3.ap-northeast-2.amazonaws.com/products_image2/7260686_7.png,https://sokodress.s3.ap-northeast-2.amazonaws.com/products_image2/7260686_8.png,https://sokodress.s3.ap-northeast-2.amazonaws.com/products_image2/7260686_9.png",https://www.linkshops.com/tnc_theot
티엔씨,동대문,Theot,B1 G 27,02-2117-4166,7260681,2023-05-01,여성,탑,티/탑,라이크t(3칼라),"폴리에스터 92%,스판 8%","드라이클리닝 전용,세탁기 사용 가능",한국,낱장 가능,18700,"베이지,아이,블랙",FREE,기본핏,얇음,좋음,약간있음,안감없음,광택없음,부드러움,없음,"https://sokodress.s3.ap-northeast-2.amazonaws.com/products_image2/7260681_0.png,https://sokodress.s3.ap-northeast-2.amazonaws.com/products_image2/7260681_1.png,https://sokodress.s3.ap-northeast-2.amazonaws.com/products_image2/7260681_2.png,https://sokodress.s3.ap-northeast-2.amazonaws.com/products_image2/7260681_3.png,https://sokodress.s3.ap-northeast-2.amazonaws.com/products_image2/7260681_4.png,https://sokodress.s3.ap-northeast-2.amazonaws.com/products_image2/7260681_5.png,https://sokodress.s3.ap-northeast-2.amazonaws.com/products_image2/7260681_6.png,https://sokodress.s3.ap-northeast-2.amazonaws.com/products_image2/7260681_7.png,https://sokodress.s3.ap-northeast-2.amazonaws.com/products_image2/7260681_8.png,https://sokodress.s3.ap-northeast-2.amazonaws.com/products_image2/7260681_9.png",https://www.linkshops.com/tnc_theot
티엔씨,동대문,Theot,B1 G 27,02-2117-4166,7183217,2023-05-01,여성,탑,니트,스칼럽니트(3칼라),코튼(면) 100%,"드라이클리닝 전용,세탁기 사용 가능",한국,낱장 가능,20900,"블루,블랙,아이",FREE,기본핏,보통,좋음,비침없음,안감없음,광택없음,부드러움,있음,"https://sokodress.s3.ap-northeast-2.amazonaws.com/products_image2/7183217_0.png,https://sokodress.s3.ap-northeast-2.amazonaws.com/products_image2/7183217_1.png,https://sokodress.s3.ap-northeast-2.amazonaws.com/products_image2/7183217_2.png,https://sokodress.s3.ap-northeast-2.amazonaws.com/products_image2/7183217_3.png,https://sokodress.s3.ap-northeast-2.amazonaws.com/products_image2/7183217_4.png,https://sokodress.s3.ap-northeast-2.amazonaws.com/products_image2/7183217_5.png,https://sokodress.s3.ap-northeast-2.amazonaws.com/products_image2/7183217_6.png,https://sokodress.s3.ap-northeast-2.amazonaws.com/products_image2/7183217_7.png,https://sokodress.s3.ap-northeast-2.amazonaws.com/products_image2/7183217_8.png,https://sokodress.s3.ap-northeast-2.amazonaws.com/products_image2/7183217_9.png",https://www.linkshops.com/tnc_theot
티엔씨,동대문,Theot,B1 G 27,02-2117-4166,7271286,2023-05-01,여성,아우터,가디건,엘리스set(3칼라),아크릴 100%,"드라이클리닝 전용,세탁기 사용 가능",한국,낱장 가능,44000,"그레이,블랙,아이",FREE,루즈핏,얇음,보통,비침없음,안감없음,광택없음,보통,없음,"https://sokodress.s3.ap-northeast-2.amazonaws.com/products_image2/7271286_0.png,https://sokodress.s3.ap-northeast-2.amazonaws.com/products_image2/7271286_1.png,https://sokodress.s3.ap-northeast-2.amazonaws.com/products_image2/7271286_2.png,https://sokodress.s3.ap-northeast-2.amazonaws.com/products_image2/7271286_3.png,https://sokodress.s3.ap-northeast-2.amazonaws.com/products_image2/7271286_4.png,https://sokodress.s3.ap-northeast-2.amazonaws.com/products_image2/7271286_5.png,https://sokodress.s3.ap-northeast-2.amazonaws.com/products_image2/7271286_6.png,https://sokodress.s3.ap-northeast-2.amazonaws.com/products_image2/7271286_7.png,https://sokodress.s3.ap-northeast-2.amazonaws.com/products_image2/7271286_8.png,https://sokodress.s3.ap-northeast-2.amazonaws.com/products_image2/7271286_9.png",https://www.linkshops.com/tnc_theot
티엔씨,동대문,Theot,B1 G 27,02-2117-4166,7271285,2023-05-01,여성,탑,니트,엘리스드레이프(3칼라),아크릴 100%,"드라이클리닝 전용,세탁기 사용 가능",한국,낱장 가능,18700,"아이,블랙,그레이",FREE,기본핏,얇음,보통,비침없음,안감없음,광택없음,보통,없음,"https://sokodress.s3.ap-northeast-2.amazonaws.com/products_image2/7271285_0.png,https://sokodress.s3.ap-northeast-2.amazonaws.com/products_image2/7271285_1.png,https://sokodress.s3.ap-northeast-2.amazonaws.com/products_image2/7271285_2.png,https://sokodress.s3.ap-northeast-2.amazonaws.com/products_image2/7271285_3.png,https://sokodress.s3.ap-northeast-2.amazonaws.com/products_image2/7271285_4.png,https://sokodress.s3.ap-northeast-2.amazonaws.com/products_image2/7271285_5.png,https://sokodress.s3.ap-northeast-2.amazonaws.com/products_image2/7271285_6.png,https://sokodress.s3.ap-northeast-2.amazonaws.com/products_image2/7271285_7.png,https://sokodress.s3.ap-northeast-2.amazonaws.com/products_image2/7271285_8.png,https://sokodress.s3.ap-northeast-2.amazonaws.com/products_image2/7271285_9.png",https://www.linkshops.com/tnc_theot
티엔씨,동대문,Theot,B1 G 27,02-2117-4166,7271280,2023-05-01,여성,아우터,가디건,엘리스가디건(3칼라),아크릴 100%,"드라이클리닝 전용,세탁기 사용 가능",한국,낱장 가능,27500,"그레이,블랙,아이",FREE,루즈핏,얇음,좋음,비침있음,안감없음,광택없음,보통,없음,"https://sokodress.s3.ap-northeast-2.amazonaws.com/products_image2/7271280_0.png,https://sokodress.s3.ap-northeast-2.amazonaws.com/products_image2/7271280_1.png,https://sokodress.s3.ap-northeast-2.amazonaws.com/products_image2/7271280_2.png,https://sokodress.s3.ap-northeast-2.amazonaws.com/products_image2/7271280_3.png,https://sokodress.s3.ap-northeast-2.amazonaws.com/products_image2/7271280_4.png,https://sokodress.s3.ap-northeast-2.amazonaws.com/products_image2/7271280_5.png,https://sokodress.s3.ap-northeast-2.amazonaws.com/products_image2/7271280_6.png,https://sokodress.s3.ap-northeast-2.amazonaws.com/products_image2/7271280_7.png,https://sokodress.s3.ap-northeast-2.amazonaws.com/products_image2/7271280_8.png,https://sokodress.s3.ap-northeast-2.amazonaws.com/products_image2/7271280_9.png",https://www.linkshops.com/tnc_theot
티엔씨,동대문,Theot,B1 G 27,02-2117-4166,7215766,2023-05-01,여성,드레스,원피스,주얼리트위드ops(2칼라),"코튼(면) 55%,폴리에스터 10%,레이온 35%","드라이클리닝 전용,세탁기 사용 가능",한국,낱장 가능,63800,"아이,핑크",FREE,기본핏,보통,보통,비침없음,안감있음,광택없음,부드러움,없음,"https://sokodress.s3.ap-northeast-2.amazonaws.com/products_image2/7215766_0.png,https://sokodress.s3.ap-northeast-2.amazonaws.com/products_image2/7215766_1.png,https://sokodress.s3.ap-northeast-2.amazonaws.com/products_image2/7215766_2.png,https://sokodress.s3.ap-northeast-2.amazonaws.com/products_image2/7215766_3.png,https://sokodress.s3.ap-northeast-2.amazonaws.com/products_image2/7215766_4.png,https://sokodress.s3.ap-northeast-2.amazonaws.com/products_image2/7215766_5.png,https://sokodress.s3.ap-northeast-2.amazonaws.com/products_image2/7215766_6.png,https://sokodress.s3.ap-northeast-2.amazonaws.com/products_image2/7215766_7.png,https://sokodress.s3.ap-northeast-2.amazonaws.com/products_image2/7215766_8.png,https://sokodress.s3.ap-northeast-2.amazonaws.com/products_image2/7215766_9.png",https://www.linkshops.com/tnc_theot
티엔씨,동대문,Theot,B1 G 27,02-2117-4166,7281489,2023-05-01,여성,탑,티/탑,코너top(2칼라),"폴리에스터 72%,레이온 23%,스판 5%","드라이클리닝 전용,세탁기 사용 가능",한국,낱장 가능,24200,"블랙,베이지",FREE,슬림핏,얇음,좋음,비침없음,안감없음,광택없음,부드러움,없음,"https://sokodress.s3.ap-northeast-2.amazonaws.com/products_image2/7281489_0.png,https://sokodress.s3.ap-northeast-2.amazonaws.com/products_image2/7281489_1.png,https://sokodress.s3.ap-northeast-2.amazonaws.com/products_image2/7281489_2.png,https://sokodress.s3.ap-northeast-2.amazonaws.com/products_image2/7281489_3.png,https://sokodress.s3.ap-northeast-2.amazonaws.com/products_image2/7281489_4.png,https://sokodress.s3.ap-northeast-2.amazonaws.com/products_image2/7281489_5.png,https://sokodress.s3.ap-northeast-2.amazonaws.com/products_image2/7281489_6.png,https://sokodress.s3.ap-northeast-2.amazonaws.com/products_image2/7281489_7.png,https://sokodress.s3.ap-northeast-2.amazonaws.com/products_image2/7281489_8.png,https://sokodress.s3.ap-northeast-2.amazonaws.com/products_image2/7281489_9.png",https://www.linkshops.com/tnc_theot
티엔씨,동대문,Theot,B1 G 27,02-2117-4166,7281488,2023-05-01,여성,기타,,코너pt(2칼라),"폴리에스터 72%,레이온 23%,스판 5%","드라이클리닝 전용,세탁기 사용 가능",한국,낱장 가능,49500,"베이지,블랙","M,S",루즈핏,보통,좋음,비침없음,안감있음,광택없음,부드러움,없음,"https://sokodress.s3.ap-northeast-2.amazonaws.com/products_image2/7281488_0.png,https://sokodress.s3.ap-northeast-2.amazonaws.com/products_image2/7281488_1.png,https://sokodress.s3.ap-northeast-2.amazonaws.com/products_image2/7281488_2.png,https://sokodress.s3.ap-northeast-2.amazonaws.com/products_image2/7281488_3.png,https://sokodress.s3.ap-northeast-2.amazonaws.com/products_image2/7281488_4.png,https://sokodress.s3.ap-northeast-2.amazonaws.com/products_image2/7281488_5.png,https://sokodress.s3.ap-northeast-2.amazonaws.com/products_image2/7281488_6.png,https://sokodress.s3.ap-northeast-2.amazonaws.com/products_image2/7281488_7.png,https://sokodress.s3.ap-northeast-2.amazonaws.com/products_image2/7281488_8.png,https://sokodress.s3.ap-northeast-2.amazonaws.com/products_image2/7281488_9.png",https://www.linkshops.com/tnc_theot
티엔씨,동대문,Theot,B1 G 27,02-2117-4166,7271275,2023-05-01,여성,하의,스커트,바바라트위드sk(2칼라),"코튼(면) 55%,폴리에스터 35%,레이온 10%","드라이클리닝 전용,세탁기 사용 가능",한국,낱장 가능,42900,"아이,소라","M,S",루즈핏,보통,보통,비침없음,안감있음,광택없음,부드러움,없음,"https://sokodress.s3.ap-northeast-2.amazonaws.com/products_image2/7271275_0.png,https://sokodress.s3.ap-northeast-2.amazonaws.com/products_image2/7271275_1.png,https://sokodress.s3.ap-northeast-2.amazonaws.com/products_image2/7271275_2.png,https://sokodress.s3.ap-northeast-2.amazonaws.com/products_image2/7271275_3.png,https://sokodress.s3.ap-northeast-2.amazonaws.com/products_image2/7271275_4.png,https://sokodress.s3.ap-northeast-2.amazonaws.com/products_image2/7271275_5.png,https://sokodress.s3.ap-northeast-2.amazonaws.com/products_image2/7271275_6.png,https://sokodress.s3.ap-northeast-2.amazonaws.com/products_image2/7271275_7.png,https://sokodress.s3.ap-northeast-2.amazonaws.com/products_image2/7271275_8.png,https://sokodress.s3.ap-northeast-2.amazonaws.com/products_image2/7271275_9.png",https://www.linkshops.com/tnc_theot
티엔씨,동대문,Theot,B1 G 27,02-2117-4166,6053942,2023-05-01,여성,아우터,자켓,썸머코코jk(2칼라),폴리에스터 100%,,한국,낱장 가능,33000,"아이,블루",Free,,,,,,,,,"https://sokodress.s3.ap-northeast-2.amazonaws.com/products_image2/6053942_0.png,https://sokodress.s3.ap-northeast-2.amazonaws.com/products_image2/6053942_1.png,https://sokodress.s3.ap-northeast-2.amazonaws.com/products_image2/6053942_2.png,https://sokodress.s3.ap-northeast-2.amazonaws.com/products_image2/6053942_3.png,https://sokodress.s3.ap-northeast-2.amazonaws.com/products_image2/6053942_4.png,https://sokodress.s3.ap-northeast-2.amazonaws.com/products_image2/6053942_5.png,https://sokodress.s3.ap-northeast-2.amazonaws.com/products_image2/6053942_6.png,https://sokodress.s3.ap-northeast-2.amazonaws.com/products_image2/6053942_7.png,https://sokodress.s3.ap-northeast-2.amazonaws.com/products_image2/6053942_8.png,https://sokodress.s3.ap-northeast-2.amazonaws.com/products_image2/6053942_9.png",https://www.linkshops.com/tnc_theot
티엔씨,동대문,Theot,B1 G 27,02-2117-4166,6053949,2023-05-01,여성,하의,스커트,썸머코코sk(2칼라),폴리에스터 100%,,한국,낱장 가능,33000,"아이,블루","S,M",,,,,,,,,"https://sokodress.s3.ap-northeast-2.amazonaws.com/products_image2/6053949_0.png,https://sokodress.s3.ap-northeast-2.amazonaws.com/products_image2/6053949_1.png,https://sokodress.s3.ap-northeast-2.amazonaws.com/products_image2/6053949_2.png,https://sokodress.s3.ap-northeast-2.amazonaws.com/products_image2/6053949_3.png,https://sokodress.s3.ap-northeast-2.amazonaws.com/products_image2/6053949_4.png,https://sokodress.s3.ap-northeast-2.amazonaws.com/products_image2/6053949_5.png,https://sokodress.s3.ap-northeast-2.amazonaws.com/products_image2/6053949_6.png,https://sokodress.s3.ap-northeast-2.amazonaws.com/products_image2/6053949_7.png,https://sokodress.s3.ap-northeast-2.amazonaws.com/products_image2/6053949_8.png,https://sokodress.s3.ap-northeast-2.amazonaws.com/products_image2/6053949_9.png",https://www.linkshops.com/tnc_theot
티엔씨,동대문,Theot,B1 G 27,02-2117-4166,7315538,2023-05-01,여성,탑,티/탑,오번나시(2칼라),"코튼(면) 72%,레이온 28%","드라이클리닝 전용,세탁기 사용 가능",한국,낱장 가능,14300,"브라운,아이",FREE,기본핏,얇음,좋음,비침없음,안감없음,광택없음,부드러움,없음,"https://sokodress.s3.ap-northeast-2.amazonaws.com/products_image2/7315538_0.png,https://sokodress.s3.ap-northeast-2.amazonaws.com/products_image2/7315538_1.png,https://sokodress.s3.ap-northeast-2.amazonaws.com/products_image2/7315538_2.png,https://sokodress.s3.ap-northeast-2.amazonaws.com/products_image2/7315538_3.png,https://sokodress.s3.ap-northeast-2.amazonaws.com/products_image2/7315538_4.png,https://sokodress.s3.ap-northeast-2.amazonaws.com/products_image2/7315538_5.png,https://sokodress.s3.ap-northeast-2.amazonaws.com/products_image2/7315538_6.png,https://sokodress.s3.ap-northeast-2.amazonaws.com/products_image2/7315538_7.png,https://sokodress.s3.ap-northeast-2.amazonaws.com/products_image2/7315538_8.png,https://sokodress.s3.ap-northeast-2.amazonaws.com/products_image2/7315538_9.png",https://www.linkshops.com/tnc_theot
티엔씨,동대문,Theot,B1 G 27,02-2117-4166,7315532,2023-05-01,여성,탑,티/탑,Rn단가라(2칼라),"레이온 65%,나일론 35%","드라이클리닝 전용,세탁기 사용 가능",한국,낱장 가능,25300,"소라,아이",FREE,기본핏,얇음,좋음,비침없음,안감없음,광택없음,부드러움,없음,"https://sokodress.s3.ap-northeast-2.amazonaws.com/products_image2/7315532_0.png,https://sokodress.s3.ap-northeast-2.amazonaws.com/products_image2/7315532_1.png,https://sokodress.s3.ap-northeast-2.amazonaws.com/products_image2/7315532_2.png,https://sokodress.s3.ap-northeast-2.amazonaws.com/products_image2/7315532_3.png,https://sokodress.s3.ap-northeast-2.amazonaws.com/products_image2/7315532_4.png,https://sokodress.s3.ap-northeast-2.amazonaws.com/products_image2/7315532_5.png,https://sokodress.s3.ap-northeast-2.amazonaws.com/products_image2/7315532_6.png,https://sokodress.s3.ap-northeast-2.amazonaws.com/products_image2/7315532_7.png,https://sokodress.s3.ap-northeast-2.amazonaws.com/products_image2/7315532_8.png,https://sokodress.s3.ap-northeast-2.amazonaws.com/products_image2/7315532_9.png",https://www.linkshops.com/tnc_theot
티엔씨,동대문,Theot,B1 G 27,02-2117-4166,7315528,2023-05-01,여성,드레스,원피스,마린ops(2칼라),폴리에스터 100%,"드라이클리닝 전용,세탁기 사용 가능",한국,낱장 가능,42900,"옐로우,블랙",FREE,루즈핏,얇음,좋음,비침없음,안감있음,광택없음,부드러움,있음,"https://sokodress.s3.ap-northeast-2.amazonaws.com/products_image2/7315528_0.png,https://sokodress.s3.ap-northeast-2.amazonaws.com/products_image2/7315528_1.png,https://sokodress.s3.ap-northeast-2.amazonaws.com/products_image2/7315528_2.png,https://sokodress.s3.ap-northeast-2.amazonaws.com/products_image2/7315528_3.png,https://sokodress.s3.ap-northeast-2.amazonaws.com/products_image2/7315528_4.png,https://sokodress.s3.ap-northeast-2.amazonaws.com/products_image2/7315528_5.png,https://sokodress.s3.ap-northeast-2.amazonaws.com/products_image2/7315528_6.png,https://sokodress.s3.ap-northeast-2.amazonaws.com/products_image2/7315528_7.png,https://sokodress.s3.ap-northeast-2.amazonaws.com/products_image2/7315528_8.png,https://sokodress.s3.ap-northeast-2.amazonaws.com/products_image2/7315528_9.png",https://www.linkshops.com/tnc_theot
티엔씨,동대문,Theot,B1 G 27,02-2117-4166,7314963,2023-05-01,여성,탑,티/탑,엑스페인트T(2칼라),코튼(면) 100%,"드라이클리닝 전용,세탁기 사용 가능",한국,낱장 가능,25300,"네이비,블랙",FREE,기본핏,얇음,좋음,비침없음,안감없음,광택없음,부드러움,없음,"https://sokodress.s3.ap-northeast-2.amazonaws.com/products_image2/7314963_0.png,https://sokodress.s3.ap-northeast-2.amazonaws.com/products_image2/7314963_1.png,https://sokodress.s3.ap-northeast-2.amazonaws.com/products_image2/7314963_2.png,https://sokodress.s3.ap-northeast-2.amazonaws.com/products_image2/7314963_3.png,https://sokodress.s3.ap-northeast-2.amazonaws.com/products_image2/7314963_4.png,https://sokodress.s3.ap-northeast-2.amazonaws.com/products_image2/7314963_5.png,https://sokodress.s3.ap-northeast-2.amazonaws.com/products_image2/7314963_6.png,https://sokodress.s3.ap-northeast-2.amazonaws.com/products_image2/7314963_7.png,https://sokodress.s3.ap-northeast-2.amazonaws.com/products_image2/7314963_8.png,https://sokodress.s3.ap-northeast-2.amazonaws.com/products_image2/7314963_9.png",https://www.linkshops.com/tnc_theot
티엔씨,동대문,Theot,B1 G 27,02-2117-4166,7271277,2023-05-01,여성,탑,블라우스,모네레이스bl(2칼라),"폴리에스터 50%,레이온 50%","드라이클리닝 전용,세탁기 사용 가능",한국,낱장 가능,39600,"카키,아이",FREE,루즈핏,얇음,보통,비침없음,안감없음,광택있음,부드러움,없음,"https://sokodress.s3.ap-northeast-2.amazonaws.com/products_image2/7271277_0.png,https://sokodress.s3.ap-northeast-2.amazonaws.com/products_image2/7271277_1.png,https://sokodress.s3.ap-northeast-2.amazonaws.com/products_image2/7271277_2.png,https://sokodress.s3.ap-northeast-2.amazonaws.com/products_image2/7271277_3.png,https://sokodress.s3.ap-northeast-2.amazonaws.com/products_image2/7271277_4.png,https://sokodress.s3.ap-northeast-2.amazonaws.com/products_image2/7271277_5.png,https://sokodress.s3.ap-northeast-2.amazonaws.com/products_image2/7271277_6.png,https://sokodress.s3.ap-northeast-2.amazonaws.com/products_image2/7271277_7.png,https://sokodress.s3.ap-northeast-2.amazonaws.com/products_image2/7271277_8.png,https://sokodress.s3.ap-northeast-2.amazonaws.com/products_image2/7271277_9.png",https://www.linkshops.com/tnc_theot
티엔씨,동대문,Theot,B1 G 27,02-2117-4166,7271274,2023-05-01,여성,아우터,자켓,바바라트위드jk(2칼라),"코튼(면) 55%,폴리에스터 35%,레이온 10%","드라이클리닝 전용,세탁기 사용 가능",한국,낱장 가능,42900,"소라,아이",FREE,기본핏,얇음,보통,비침없음,안감없음,광택없음,부드러움,없음,"https://sokodress.s3.ap-northeast-2.amazonaws.com/products_image2/7271274_0.png,https://sokodress.s3.ap-northeast-2.amazonaws.com/products_image2/7271274_1.png,https://sokodress.s3.ap-northeast-2.amazonaws.com/products_image2/7271274_2.png,https://sokodress.s3.ap-northeast-2.amazonaws.com/products_image2/7271274_3.png,https://sokodress.s3.ap-northeast-2.amazonaws.com/products_image2/7271274_4.png,https://sokodress.s3.ap-northeast-2.amazonaws.com/products_image2/7271274_5.png,https://sokodress.s3.ap-northeast-2.amazonaws.com/products_image2/7271274_6.png,https://sokodress.s3.ap-northeast-2.amazonaws.com/products_image2/7271274_7.png,https://sokodress.s3.ap-northeast-2.amazonaws.com/products_image2/7271274_8.png,https://sokodress.s3.ap-northeast-2.amazonaws.com/products_image2/7271274_9.png",https://www.linkshops.com/tnc_theot
티엔씨,동대문,Theot,B1 G 27,02-2117-4166,6339010,2023-05-01,여성,아우터,자켓,숏트렌치jk(2칼라),"폴리에스터 40%,코튼(면) 60%","드라이클리닝 전용,세탁기 사용 가능",한국,낱장 가능,57200,베이지,Free,기본핏,보통,보통,비침없음,안감없음,광택없음,부드러움,없음,"https://sokodress.s3.ap-northeast-2.amazonaws.com/products_image2/6339010_0.png,https://sokodress.s3.ap-northeast-2.amazonaws.com/products_image2/6339010_1.png,https://sokodress.s3.ap-northeast-2.amazonaws.com/products_image2/6339010_2.png,https://sokodress.s3.ap-northeast-2.amazonaws.com/products_image2/6339010_3.png,https://sokodress.s3.ap-northeast-2.amazonaws.com/products_image2/6339010_4.png,https://sokodress.s3.ap-northeast-2.amazonaws.com/products_image2/6339010_5.png,https://sokodress.s3.ap-northeast-2.amazonaws.com/products_image2/6339010_6.png,https://sokodress.s3.ap-northeast-2.amazonaws.com/products_image2/6339010_7.png,https://sokodress.s3.ap-northeast-2.amazonaws.com/products_image2/6339010_8.png",https://www.linkshops.com/tnc_theot
티엔씨,동대문,Theot,B1 G 27,02-2117-4166,7227798,2023-05-01,여성,드레스,원피스,엘라니트ops(2칼라),아크릴 100%,"드라이클리닝 전용,세탁기 사용 가능",한국,낱장 가능,36300,"카키,오렌지",FREE,기본핏,얇음,보통,비침없음,안감없음,광택없음,부드러움,없음,"https://sokodress.s3.ap-northeast-2.amazonaws.com/products_image2/7227798_0.png,https://sokodress.s3.ap-northeast-2.amazonaws.com/products_image2/7227798_1.png,https://sokodress.s3.ap-northeast-2.amazonaws.com/products_image2/7227798_2.png,https://sokodress.s3.ap-northeast-2.amazonaws.com/products_image2/7227798_3.png,https://sokodress.s3.ap-northeast-2.amazonaws.com/products_image2/7227798_4.png,https://sokodress.s3.ap-northeast-2.amazonaws.com/products_image2/7227798_5.png,https://sokodress.s3.ap-northeast-2.amazonaws.com/products_image2/7227798_6.png,https://sokodress.s3.ap-northeast-2.amazonaws.com/products_image2/7227798_7.png,https://sokodress.s3.ap-northeast-2.amazonaws.com/products_image2/7227798_8.png,https://sokodress.s3.ap-northeast-2.amazonaws.com/products_image2/7227798_9.png",https://www.linkshops.com/tnc_theot
티엔씨,동대문,Theot,B1 G 27,02-2117-4166,7258199,2023-05-01,여성,하의,점프수트,버뮤다점프수트(2칼라),코튼(면) 100%,"드라이클리닝 전용,세탁기 사용 가능",한국,낱장 가능,59400,"블랙,아이",FREE,루즈핏,보통,보통,비침없음,안감없음,광택없음,부드러움,없음,"https://sokodress.s3.ap-northeast-2.amazonaws.com/products_image2/7258199_0.png,https://sokodress.s3.ap-northeast-2.amazonaws.com/products_image2/7258199_1.png,https://sokodress.s3.ap-northeast-2.amazonaws.com/products_image2/7258199_2.png,https://sokodress.s3.ap-northeast-2.amazonaws.com/products_image2/7258199_3.png,https://sokodress.s3.ap-northeast-2.amazonaws.com/products_image2/7258199_4.png,https://sokodress.s3.ap-northeast-2.amazonaws.com/products_image2/7258199_5.png,https://sokodress.s3.ap-northeast-2.amazonaws.com/products_image2/7258199_6.png,https://sokodress.s3.ap-northeast-2.amazonaws.com/products_image2/7258199_7.png,https://sokodress.s3.ap-northeast-2.amazonaws.com/products_image2/7258199_8.png,https://sokodress.s3.ap-northeast-2.amazonaws.com/products_image2/7258199_9.png",https://www.linkshops.com/tnc_theot
티엔씨,동대문,Theot,B1 G 27,02-2117-4166,7258205,2023-05-01,여성,탑,티/탑,프릴나시Top(2칼라),"레이온 81%,코튼(면) 15%,스판 4%","드라이클리닝 전용,세탁기 사용 가능",한국,낱장 가능,22000,"그레이,블랙",FREE,루즈핏,얇음,좋음,비침없음,안감없음,광택없음,부드러움,없음,"https://sokodress.s3.ap-northeast-2.amazonaws.com/products_image2/7258205_0.png,https://sokodress.s3.ap-northeast-2.amazonaws.com/products_image2/7258205_1.png,https://sokodress.s3.ap-northeast-2.amazonaws.com/products_image2/7258205_2.png,https://sokodress.s3.ap-northeast-2.amazonaws.com/products_image2/7258205_3.png,https://sokodress.s3.ap-northeast-2.amazonaws.com/products_image2/7258205_4.png,https://sokodress.s3.ap-northeast-2.amazonaws.com/products_image2/7258205_5.png,https://sokodress.s3.ap-northeast-2.amazonaws.com/products_image2/7258205_6.png,https://sokodress.s3.ap-northeast-2.amazonaws.com/products_image2/7258205_7.png,https://sokodress.s3.ap-northeast-2.amazonaws.com/products_image2/7258205_8.png,https://sokodress.s3.ap-northeast-2.amazonaws.com/products_image2/7258205_9.png",https://www.linkshops.com/tnc_theot
티엔씨,동대문,Theot,B1 G 27,02-2117-4166,7249638,,여성,하의,스커트,페드로sk(2칼라)벨트set,"폴리에스터 75%,레이온 19%,스판 6%","드라이클리닝 전용,세탁기 사용 가능",한국,낱장 가능,42900,"크림,블랙","M,S",기본핏,보통,좋음,비침없음,안감있음,광택없음,부드러움,없음,"https://sokodress.s3.ap-northeast-2.amazonaws.com/products_image2/7249638_0.png,https://sokodress.s3.ap-northeast-2.amazonaws.com/products_image2/7249638_1.png,https://sokodress.s3.ap-northeast-2.amazonaws.com/products_image2/7249638_2.png,https://sokodress.s3.ap-northeast-2.amazonaws.com/products_image2/7249638_3.png,https://sokodress.s3.ap-northeast-2.amazonaws.com/products_image2/7249638_4.png,https://sokodress.s3.ap-northeast-2.amazonaws.com/products_image2/7249638_5.png,https://sokodress.s3.ap-northeast-2.amazonaws.com/products_image2/7249638_6.png,https://sokodress.s3.ap-northeast-2.amazonaws.com/products_image2/7249638_7.png,https://sokodress.s3.ap-northeast-2.amazonaws.com/products_image2/7249638_8.png,https://sokodress.s3.ap-northeast-2.amazonaws.com/products_image2/7249638_9.png",https://www.linkshops.com/tnc_theot
티엔씨,동대문,Theot,B1 G 27,02-2117-4166,7249629,2023-05-01,여성,드레스,원피스,매니ops(2칼라),나일론 100%,"드라이클리닝 전용,세탁기 사용 가능",한국,낱장 가능,42900,"베이지,민트",FREE,기본핏,얇음,좋음,비침없음,안감없음,약간있음,부드러움,있음,"https://sokodress.s3.ap-northeast-2.amazonaws.com/products_image2/7249629_0.png,https://sokodress.s3.ap-northeast-2.amazonaws.com/products_image2/7249629_1.png,https://sokodress.s3.ap-northeast-2.amazonaws.com/products_image2/7249629_2.png,https://sokodress.s3.ap-northeast-2.amazonaws.com/products_image2/7249629_3.png,https://sokodress.s3.ap-northeast-2.amazonaws.com/products_image2/7249629_4.png,https://sokodress.s3.ap-northeast-2.amazonaws.com/products_image2/7249629_5.png,https://sokodress.s3.ap-northeast-2.amazonaws.com/products_image2/7249629_6.png,https://sokodress.s3.ap-northeast-2.amazonaws.com/products_image2/7249629_7.png,https://sokodress.s3.ap-northeast-2.amazonaws.com/products_image2/7249629_8.png,https://sokodress.s3.ap-northeast-2.amazonaws.com/products_image2/7249629_9.png",https://www.linkshops.com/tnc_theot
티엔씨,동대문,Theot,B1 G 27,02-2117-4166,7292170,2023-05-01,여성,탑,티/탑,젤리T(3칼라),"코튼(면) 70%,레이온 25%,스판 5%","드라이클리닝 전용,세탁기 사용 가능",한국,낱장 가능,22000,"옐로우,아이,블랙",FREE,기본핏,얇음,좋음,비침없음,안감없음,광택없음,부드러움,없음,"https://sokodress.s3.ap-northeast-2.amazonaws.com/products_image2/7292170_0.png,https://sokodress.s3.ap-northeast-2.amazonaws.com/products_image2/7292170_1.png,https://sokodress.s3.ap-northeast-2.amazonaws.com/products_image2/7292170_2.png,https://sokodress.s3.ap-northeast-2.amazonaws.com/products_image2/7292170_3.png,https://sokodress.s3.ap-northeast-2.amazonaws.com/products_image2/7292170_4.png,https://sokodress.s3.ap-northeast-2.amazonaws.com/products_image2/7292170_5.png,https://sokodress.s3.ap-northeast-2.amazonaws.com/products_image2/7292170_6.png,https://sokodress.s3.ap-northeast-2.amazonaws.com/products_image2/7292170_7.png,https://sokodress.s3.ap-northeast-2.amazonaws.com/products_image2/7292170_8.png,https://sokodress.s3.ap-northeast-2.amazonaws.com/products_image2/7292170_9.png",https://www.linkshops.com/tnc_theot
티엔씨,동대문,Theot,B1 G 27,02-2117-4166,7292167,2023-05-01,여성,드레스,원피스,자스민ops(2칼라),폴리에스터 100%,"드라이클리닝 전용,세탁기 사용 가능",한국,낱장 가능,31900,"민트,블랙",FREE,루즈핏,얇음,보통,비침없음,안감없음,광택없음,부드러움,없음,"https://sokodress.s3.ap-northeast-2.amazonaws.com/products_image2/7292167_0.png,https://sokodress.s3.ap-northeast-2.amazonaws.com/products_image2/7292167_1.png,https://sokodress.s3.ap-northeast-2.amazonaws.com/products_image2/7292167_2.png,https://sokodress.s3.ap-northeast-2.amazonaws.com/products_image2/7292167_3.png,https://sokodress.s3.ap-northeast-2.amazonaws.com/products_image2/7292167_4.png,https://sokodress.s3.ap-northeast-2.amazonaws.com/products_image2/7292167_5.png,https://sokodress.s3.ap-northeast-2.amazonaws.com/products_image2/7292167_6.png,https://sokodress.s3.ap-northeast-2.amazonaws.com/products_image2/7292167_7.png,https://sokodress.s3.ap-northeast-2.amazonaws.com/products_image2/7292167_8.png,https://sokodress.s3.ap-northeast-2.amazonaws.com/products_image2/7292167_9.png",https://www.linkshops.com/tnc_theot
티엔씨,동대문,Theot,B1 G 27,02-2117-4166,7292160,2023-05-01,여성,탑,블라우스,보에bl(2칼라),폴리에스터 100%,"드라이클리닝 전용,세탁기 사용 가능",한국,낱장 가능,31900,"베이지,블랙",FREE,기본핏,얇음,보통,비침없음,안감없음,광택없음,보통,없음,"https://sokodress.s3.ap-northeast-2.amazonaws.com/products_image2/7292160_0.png,https://sokodress.s3.ap-northeast-2.amazonaws.com/products_image2/7292160_1.png,https://sokodress.s3.ap-northeast-2.amazonaws.com/products_image2/7292160_2.png,https://sokodress.s3.ap-northeast-2.amazonaws.com/products_image2/7292160_3.png,https://sokodress.s3.ap-northeast-2.amazonaws.com/products_image2/7292160_4.png,https://sokodress.s3.ap-northeast-2.amazonaws.com/products_image2/7292160_5.png,https://sokodress.s3.ap-northeast-2.amazonaws.com/products_image2/7292160_6.png,https://sokodress.s3.ap-northeast-2.amazonaws.com/products_image2/7292160_7.png,https://sokodress.s3.ap-northeast-2.amazonaws.com/products_image2/7292160_8.png,https://sokodress.s3.ap-northeast-2.amazonaws.com/products_image2/7292160_9.png",https://www.linkshops.com/tnc_theot
티엔씨,동대문,Theot,B1 G 27,02-2117-4166,7292157,2023-05-01,여성,탑,블라우스,랩리본bl(2칼라),"코튼(면) 85%,레이온 15%","드라이클리닝 전용,세탁기 사용 가능",한국,낱장 가능,38500,"블랙,아이",FREE,루즈핏,얇음,보통,비침없음,안감없음,광택없음,부드러움,없음,"https://sokodress.s3.ap-northeast-2.amazonaws.com/products_image2/7292157_0.png,https://sokodress.s3.ap-northeast-2.amazonaws.com/products_image2/7292157_1.png,https://sokodress.s3.ap-northeast-2.amazonaws.com/products_image2/7292157_2.png,https://sokodress.s3.ap-northeast-2.amazonaws.com/products_image2/7292157_3.png,https://sokodress.s3.ap-northeast-2.amazonaws.com/products_image2/7292157_4.png,https://sokodress.s3.ap-northeast-2.amazonaws.com/products_image2/7292157_5.png,https://sokodress.s3.ap-northeast-2.amazonaws.com/products_image2/7292157_6.png,https://sokodress.s3.ap-northeast-2.amazonaws.com/products_image2/7292157_7.png,https://sokodress.s3.ap-northeast-2.amazonaws.com/products_image2/7292157_8.png,https://sokodress.s3.ap-northeast-2.amazonaws.com/products_image2/7292157_9.png",https://www.linkshops.com/tnc_theot
티엔씨,동대문,Theot,B1 G 27,02-2117-4166,7304441,2023-05-01,여성,탑,티/탑,돌체T(2칼라),"폴리에스터 72%,레이온 24%,스판 4%","드라이클리닝 전용,세탁기 사용 가능",한국,낱장 가능,14300,"퍼플,네이비",FREE,기본핏,얇음,보통,비침없음,안감없음,약간있음,보통,없음,"https://sokodress.s3.ap-northeast-2.amazonaws.com/products_image2/7304441_0.png,https://sokodress.s3.ap-northeast-2.amazonaws.com/products_image2/7304441_1.png,https://sokodress.s3.ap-northeast-2.amazonaws.com/products_image2/7304441_2.png,https://sokodress.s3.ap-northeast-2.amazonaws.com/products_image2/7304441_3.png,https://sokodress.s3.ap-northeast-2.amazonaws.com/products_image2/7304441_4.png,https://sokodress.s3.ap-northeast-2.amazonaws.com/products_image2/7304441_5.png,https://sokodress.s3.ap-northeast-2.amazonaws.com/products_image2/7304441_6.png,https://sokodress.s3.ap-northeast-2.amazonaws.com/products_image2/7304441_7.png,https://sokodress.s3.ap-northeast-2.amazonaws.com/products_image2/7304441_8.png,https://sokodress.s3.ap-northeast-2.amazonaws.com/products_image2/7304441_9.png",https://www.linkshops.com/tnc_theot
티엔씨,동대문,Theot,B1 G 27,02-2117-4166,7304434,2023-05-01,여성,탑,티/탑,레센T(2칼라),코튼(면) 100%,"드라이클리닝 전용,세탁기 사용 가능",한국,낱장 가능,19800,"네이비,아이",FREE,기본핏,얇음,좋음,비침없음,안감없음,광택없음,부드러움,없음,"https://sokodress.s3.ap-northeast-2.amazonaws.com/products_image2/7304434_0.png,https://sokodress.s3.ap-northeast-2.amazonaws.com/products_image2/7304434_1.png,https://sokodress.s3.ap-northeast-2.amazonaws.com/products_image2/7304434_2.png,https://sokodress.s3.ap-northeast-2.amazonaws.com/products_image2/7304434_3.png,https://sokodress.s3.ap-northeast-2.amazonaws.com/products_image2/7304434_4.png,https://sokodress.s3.ap-northeast-2.amazonaws.com/products_image2/7304434_5.png,https://sokodress.s3.ap-northeast-2.amazonaws.com/products_image2/7304434_6.png,https://sokodress.s3.ap-northeast-2.amazonaws.com/products_image2/7304434_7.png,https://sokodress.s3.ap-northeast-2.amazonaws.com/products_image2/7304434_8.png,https://sokodress.s3.ap-northeast-2.amazonaws.com/products_image2/7304434_9.png",https://www.linkshops.com/tnc_theot
티엔씨,동대문,Theot,B1 G 27,02-2117-4166,7303974,2023-05-01,여성,드레스,원피스,부케ops(2칼라),코튼(면) 100%,"드라이클리닝 전용,세탁기 사용 가능",한국,낱장 가능,49500,"소라,옐로우",FREE,루즈핏,보통,보통,비침없음,안감있음,광택없음,보통,없음,"https://sokodress.s3.ap-northeast-2.amazonaws.com/products_image2/7303974_0.png,https://sokodress.s3.ap-northeast-2.amazonaws.com/products_image2/7303974_1.png,https://sokodress.s3.ap-northeast-2.amazonaws.com/products_image2/7303974_2.png,https://sokodress.s3.ap-northeast-2.amazonaws.com/products_image2/7303974_3.png,https://sokodress.s3.ap-northeast-2.amazonaws.com/products_image2/7303974_4.png,https://sokodress.s3.ap-northeast-2.amazonaws.com/products_image2/7303974_5.png,https://sokodress.s3.ap-northeast-2.amazonaws.com/products_image2/7303974_6.png,https://sokodress.s3.ap-northeast-2.amazonaws.com/products_image2/7303974_7.png,https://sokodress.s3.ap-northeast-2.amazonaws.com/products_image2/7303974_8.png,https://sokodress.s3.ap-northeast-2.amazonaws.com/products_image2/7303974_9.png",https://www.linkshops.com/tnc_theot
티엔씨,동대문,Theot,B1 G 27,02-2117-4166,7183214,2023-05-01,여성,기타,,Z팬츠(2칼라),"폴리에스터 72%,레이온 24%,스판 4%","드라이클리닝 전용,세탁기 사용 가능",한국,낱장 가능,35200,"아이,블랙","M,S",기본핏,보통,좋음,비침없음,안감있음,광택없음,부드러움,없음,"https://sokodress.s3.ap-northeast-2.amazonaws.com/products_image2/7183214_0.png,https://sokodress.s3.ap-northeast-2.amazonaws.com/products_image2/7183214_1.png,https://sokodress.s3.ap-northeast-2.amazonaws.com/products_image2/7183214_2.png,https://sokodress.s3.ap-northeast-2.amazonaws.com/products_image2/7183214_3.png,https://sokodress.s3.ap-northeast-2.amazonaws.com/products_image2/7183214_4.png,https://sokodress.s3.ap-northeast-2.amazonaws.com/products_image2/7183214_5.png,https://sokodress.s3.ap-northeast-2.amazonaws.com/products_image2/7183214_6.png,https://sokodress.s3.ap-northeast-2.amazonaws.com/products_image2/7183214_7.png,https://sokodress.s3.ap-northeast-2.amazonaws.com/products_image2/7183214_8.png,https://sokodress.s3.ap-northeast-2.amazonaws.com/products_image2/7183214_9.png",https://www.linkshops.com/tnc_theot
티엔씨,동대문,Theot,B1 G 27,02-2117-4166,6735577,2023-05-01,여성,기타,,바스티팬츠(2칼라),"폴리에스터 82%,레이온 13%,스판 5%",,한국,낱장 가능,31900,"그레이,블랙",Free,기본핏,보통,좋음,비침없음,안감있음,광택없음,부드러움,없음,"https://sokodress.s3.ap-northeast-2.amazonaws.com/products_image2/6735577_0.png,https://sokodress.s3.ap-northeast-2.amazonaws.com/products_image2/6735577_1.png,https://sokodress.s3.ap-northeast-2.amazonaws.com/products_image2/6735577_2.png,https://sokodress.s3.ap-northeast-2.amazonaws.com/products_image2/6735577_3.png,https://sokodress.s3.ap-northeast-2.amazonaws.com/products_image2/6735577_4.png,https://sokodress.s3.ap-northeast-2.amazonaws.com/products_image2/6735577_5.png,https://sokodress.s3.ap-northeast-2.amazonaws.com/products_image2/6735577_6.png,https://sokodress.s3.ap-northeast-2.amazonaws.com/products_image2/6735577_7.png,https://sokodress.s3.ap-northeast-2.amazonaws.com/products_image2/6735577_8.png,https://sokodress.s3.ap-northeast-2.amazonaws.com/products_image2/6735577_9.png",https://www.linkshops.com/tnc_theot
티엔씨,동대문,Theot,B1 G 27,02-2117-4166,7149262,2023-05-01,여성,탑,티/탑,클로징뷔스티에(2칼라),"폴리에스터 50%,폴리우레탄 50%","드라이클리닝 전용,세탁기 사용 가능",한국,낱장 가능,25300,"블랙레더버전,블랙폴리버전",FREE,보통,기본핏,비침없음,광택없음,좋음,없음,안감없음,부드러움,"https://sokodress.s3.ap-northeast-2.amazonaws.com/products_image2/7149262_0.png,https://sokodress.s3.ap-northeast-2.amazonaws.com/products_image2/7149262_1.png,https://sokodress.s3.ap-northeast-2.amazonaws.com/products_image2/7149262_2.png,https://sokodress.s3.ap-northeast-2.amazonaws.com/products_image2/7149262_3.png,https://sokodress.s3.ap-northeast-2.amazonaws.com/products_image2/7149262_4.png,https://sokodress.s3.ap-northeast-2.amazonaws.com/products_image2/7149262_5.png,https://sokodress.s3.ap-northeast-2.amazonaws.com/products_image2/7149262_6.png,https://sokodress.s3.ap-northeast-2.amazonaws.com/products_image2/7149262_7.png,https://sokodress.s3.ap-northeast-2.amazonaws.com/products_image2/7149262_8.png,https://sokodress.s3.ap-northeast-2.amazonaws.com/products_image2/7149262_9.png",https://www.linkshops.com/tnc_theot
티엔씨,동대문,Theot,B1 G 27,02-2117-4166,7227804,2023-04-30,여성,탑,티/탑,폴리에top(2칼라),"나일론 95%,스판 5%","드라이클리닝 전용,세탁기 사용 가능",한국,낱장 가능,26400,"아이,블랙",FREE,슬림핏,얇음,좋음,비침없음,안감있음,광택없음,부드러움,있음,"https://sokodress.s3.ap-northeast-2.amazonaws.com/products_image2/7227804_0.png,https://sokodress.s3.ap-northeast-2.amazonaws.com/products_image2/7227804_1.png,https://sokodress.s3.ap-northeast-2.amazonaws.com/products_image2/7227804_2.png,https://sokodress.s3.ap-northeast-2.amazonaws.com/products_image2/7227804_3.png,https://sokodress.s3.ap-northeast-2.amazonaws.com/products_image2/7227804_4.png,https://sokodress.s3.ap-northeast-2.amazonaws.com/products_image2/7227804_5.png,https://sokodress.s3.ap-northeast-2.amazonaws.com/products_image2/7227804_6.png,https://sokodress.s3.ap-northeast-2.amazonaws.com/products_image2/7227804_7.png,https://sokodress.s3.ap-northeast-2.amazonaws.com/products_image2/7227804_8.png,https://sokodress.s3.ap-northeast-2.amazonaws.com/products_image2/7227804_9.png",https://www.linkshops.com/tnc_theot
티엔씨,동대문,Theot,B1 G 27,02-2117-4166,6622044,2023-04-30,여성,아우터,자켓,비츠트위드jk(2칼라),"아크릴 50%,폴리에스터 40%,레이온 10%",,한국,낱장 가능,69300,"핑크,아이",Free,,,,,,,,,"https://sokodress.s3.ap-northeast-2.amazonaws.com/products_image2/6622044_0.png,https://sokodress.s3.ap-northeast-2.amazonaws.com/products_image2/6622044_1.png,https://sokodress.s3.ap-northeast-2.amazonaws.com/products_image2/6622044_2.png,https://sokodress.s3.ap-northeast-2.amazonaws.com/products_image2/6622044_3.png,https://sokodress.s3.ap-northeast-2.amazonaws.com/products_image2/6622044_4.png,https://sokodress.s3.ap-northeast-2.amazonaws.com/products_image2/6622044_5.png,https://sokodress.s3.ap-northeast-2.amazonaws.com/products_image2/6622044_6.png,https://sokodress.s3.ap-northeast-2.amazonaws.com/products_image2/6622044_7.png,https://sokodress.s3.ap-northeast-2.amazonaws.com/products_image2/6622044_8.png,https://sokodress.s3.ap-northeast-2.amazonaws.com/products_image2/6622044_9.png",https://www.linkshops.com/tnc_theot
티엔씨,동대문,Theot,B1 G 27,02-2117-4166,7250197,2023-04-30,여성,탑,셔츠/남방,클랙식셔츠(4칼라),"폴리에스터 72%,레이온 24%,스판 4%","드라이클리닝 전용,세탁기 사용 가능",한국,낱장 가능,29700,"블루,베이지,아이,블랙",FREE,기본핏,보통,좋음,비침없음,안감없음,광택없음,부드러움,없음,"https://sokodress.s3.ap-northeast-2.amazonaws.com/products_image2/7250197_0.png,https://sokodress.s3.ap-northeast-2.amazonaws.com/products_image2/7250197_1.png,https://sokodress.s3.ap-northeast-2.amazonaws.com/products_image2/7250197_2.png,https://sokodress.s3.ap-northeast-2.amazonaws.com/products_image2/7250197_3.png,https://sokodress.s3.ap-northeast-2.amazonaws.com/products_image2/7250197_4.png,https://sokodress.s3.ap-northeast-2.amazonaws.com/products_image2/7250197_5.png,https://sokodress.s3.ap-northeast-2.amazonaws.com/products_image2/7250197_6.png,https://sokodress.s3.ap-northeast-2.amazonaws.com/products_image2/7250197_7.png,https://sokodress.s3.ap-northeast-2.amazonaws.com/products_image2/7250197_8.png,https://sokodress.s3.ap-northeast-2.amazonaws.com/products_image2/7250197_9.png",https://www.linkshops.com/tnc_theot
티엔씨,동대문,Theot,B1 G 27,02-2117-4166,7249643,2023-04-01,여성,아우터,자켓,뮤뮤jk(2칼라),"폴리에스터 95%,스판 5%","드라이클리닝 전용,세탁기 사용 가능",한국,낱장 가능,53900,"그레이,블랙",FREE,루즈핏,보통,좋음,비침없음,안감있음,광택없음,부드러움,없음,"https://sokodress.s3.ap-northeast-2.amazonaws.com/products_image2/7249643_0.png,https://sokodress.s3.ap-northeast-2.amazonaws.com/products_image2/7249643_1.png,https://sokodress.s3.ap-northeast-2.amazonaws.com/products_image2/7249643_2.png,https://sokodress.s3.ap-northeast-2.amazonaws.com/products_image2/7249643_3.png,https://sokodress.s3.ap-northeast-2.amazonaws.com/products_image2/7249643_4.png,https://sokodress.s3.ap-northeast-2.amazonaws.com/products_image2/7249643_5.png,https://sokodress.s3.ap-northeast-2.amazonaws.com/products_image2/7249643_6.png,https://sokodress.s3.ap-northeast-2.amazonaws.com/products_image2/7249643_7.png,https://sokodress.s3.ap-northeast-2.amazonaws.com/products_image2/7249643_8.png,https://sokodress.s3.ap-northeast-2.amazonaws.com/products_image2/7249643_9.png",https://www.linkshops.com/tnc_theot
티엔씨,동대문,Theot,B1 G 27,02-2117-4166,7249632,2023-04-21,여성,아우터,자켓,페드로jk(2칼라),"폴리에스터 75%,레이온 19%,스판 6%","드라이클리닝 전용,세탁기 사용 가능",한국,낱장 가능,50600,"블랙,크림",FREE,기본핏,보통,좋음,비침없음,안감있음,광택없음,부드러움,없음,"https://sokodress.s3.ap-northeast-2.amazonaws.com/products_image2/7249632_0.png,https://sokodress.s3.ap-northeast-2.amazonaws.com/products_image2/7249632_1.png,https://sokodress.s3.ap-northeast-2.amazonaws.com/products_image2/7249632_2.png,https://sokodress.s3.ap-northeast-2.amazonaws.com/products_image2/7249632_3.png,https://sokodress.s3.ap-northeast-2.amazonaws.com/products_image2/7249632_4.png,https://sokodress.s3.ap-northeast-2.amazonaws.com/products_image2/7249632_5.png,https://sokodress.s3.ap-northeast-2.amazonaws.com/products_image2/7249632_6.png,https://sokodress.s3.ap-northeast-2.amazonaws.com/products_image2/7249632_7.png,https://sokodress.s3.ap-northeast-2.amazonaws.com/products_image2/7249632_8.png,https://sokodress.s3.ap-northeast-2.amazonaws.com/products_image2/7249632_9.png",https://www.linkshops.com/tnc_theot
티엔씨,동대문,Theot,B1 G 27,02-2117-4166,7237848,2023-04-21,여성,탑,니트,딥씨니트(2칼라),"코튼(면) 65%,나일론 35%","드라이클리닝 전용,세탁기 사용 가능",한국,낱장 가능,26400,"민트,옐로우",FREE,기본핏,얇음,좋음,비침없음,안감없음,광택없음,보통,없음,"https://sokodress.s3.ap-northeast-2.amazonaws.com/products_image2/7237848_0.png,https://sokodress.s3.ap-northeast-2.amazonaws.com/products_image2/7237848_1.png,https://sokodress.s3.ap-northeast-2.amazonaws.com/products_image2/7237848_2.png,https://sokodress.s3.ap-northeast-2.amazonaws.com/products_image2/7237848_3.png,https://sokodress.s3.ap-northeast-2.amazonaws.com/products_image2/7237848_4.png,https://sokodress.s3.ap-northeast-2.amazonaws.com/products_image2/7237848_5.png,https://sokodress.s3.ap-northeast-2.amazonaws.com/products_image2/7237848_6.png,https://sokodress.s3.ap-northeast-2.amazonaws.com/products_image2/7237848_7.png,https://sokodress.s3.ap-northeast-2.amazonaws.com/products_image2/7237848_8.png,https://sokodress.s3.ap-northeast-2.amazonaws.com/products_image2/7237848_9.png",https://www.linkshops.com/tnc_theot
티엔씨,동대문,Theot,B1 G 27,02-2117-4166,7237846,2023-04-13,여성,아우터,자켓,봄버jk(2칼라),"폴리에스터 75%,코튼(면) 20%,스판 5%","드라이클리닝 전용,세탁기 사용 가능",한국,낱장 가능,53900,"크림,블랙",FREE,기본핏,보통,좋음,비침없음,안감있음,광택없음,부드러움,없음,"https://sokodress.s3.ap-northeast-2.amazonaws.com/products_image2/7237846_0.png,https://sokodress.s3.ap-northeast-2.amazonaws.com/products_image2/7237846_1.png,https://sokodress.s3.ap-northeast-2.amazonaws.com/products_image2/7237846_2.png,https://sokodress.s3.ap-northeast-2.amazonaws.com/products_image2/7237846_3.png,https://sokodress.s3.ap-northeast-2.amazonaws.com/products_image2/7237846_4.png,https://sokodress.s3.ap-northeast-2.amazonaws.com/products_image2/7237846_5.png,https://sokodress.s3.ap-northeast-2.amazonaws.com/products_image2/7237846_6.png,https://sokodress.s3.ap-northeast-2.amazonaws.com/products_image2/7237846_7.png,https://sokodress.s3.ap-northeast-2.amazonaws.com/products_image2/7237846_8.png,https://sokodress.s3.ap-northeast-2.amazonaws.com/products_image2/7237846_9.png",https://www.linkshops.com/tnc_theot
티엔씨,동대문,Theot,B1 G 27,02-2117-4166,7237843,2023-04-21,여성,하의,레깅스,내추럴레깅스(2칼라),"폴리에스터 12%,나일론 28%,아크릴 60%","드라이클리닝 전용,세탁기 사용 가능",한국,낱장 가능,24200,블랙,FREE,슬림핏,얇음,좋음,비침없음,안감없음,광택없음,부드러움,있음,"https://sokodress.s3.ap-northeast-2.amazonaws.com/products_image2/7237843_0.png,https://sokodress.s3.ap-northeast-2.amazonaws.com/products_image2/7237843_1.png,https://sokodress.s3.ap-northeast-2.amazonaws.com/products_image2/7237843_2.png,https://sokodress.s3.ap-northeast-2.amazonaws.com/products_image2/7237843_3.png,https://sokodress.s3.ap-northeast-2.amazonaws.com/products_image2/7237843_4.png,https://sokodress.s3.ap-northeast-2.amazonaws.com/products_image2/7237843_5.png,https://sokodress.s3.ap-northeast-2.amazonaws.com/products_image2/7237843_6.png,https://sokodress.s3.ap-northeast-2.amazonaws.com/products_image2/7237843_7.png,https://sokodress.s3.ap-northeast-2.amazonaws.com/products_image2/7237843_8.png",https://www.linkshops.com/tnc_theot
티엔씨,동대문,Theot,B1 G 27,02-2117-4166,7225897,2023-04-21,여성,아우터,코트,파르미jk(2칼라),"폴리에스터 95%,스판 5%","드라이클리닝 전용,세탁기 사용 가능",한국,낱장 가능,81400,"그레이,블랙",FREE,루즈핏,보통,좋음,비침있음,안감있음,광택없음,부드러움,없음,"https://sokodress.s3.ap-northeast-2.amazonaws.com/products_image2/7225897_0.png,https://sokodress.s3.ap-northeast-2.amazonaws.com/products_image2/7225897_1.png,https://sokodress.s3.ap-northeast-2.amazonaws.com/products_image2/7225897_2.png,https://sokodress.s3.ap-northeast-2.amazonaws.com/products_image2/7225897_3.png,https://sokodress.s3.ap-northeast-2.amazonaws.com/products_image2/7225897_4.png,https://sokodress.s3.ap-northeast-2.amazonaws.com/products_image2/7225897_5.png,https://sokodress.s3.ap-northeast-2.amazonaws.com/products_image2/7225897_6.png,https://sokodress.s3.ap-northeast-2.amazonaws.com/products_image2/7225897_7.png,https://sokodress.s3.ap-northeast-2.amazonaws.com/products_image2/7225897_8.png,https://sokodress.s3.ap-northeast-2.amazonaws.com/products_image2/7225897_9.png",https://www.linkshops.com/tnc_theot
티엔씨,동대문,Theot,B1 G 27,02-2117-4166,7215779,2023-04-03,여성,탑,셔츠/남방,랄프셔츠(2칼라),코튼(면) 100%,"드라이클리닝 전용,세탁기 사용 가능",한국,낱장 가능,36300,"소라,핑크",FREE,루즈핏,보통,보통,비침없음,안감없음,광택없음,부드러움,없음,"https://sokodress.s3.ap-northeast-2.amazonaws.com/products_image2/7215779_0.png,https://sokodress.s3.ap-northeast-2.amazonaws.com/products_image2/7215779_1.png,https://sokodress.s3.ap-northeast-2.amazonaws.com/products_image2/7215779_2.png,https://sokodress.s3.ap-northeast-2.amazonaws.com/products_image2/7215779_3.png,https://sokodress.s3.ap-northeast-2.amazonaws.com/products_image2/7215779_4.png,https://sokodress.s3.ap-northeast-2.amazonaws.com/products_image2/7215779_5.png,https://sokodress.s3.ap-northeast-2.amazonaws.com/products_image2/7215779_6.png,https://sokodress.s3.ap-northeast-2.amazonaws.com/products_image2/7215779_7.png,https://sokodress.s3.ap-northeast-2.amazonaws.com/products_image2/7215779_8.png,https://sokodress.s3.ap-northeast-2.amazonaws.com/products_image2/7215779_9.png",https://www.linkshops.com/tnc_theot
티엔씨,동대문,Theot,B1 G 27,02-2117-4166,7215770,2023-04-06,여성,아우터,자켓,에디jk(2칼라),코튼(면) 100%,"드라이클리닝 전용,세탁기 사용 가능",한국,낱장 가능,61600,"크림,그레이",FREE,루즈핏,두꺼움,보통,비침없음,안감있음,광택없음,부드러움,없음,"https://sokodress.s3.ap-northeast-2.amazonaws.com/products_image2/7215770_0.png,https://sokodress.s3.ap-northeast-2.amazonaws.com/products_image2/7215770_1.png,https://sokodress.s3.ap-northeast-2.amazonaws.com/products_image2/7215770_2.png,https://sokodress.s3.ap-northeast-2.amazonaws.com/products_image2/7215770_3.png,https://sokodress.s3.ap-northeast-2.amazonaws.com/products_image2/7215770_4.png,https://sokodress.s3.ap-northeast-2.amazonaws.com/products_image2/7215770_5.png,https://sokodress.s3.ap-northeast-2.amazonaws.com/products_image2/7215770_6.png,https://sokodress.s3.ap-northeast-2.amazonaws.com/products_image2/7215770_7.png,https://sokodress.s3.ap-northeast-2.amazonaws.com/products_image2/7215770_8.png,https://sokodress.s3.ap-northeast-2.amazonaws.com/products_image2/7215770_9.png",https://www.linkshops.com/tnc_theot
티엔씨,동대문,Theot,B1 G 27,02-2117-4166,7215765,2023-04-05,여성,탑,티/탑,심볼T(3칼라),"코튼(면) 87%,레이온 13%","드라이클리닝 전용,세탁기 사용 가능",한국,낱장 가능,25300,"핑크,아이,블랙",FREE,기본핏,보통,좋음,비침없음,안감없음,광택없음,부드러움,없음,"https://sokodress.s3.ap-northeast-2.amazonaws.com/products_image2/7215765_0.png,https://sokodress.s3.ap-northeast-2.amazonaws.com/products_image2/7215765_1.png,https://sokodress.s3.ap-northeast-2.amazonaws.com/products_image2/7215765_2.png,https://sokodress.s3.ap-northeast-2.amazonaws.com/products_image2/7215765_3.png,https://sokodress.s3.ap-northeast-2.amazonaws.com/products_image2/7215765_4.png,https://sokodress.s3.ap-northeast-2.amazonaws.com/products_image2/7215765_5.png,https://sokodress.s3.ap-northeast-2.amazonaws.com/products_image2/7215765_6.png,https://sokodress.s3.ap-northeast-2.amazonaws.com/products_image2/7215765_7.png,https://sokodress.s3.ap-northeast-2.amazonaws.com/products_image2/7215765_8.png,https://sokodress.s3.ap-northeast-2.amazonaws.com/products_image2/7215765_9.png",https://www.linkshops.com/tnc_theot
티엔씨,동대문,Theot,B1 G 27,02-2117-4166,7193069,2023-04-04,여성,기타,,밀란pt(2칼라),"폴리에스터 94%,스판 6%","드라이클리닝 전용,세탁기 사용 가능",한국,낱장 가능,42900,"블랙,그레이","M,S",루즈핏,보통,좋음,비침없음,안감있음,광택없음,부드러움,없음,"https://sokodress.s3.ap-northeast-2.amazonaws.com/products_image2/7193069_0.png,https://sokodress.s3.ap-northeast-2.amazonaws.com/products_image2/7193069_1.png,https://sokodress.s3.ap-northeast-2.amazonaws.com/products_image2/7193069_2.png,https://sokodress.s3.ap-northeast-2.amazonaws.com/products_image2/7193069_3.png,https://sokodress.s3.ap-northeast-2.amazonaws.com/products_image2/7193069_4.png,https://sokodress.s3.ap-northeast-2.amazonaws.com/products_image2/7193069_5.png,https://sokodress.s3.ap-northeast-2.amazonaws.com/products_image2/7193069_6.png,https://sokodress.s3.ap-northeast-2.amazonaws.com/products_image2/7193069_7.png,https://sokodress.s3.ap-northeast-2.amazonaws.com/products_image2/7193069_8.png,https://sokodress.s3.ap-northeast-2.amazonaws.com/products_image2/7193069_9.png",https://www.linkshops.com/tnc_theot
티엔씨,동대문,Theot,B1 G 27,02-2117-4166,7193066,2023-04-04,여성,아우터,자켓,밀란jk(2칼라),"폴리에스터 94%,스판 6%","드라이클리닝 전용,세탁기 사용 가능",한국,낱장 가능,46200,"그레이,블랙",FREE,기본핏,보통,좋음,비침없음,안감있음,광택없음,부드러움,없음,"https://sokodress.s3.ap-northeast-2.amazonaws.com/products_image2/7193066_0.png,https://sokodress.s3.ap-northeast-2.amazonaws.com/products_image2/7193066_1.png,https://sokodress.s3.ap-northeast-2.amazonaws.com/products_image2/7193066_2.png,https://sokodress.s3.ap-northeast-2.amazonaws.com/products_image2/7193066_3.png,https://sokodress.s3.ap-northeast-2.amazonaws.com/products_image2/7193066_4.png,https://sokodress.s3.ap-northeast-2.amazonaws.com/products_image2/7193066_5.png,https://sokodress.s3.ap-northeast-2.amazonaws.com/products_image2/7193066_6.png,https://sokodress.s3.ap-northeast-2.amazonaws.com/products_image2/7193066_7.png,https://sokodress.s3.ap-northeast-2.amazonaws.com/products_image2/7193066_8.png,https://sokodress.s3.ap-northeast-2.amazonaws.com/products_image2/7193066_9.png",https://www.linkshops.com/tnc_theot
티엔씨,동대문,Theot,B1 G 27,02-2117-4166,7193063,2023-04-04,여성,하의,스커트,데코sk(2칼라),"폴리에스터 72%,레이온 22%,스판 6%","드라이클리닝 전용,세탁기 사용 가능",한국,낱장 가능,35200,"카키,차콜","M,S",기본핏,보통,좋음,비침없음,안감있음,광택없음,부드러움,없음,"https://sokodress.s3.ap-northeast-2.amazonaws.com/products_image2/7193063_0.png,https://sokodress.s3.ap-northeast-2.amazonaws.com/products_image2/7193063_1.png,https://sokodress.s3.ap-northeast-2.amazonaws.com/products_image2/7193063_2.png,https://sokodress.s3.ap-northeast-2.amazonaws.com/products_image2/7193063_3.png,https://sokodress.s3.ap-northeast-2.amazonaws.com/products_image2/7193063_4.png,https://sokodress.s3.ap-northeast-2.amazonaws.com/products_image2/7193063_5.png,https://sokodress.s3.ap-northeast-2.amazonaws.com/products_image2/7193063_6.png,https://sokodress.s3.ap-northeast-2.amazonaws.com/products_image2/7193063_7.png,https://sokodress.s3.ap-northeast-2.amazonaws.com/products_image2/7193063_8.png,https://sokodress.s3.ap-northeast-2.amazonaws.com/products_image2/7193063_9.png",https://www.linkshops.com/tnc_theot
티엔씨,동대문,Theot,B1 G 27,02-2117-4166,7185900,2023-04-03,여성,기타,,H끈팬츠(2칼라),"폴리에스터 95%,스판 5%","드라이클리닝 전용,세탁기 사용 가능",한국,낱장 가능,38500,"브라운,차콜","M,S",루즈핏,보통,좋음,비침없음,안감있음,광택없음,부드러움,없음,"https://sokodress.s3.ap-northeast-2.amazonaws.com/products_image2/7185900_0.png,https://sokodress.s3.ap-northeast-2.amazonaws.com/products_image2/7185900_1.png,https://sokodress.s3.ap-northeast-2.amazonaws.com/products_image2/7185900_2.png,https://sokodress.s3.ap-northeast-2.amazonaws.com/products_image2/7185900_3.png,https://sokodress.s3.ap-northeast-2.amazonaws.com/products_image2/7185900_4.png,https://sokodress.s3.ap-northeast-2.amazonaws.com/products_image2/7185900_5.png,https://sokodress.s3.ap-northeast-2.amazonaws.com/products_image2/7185900_6.png,https://sokodress.s3.ap-northeast-2.amazonaws.com/products_image2/7185900_7.png,https://sokodress.s3.ap-northeast-2.amazonaws.com/products_image2/7185900_8.png,https://sokodress.s3.ap-northeast-2.amazonaws.com/products_image2/7185900_9.png",https://www.linkshops.com/tnc_theot
티엔씨,동대문,Theot,B1 G 27,02-2117-4166,7183211,2023-04-15,여성,아우터,자켓,Z자켓(2칼라),"폴리에스터 72%,레이온 24%,스판 4%","드라이클리닝 전용,세탁기 사용 가능",한국,낱장 가능,42900,"블랙,아이",FREE,기본핏,보통,좋음,비침없음,안감있음,광택없음,부드러움,없음,"https://sokodress.s3.ap-northeast-2.amazonaws.com/products_image2/7183211_0.png,https://sokodress.s3.ap-northeast-2.amazonaws.com/products_image2/7183211_1.png,https://sokodress.s3.ap-northeast-2.amazonaws.com/products_image2/7183211_2.png,https://sokodress.s3.ap-northeast-2.amazonaws.com/products_image2/7183211_3.png,https://sokodress.s3.ap-northeast-2.amazonaws.com/products_image2/7183211_4.png,https://sokodress.s3.ap-northeast-2.amazonaws.com/products_image2/7183211_5.png,https://sokodress.s3.ap-northeast-2.amazonaws.com/products_image2/7183211_6.png,https://sokodress.s3.ap-northeast-2.amazonaws.com/products_image2/7183211_7.png,https://sokodress.s3.ap-northeast-2.amazonaws.com/products_image2/7183211_8.png,https://sokodress.s3.ap-northeast-2.amazonaws.com/products_image2/7183211_9.png",https://www.linkshops.com/tnc_theot
티엔씨,동대문,Theot,B1 G 27,02-2117-4166,7170511,2023-04-15,여성,하의,스커트,클랜느sk(2칼라),"폴리에스터 94%,스판 6%","드라이클리닝 전용,세탁기 사용 가능",한국,낱장 가능,31900,"베이지,블랙","M,S",기본핏,보통,좋음,비침없음,안감있음,광택없음,부드러움,없음,"https://sokodress.s3.ap-northeast-2.amazonaws.com/products_image2/7170511_0.png,https://sokodress.s3.ap-northeast-2.amazonaws.com/products_image2/7170511_1.png,https://sokodress.s3.ap-northeast-2.amazonaws.com/products_image2/7170511_2.png,https://sokodress.s3.ap-northeast-2.amazonaws.com/products_image2/7170511_3.png,https://sokodress.s3.ap-northeast-2.amazonaws.com/products_image2/7170511_4.png,https://sokodress.s3.ap-northeast-2.amazonaws.com/products_image2/7170511_5.png,https://sokodress.s3.ap-northeast-2.amazonaws.com/products_image2/7170511_6.png,https://sokodress.s3.ap-northeast-2.amazonaws.com/products_image2/7170511_7.png,https://sokodress.s3.ap-northeast-2.amazonaws.com/products_image2/7170511_8.png,https://sokodress.s3.ap-northeast-2.amazonaws.com/products_image2/7170511_9.png",https://www.linkshops.com/tnc_theot
티엔씨,동대문,Theot,B1 G 27,02-2117-4166,7170503,2023-04-15,여성,탑,티/탑,소프트나시(3칼라),코튼(면) 100%,"드라이클리닝 전용,세탁기 사용 가능",한국,낱장 가능,13200,"카키,민트,네이비",FREE,기본핏,얇음,좋음,비침없음,안감없음,광택없음,부드러움,없음,"https://sokodress.s3.ap-northeast-2.amazonaws.com/products_image2/7170503_0.png,https://sokodress.s3.ap-northeast-2.amazonaws.com/products_image2/7170503_1.png,https://sokodress.s3.ap-northeast-2.amazonaws.com/products_image2/7170503_2.png,https://sokodress.s3.ap-northeast-2.amazonaws.com/products_image2/7170503_3.png,https://sokodress.s3.ap-northeast-2.amazonaws.com/products_image2/7170503_4.png,https://sokodress.s3.ap-northeast-2.amazonaws.com/products_image2/7170503_5.png,https://sokodress.s3.ap-northeast-2.amazonaws.com/products_image2/7170503_6.png,https://sokodress.s3.ap-northeast-2.amazonaws.com/products_image2/7170503_7.png,https://sokodress.s3.ap-northeast-2.amazonaws.com/products_image2/7170503_8.png,https://sokodress.s3.ap-northeast-2.amazonaws.com/products_image2/7170503_9.png",https://www.linkshops.com/tnc_theot
티엔씨,동대문,Theot,B1 G 27,02-2117-4166,7170492,2023-03-05,여성,하의,스커트,언발sk(2칼라),"폴리에스터 80%,레이온 15%,스판 5%","드라이클리닝 전용,세탁기 사용 가능",한국,낱장 가능,29700,"연그레이,블랙","M,S",루즈핏,보통,좋음,비침없음,안감있음,광택없음,부드러움,없음,"https://sokodress.s3.ap-northeast-2.amazonaws.com/products_image2/7170492_0.png,https://sokodress.s3.ap-northeast-2.amazonaws.com/products_image2/7170492_1.png,https://sokodress.s3.ap-northeast-2.amazonaws.com/products_image2/7170492_2.png,https://sokodress.s3.ap-northeast-2.amazonaws.com/products_image2/7170492_3.png,https://sokodress.s3.ap-northeast-2.amazonaws.com/products_image2/7170492_4.png,https://sokodress.s3.ap-northeast-2.amazonaws.com/products_image2/7170492_5.png,https://sokodress.s3.ap-northeast-2.amazonaws.com/products_image2/7170492_6.png,https://sokodress.s3.ap-northeast-2.amazonaws.com/products_image2/7170492_7.png,https://sokodress.s3.ap-northeast-2.amazonaws.com/products_image2/7170492_8.png,https://sokodress.s3.ap-northeast-2.amazonaws.com/products_image2/7170492_9.png",https://www.linkshops.com/tnc_theot
티엔씨,동대문,Theot,B1 G 27,02-2117-4166,7170487,,여성,탑,블라우스,데일bl(2칼라),"폴리에스터 90%,레이온 10%","드라이클리닝 전용,세탁기 사용 가능",한국,낱장 가능,39600,"소라,블랙",FREE,루즈핏,얇음,좋음,약간있음,안감없음,광택없음,부드러움,없음,"https://sokodress.s3.ap-northeast-2.amazonaws.com/products_image2/7170487_0.png,https://sokodress.s3.ap-northeast-2.amazonaws.com/products_image2/7170487_1.png,https://sokodress.s3.ap-northeast-2.amazonaws.com/products_image2/7170487_2.png,https://sokodress.s3.ap-northeast-2.amazonaws.com/products_image2/7170487_3.png,https://sokodress.s3.ap-northeast-2.amazonaws.com/products_image2/7170487_4.png,https://sokodress.s3.ap-northeast-2.amazonaws.com/products_image2/7170487_5.png,https://sokodress.s3.ap-northeast-2.amazonaws.com/products_image2/7170487_6.png,https://sokodress.s3.ap-northeast-2.amazonaws.com/products_image2/7170487_7.png,https://sokodress.s3.ap-northeast-2.amazonaws.com/products_image2/7170487_8.png,https://sokodress.s3.ap-northeast-2.amazonaws.com/products_image2/7170487_9.png",https://www.linkshops.com/tnc_theot
티엔씨,동대문,Theot,B1 G 27,02-2117-4166,7155855,2023-04-06,여성,아우터,조끼,링마벨무스탕(1칼라),폴리우레탄 100%,"드라이클리닝 전용,세탁기 사용 가능",한국,낱장 가능,90200,브라운,FREE,루즈핏,두꺼움,보통,비침없음,안감있음,광택없음,부드러움,없음,"https://sokodress.s3.ap-northeast-2.amazonaws.com/products_image2/7155855_0.png,https://sokodress.s3.ap-northeast-2.amazonaws.com/products_image2/7155855_1.png,https://sokodress.s3.ap-northeast-2.amazonaws.com/products_image2/7155855_2.png,https://sokodress.s3.ap-northeast-2.amazonaws.com/products_image2/7155855_3.png,https://sokodress.s3.ap-northeast-2.amazonaws.com/products_image2/7155855_4.png,https://sokodress.s3.ap-northeast-2.amazonaws.com/products_image2/7155855_5.png,https://sokodress.s3.ap-northeast-2.amazonaws.com/products_image2/7155855_6.png,https://sokodress.s3.ap-northeast-2.amazonaws.com/products_image2/7155855_7.png",https://www.linkshops.com/tnc_theot
티엔씨,동대문,Theot,B1 G 27,02-2117-4166,7155854,2023-01-26,여성,드레스,원피스,발레리나ops(2칼라),"폴리에스터 95%,스판 5%","드라이클리닝 전용,세탁기 사용 가능",한국,낱장 가능,52800,"연핑크,블랙",FREE,루즈핏,보통,좋음,비침없음,안감있음,광택없음,부드러움,없음,"https://sokodress.s3.ap-northeast-2.amazonaws.com/products_image2/7155854_0.png,https://sokodress.s3.ap-northeast-2.amazonaws.com/products_image2/7155854_1.png,https://sokodress.s3.ap-northeast-2.amazonaws.com/products_image2/7155854_2.png,https://sokodress.s3.ap-northeast-2.amazonaws.com/products_image2/7155854_3.png,https://sokodress.s3.ap-northeast-2.amazonaws.com/products_image2/7155854_4.png,https://sokodress.s3.ap-northeast-2.amazonaws.com/products_image2/7155854_5.png,https://sokodress.s3.ap-northeast-2.amazonaws.com/products_image2/7155854_6.png,https://sokodress.s3.ap-northeast-2.amazonaws.com/products_image2/7155854_7.png,https://sokodress.s3.ap-northeast-2.amazonaws.com/products_image2/7155854_8.png,https://sokodress.s3.ap-northeast-2.amazonaws.com/products_image2/7155854_9.png",https://www.linkshops.com/tnc_theot
티엔씨,동대문,Theot,B1 G 27,02-2117-4166,7155853,2023-01-26,여성,하의,스커트,스트링카고sk(2칼라),폴리우레탄 100%,"드라이클리닝 전용,세탁기 사용 가능",한국,낱장 가능,38500,"카키,블랙",FREE,루즈핏,보통,보통,비침없음,안감있음,광택없음,부드러움,있음,"https://sokodress.s3.ap-northeast-2.amazonaws.com/products_image2/7155853_0.png,https://sokodress.s3.ap-northeast-2.amazonaws.com/products_image2/7155853_1.png,https://sokodress.s3.ap-northeast-2.amazonaws.com/products_image2/7155853_2.png,https://sokodress.s3.ap-northeast-2.amazonaws.com/products_image2/7155853_3.png,https://sokodress.s3.ap-northeast-2.amazonaws.com/products_image2/7155853_4.png,https://sokodress.s3.ap-northeast-2.amazonaws.com/products_image2/7155853_5.png,https://sokodress.s3.ap-northeast-2.amazonaws.com/products_image2/7155853_6.png,https://sokodress.s3.ap-northeast-2.amazonaws.com/products_image2/7155853_7.png,https://sokodress.s3.ap-northeast-2.amazonaws.com/products_image2/7155853_8.png,https://sokodress.s3.ap-northeast-2.amazonaws.com/products_image2/7155853_9.png",https://www.linkshops.com/tnc_theot
티엔씨,동대문,Theot,B1 G 27,02-2117-4166,7155852,2023-04-16,여성,탑,티/탑,톤톤세틴top(2칼라),"폴리에스터 90%,레이온 10%","드라이클리닝 전용,세탁기 사용 가능",한국,낱장 가능,30800,"크림,블랙",FREE,기본핏,얇음,보통,비침없음,안감없음,약간있음,부드러움,없음,"https://sokodress.s3.ap-northeast-2.amazonaws.com/products_image2/7155852_0.png,https://sokodress.s3.ap-northeast-2.amazonaws.com/products_image2/7155852_1.png,https://sokodress.s3.ap-northeast-2.amazonaws.com/products_image2/7155852_2.png,https://sokodress.s3.ap-northeast-2.amazonaws.com/products_image2/7155852_3.png,https://sokodress.s3.ap-northeast-2.amazonaws.com/products_image2/7155852_4.png,https://sokodress.s3.ap-northeast-2.amazonaws.com/products_image2/7155852_5.png,https://sokodress.s3.ap-northeast-2.amazonaws.com/products_image2/7155852_6.png,https://sokodress.s3.ap-northeast-2.amazonaws.com/products_image2/7155852_7.png,https://sokodress.s3.ap-northeast-2.amazonaws.com/products_image2/7155852_8.png,https://sokodress.s3.ap-northeast-2.amazonaws.com/products_image2/7155852_9.png",https://www.linkshops.com/tnc_theot
티엔씨,동대문,Theot,B1 G 27,02-2117-4166,7155851,2023-04-01,여성,기타,,노모어pt(2칼라),"코튼(면) 67%,폴리에스터 23%,나일론 10%","드라이클리닝 전용,세탁기 사용 가능",한국,낱장 가능,52800,"그레이,블랙","M,S",기본핏,보통,보통,비침없음,안감있음,광택없음,부드러움,없음,"https://sokodress.s3.ap-northeast-2.amazonaws.com/products_image2/7155851_0.png,https://sokodress.s3.ap-northeast-2.amazonaws.com/products_image2/7155851_1.png,https://sokodress.s3.ap-northeast-2.amazonaws.com/products_image2/7155851_2.png,https://sokodress.s3.ap-northeast-2.amazonaws.com/products_image2/7155851_3.png,https://sokodress.s3.ap-northeast-2.amazonaws.com/products_image2/7155851_4.png,https://sokodress.s3.ap-northeast-2.amazonaws.com/products_image2/7155851_5.png,https://sokodress.s3.ap-northeast-2.amazonaws.com/products_image2/7155851_6.png,https://sokodress.s3.ap-northeast-2.amazonaws.com/products_image2/7155851_7.png,https://sokodress.s3.ap-northeast-2.amazonaws.com/products_image2/7155851_8.png,https://sokodress.s3.ap-northeast-2.amazonaws.com/products_image2/7155851_9.png",https://www.linkshops.com/tnc_theot
티엔씨,동대문,Theot,B1 G 27,02-2117-4166,7150335,2023-04-19,여성,하의,스커트,스티치데님sk(2칼라),코튼(면) 100%,"드라이클리닝 전용,세탁기 사용 가능",한국,낱장 가능,26400,"아이,블랙","M,S",비침없음,광택없음,보통,보통,기본핏,없음,안감있음,보통,"https://sokodress.s3.ap-northeast-2.amazonaws.com/products_image2/7150335_0.png,https://sokodress.s3.ap-northeast-2.amazonaws.com/products_image2/7150335_1.png,https://sokodress.s3.ap-northeast-2.amazonaws.com/products_image2/7150335_2.png,https://sokodress.s3.ap-northeast-2.amazonaws.com/products_image2/7150335_3.png,https://sokodress.s3.ap-northeast-2.amazonaws.com/products_image2/7150335_4.png,https://sokodress.s3.ap-northeast-2.amazonaws.com/products_image2/7150335_5.png,https://sokodress.s3.ap-northeast-2.amazonaws.com/products_image2/7150335_6.png,https://sokodress.s3.ap-northeast-2.amazonaws.com/products_image2/7150335_7.png,https://sokodress.s3.ap-northeast-2.amazonaws.com/products_image2/7150335_8.png,https://sokodress.s3.ap-northeast-2.amazonaws.com/products_image2/7150335_9.png",https://www.linkshops.com/tnc_theot
티엔씨,동대문,Theot,B1 G 27,02-2117-4166,7150334,2023-04-19,여성,탑,니트,투웨이집엎니트(3칼라),"아크릴 60%,나일론 10%,폴리에스터 30%","드라이클리닝 전용,세탁기 사용 가능",한국,낱장 가능,41800,"코랄핑크,아이,블랙",FREE,기본핏,보통,없음,좋음,부드러움,안감없음,광택없음,비침없음,"https://sokodress.s3.ap-northeast-2.amazonaws.com/products_image2/7150334_0.png,https://sokodress.s3.ap-northeast-2.amazonaws.com/products_image2/7150334_1.png,https://sokodress.s3.ap-northeast-2.amazonaws.com/products_image2/7150334_2.png,https://sokodress.s3.ap-northeast-2.amazonaws.com/products_image2/7150334_3.png,https://sokodress.s3.ap-northeast-2.amazonaws.com/products_image2/7150334_4.png,https://sokodress.s3.ap-northeast-2.amazonaws.com/products_image2/7150334_5.png,https://sokodress.s3.ap-northeast-2.amazonaws.com/products_image2/7150334_6.png,https://sokodress.s3.ap-northeast-2.amazonaws.com/products_image2/7150334_7.png,https://sokodress.s3.ap-northeast-2.amazonaws.com/products_image2/7150334_8.png,https://sokodress.s3.ap-northeast-2.amazonaws.com/products_image2/7150334_9.png",https://www.linkshops.com/tnc_theot
티엔씨,동대문,Theot,B1 G 27,02-2117-4166,7150333,2023-04-19,여성,하의,스커트,네오sk(2칼라),"폴리에스터 95%,스판 5%","드라이클리닝 전용,세탁기 사용 가능",한국,낱장 가능,31900,"연베이지,블랙","M,S",좋음,안감있음,부드러움,없음,비침없음,광택없음,보통,기본핏,"https://sokodress.s3.ap-northeast-2.amazonaws.com/products_image2/7150333_0.png,https://sokodress.s3.ap-northeast-2.amazonaws.com/products_image2/7150333_1.png,https://sokodress.s3.ap-northeast-2.amazonaws.com/products_image2/7150333_2.png,https://sokodress.s3.ap-northeast-2.amazonaws.com/products_image2/7150333_3.png,https://sokodress.s3.ap-northeast-2.amazonaws.com/products_image2/7150333_4.png,https://sokodress.s3.ap-northeast-2.amazonaws.com/products_image2/7150333_5.png,https://sokodress.s3.ap-northeast-2.amazonaws.com/products_image2/7150333_6.png,https://sokodress.s3.ap-northeast-2.amazonaws.com/products_image2/7150333_7.png,https://sokodress.s3.ap-northeast-2.amazonaws.com/products_image2/7150333_8.png,https://sokodress.s3.ap-northeast-2.amazonaws.com/products_image2/7150333_9.png",https://www.linkshops.com/tnc_theot
티엔씨,동대문,Theot,B1 G 27,02-2117-4166,7149263,2023-04-04,여성,탑,티/탑,u라인반폴라(3칼라),"코튼(면) 85%,레이온 15%","드라이클리닝 전용,세탁기 사용 가능",한국,낱장 가능,18700,"그레이,아이,블랙",FREE,부드러움,안감없음,좋음,광택없음,비침없음,기본핏,보통,없음,"https://sokodress.s3.ap-northeast-2.amazonaws.com/products_image2/7149263_0.png,https://sokodress.s3.ap-northeast-2.amazonaws.com/products_image2/7149263_1.png,https://sokodress.s3.ap-northeast-2.amazonaws.com/products_image2/7149263_2.png,https://sokodress.s3.ap-northeast-2.amazonaws.com/products_image2/7149263_3.png,https://sokodress.s3.ap-northeast-2.amazonaws.com/products_image2/7149263_4.png,https://sokodress.s3.ap-northeast-2.amazonaws.com/products_image2/7149263_5.png,https://sokodress.s3.ap-northeast-2.amazonaws.com/products_image2/7149263_6.png,https://sokodress.s3.ap-northeast-2.amazonaws.com/products_image2/7149263_7.png,https://sokodress.s3.ap-northeast-2.amazonaws.com/products_image2/7149263_8.png,https://sokodress.s3.ap-northeast-2.amazonaws.com/products_image2/7149263_9.png",https://www.linkshops.com/tnc_theot
티엔씨,동대문,Theot,B1 G 27,02-2117-4166,7149261,2023-03-13,여성,탑,니트,투웨이집엎니트(3칼라),"아크릴 62%,나일론 26%,폴리에스터 12%","드라이클리닝 전용,세탁기 사용 가능",한국,낱장 가능,41800,"보라,아이,블랙",FREE,광택없음,비침없음,부드러움,좋음,안감없음,없음,기본핏,보통,"https://sokodress.s3.ap-northeast-2.amazonaws.com/products_image2/7149261_0.png,https://sokodress.s3.ap-northeast-2.amazonaws.com/products_image2/7149261_1.png,https://sokodress.s3.ap-northeast-2.amazonaws.com/products_image2/7149261_2.png,https://sokodress.s3.ap-northeast-2.amazonaws.com/products_image2/7149261_3.png,https://sokodress.s3.ap-northeast-2.amazonaws.com/products_image2/7149261_4.png,https://sokodress.s3.ap-northeast-2.amazonaws.com/products_image2/7149261_5.png,https://sokodress.s3.ap-northeast-2.amazonaws.com/products_image2/7149261_6.png,https://sokodress.s3.ap-northeast-2.amazonaws.com/products_image2/7149261_7.png,https://sokodress.s3.ap-northeast-2.amazonaws.com/products_image2/7149261_8.png,https://sokodress.s3.ap-northeast-2.amazonaws.com/products_image2/7149261_9.png",https://www.linkshops.com/tnc_theot
티엔씨,동대문,Theot,B1 G 27,02-2117-4166,7149260,2023-04-16,여성,하의,스커트,네오sk(2칼라),"폴리에스터 95%,스판 5%","드라이클리닝 전용,세탁기 사용 가능",한국,낱장 가능,31900,"베이지,블랙","M,S",좋음,보통,기본핏,없음,안감있음,부드러움,비침없음,광택없음,"https://sokodress.s3.ap-northeast-2.amazonaws.com/products_image2/7149260_0.png,https://sokodress.s3.ap-northeast-2.amazonaws.com/products_image2/7149260_1.png,https://sokodress.s3.ap-northeast-2.amazonaws.com/products_image2/7149260_2.png,https://sokodress.s3.ap-northeast-2.amazonaws.com/products_image2/7149260_3.png,https://sokodress.s3.ap-northeast-2.amazonaws.com/products_image2/7149260_4.png,https://sokodress.s3.ap-northeast-2.amazonaws.com/products_image2/7149260_5.png,https://sokodress.s3.ap-northeast-2.amazonaws.com/products_image2/7149260_6.png,https://sokodress.s3.ap-northeast-2.amazonaws.com/products_image2/7149260_7.png,https://sokodress.s3.ap-northeast-2.amazonaws.com/products_image2/7149260_8.png,https://sokodress.s3.ap-northeast-2.amazonaws.com/products_image2/7149260_9.png",https://www.linkshops.com/tnc_theot
티엔씨,동대문,Theot,B1 G 27,02-2117-4166,7144260,2023-04-05,여성,탑,니트,T에리포켓니트(3칼라),"폴리에스터 30%,나일론 10%,아크릴 60%","드라이클리닝 전용,세탁기 사용 가능",한국,낱장 가능,29700,"브라운,그린,블랙",FREE,부드러움,비침없음,광택없음,안감없음,기본핏,보통,없음,좋음,"https://sokodress.s3.ap-northeast-2.amazonaws.com/products_image2/7144260_0.png,https://sokodress.s3.ap-northeast-2.amazonaws.com/products_image2/7144260_1.png,https://sokodress.s3.ap-northeast-2.amazonaws.com/products_image2/7144260_2.png,https://sokodress.s3.ap-northeast-2.amazonaws.com/products_image2/7144260_3.png,https://sokodress.s3.ap-northeast-2.amazonaws.com/products_image2/7144260_4.png,https://sokodress.s3.ap-northeast-2.amazonaws.com/products_image2/7144260_5.png,https://sokodress.s3.ap-northeast-2.amazonaws.com/products_image2/7144260_6.png,https://sokodress.s3.ap-northeast-2.amazonaws.com/products_image2/7144260_7.png,https://sokodress.s3.ap-northeast-2.amazonaws.com/products_image2/7144260_8.png,https://sokodress.s3.ap-northeast-2.amazonaws.com/products_image2/7144260_9.png",https://www.linkshops.com/tnc_theot
티엔씨,동대문,Theot,B1 G 27,02-2117-4166,7144140,2023-03-13,여성,하의,스커트,하트퀼딩sk(2칼라),"폴리에스터 85%,나일론 15%","드라이클리닝 전용,세탁기 사용 가능",한국,낱장 가능,38500,"블랙,카키","M,S",보통,기본핏,없음,안감있음,비침없음,광택없음,부드러움,보통,"https://sokodress.s3.ap-northeast-2.amazonaws.com/products_image2/7144140_0.png,https://sokodress.s3.ap-northeast-2.amazonaws.com/products_image2/7144140_1.png,https://sokodress.s3.ap-northeast-2.amazonaws.com/products_image2/7144140_2.png,https://sokodress.s3.ap-northeast-2.amazonaws.com/products_image2/7144140_3.png,https://sokodress.s3.ap-northeast-2.amazonaws.com/products_image2/7144140_4.png,https://sokodress.s3.ap-northeast-2.amazonaws.com/products_image2/7144140_5.png,https://sokodress.s3.ap-northeast-2.amazonaws.com/products_image2/7144140_6.png,https://sokodress.s3.ap-northeast-2.amazonaws.com/products_image2/7144140_7.png,https://sokodress.s3.ap-northeast-2.amazonaws.com/products_image2/7144140_8.png,https://sokodress.s3.ap-northeast-2.amazonaws.com/products_image2/7144140_9.png",https://www.linkshops.com/tnc_theot
티엔씨,동대문,Theot,B1 G 27,02-2117-4166,7144135,2023-03-13,여성,아우터,자켓,하트퀼딩jk(2칼라),"폴리에스터 85%,나일론 15%","드라이클리닝 전용,세탁기 사용 가능",한국,낱장 가능,68200,"카키,블랙",FREE,좋음,있음,기본핏,보통,광택없음,비침없음,부드러움,안감있음,"https://sokodress.s3.ap-northeast-2.amazonaws.com/products_image2/7144135_0.png,https://sokodress.s3.ap-northeast-2.amazonaws.com/products_image2/7144135_1.png,https://sokodress.s3.ap-northeast-2.amazonaws.com/products_image2/7144135_2.png,https://sokodress.s3.ap-northeast-2.amazonaws.com/products_image2/7144135_3.png,https://sokodress.s3.ap-northeast-2.amazonaws.com/products_image2/7144135_4.png,https://sokodress.s3.ap-northeast-2.amazonaws.com/products_image2/7144135_5.png,https://sokodress.s3.ap-northeast-2.amazonaws.com/products_image2/7144135_6.png,https://sokodress.s3.ap-northeast-2.amazonaws.com/products_image2/7144135_7.png,https://sokodress.s3.ap-northeast-2.amazonaws.com/products_image2/7144135_8.png,https://sokodress.s3.ap-northeast-2.amazonaws.com/products_image2/7144135_9.png",https://www.linkshops.com/tnc_theot
티엔씨,동대문,Theot,B1 G 27,02-2117-4166,7144134,2023-02-12,여성,기타,,슈드pt(2칼라),"코튼(면) 85%,폴리에스터 15%","드라이클리닝 전용,세탁기 사용 가능",한국,낱장 가능,31900,"네이비,블랙",FREE,안감있음,광택없음,보통,좋음,부드러움,루즈핏,있음,비침없음,"https://sokodress.s3.ap-northeast-2.amazonaws.com/products_image2/7144134_0.png,https://sokodress.s3.ap-northeast-2.amazonaws.com/products_image2/7144134_1.png,https://sokodress.s3.ap-northeast-2.amazonaws.com/products_image2/7144134_2.png,https://sokodress.s3.ap-northeast-2.amazonaws.com/products_image2/7144134_3.png,https://sokodress.s3.ap-northeast-2.amazonaws.com/products_image2/7144134_4.png,https://sokodress.s3.ap-northeast-2.amazonaws.com/products_image2/7144134_5.png,https://sokodress.s3.ap-northeast-2.amazonaws.com/products_image2/7144134_6.png,https://sokodress.s3.ap-northeast-2.amazonaws.com/products_image2/7144134_7.png,https://sokodress.s3.ap-northeast-2.amazonaws.com/products_image2/7144134_8.png,https://sokodress.s3.ap-northeast-2.amazonaws.com/products_image2/7144134_9.png",https://www.linkshops.com/tnc_theot
티엔씨,동대문,Theot,B1 G 27,02-2117-4166,7144133,2023-02-12,여성,탑,티/탑,슈드top(2칼라),"코튼(면) 85%,폴리에스터 15%","드라이클리닝 전용,세탁기 사용 가능",한국,낱장 가능,38500,"네이비,블랙",FREE,보통,루즈핏,없음,좋음,비침없음,광택없음,부드러움,안감있음,"https://sokodress.s3.ap-northeast-2.amazonaws.com/products_image2/7144133_0.png,https://sokodress.s3.ap-northeast-2.amazonaws.com/products_image2/7144133_1.png,https://sokodress.s3.ap-northeast-2.amazonaws.com/products_image2/7144133_2.png,https://sokodress.s3.ap-northeast-2.amazonaws.com/products_image2/7144133_3.png,https://sokodress.s3.ap-northeast-2.amazonaws.com/products_image2/7144133_4.png,https://sokodress.s3.ap-northeast-2.amazonaws.com/products_image2/7144133_5.png,https://sokodress.s3.ap-northeast-2.amazonaws.com/products_image2/7144133_6.png,https://sokodress.s3.ap-northeast-2.amazonaws.com/products_image2/7144133_7.png,https://sokodress.s3.ap-northeast-2.amazonaws.com/products_image2/7144133_8.png,https://sokodress.s3.ap-northeast-2.amazonaws.com/products_image2/7144133_9.png",https://www.linkshops.com/tnc_theot
티엔씨,동대문,Theot,B1 G 27,02-2117-4166,7144131,2023-02-26,여성,하의,스커트,발렌sk(2칼라),"폴리에스터 95%,스판 5%","드라이클리닝 전용,세탁기 사용 가능",한국,낱장 가능,41800,"브라운,블랙","M,S",안감있음,기본핏,보통,없음,비침없음,광택없음,부드러움,좋음,"https://sokodress.s3.ap-northeast-2.amazonaws.com/products_image2/7144131_0.png,https://sokodress.s3.ap-northeast-2.amazonaws.com/products_image2/7144131_1.png,https://sokodress.s3.ap-northeast-2.amazonaws.com/products_image2/7144131_2.png,https://sokodress.s3.ap-northeast-2.amazonaws.com/products_image2/7144131_3.png,https://sokodress.s3.ap-northeast-2.amazonaws.com/products_image2/7144131_4.png,https://sokodress.s3.ap-northeast-2.amazonaws.com/products_image2/7144131_5.png,https://sokodress.s3.ap-northeast-2.amazonaws.com/products_image2/7144131_6.png,https://sokodress.s3.ap-northeast-2.amazonaws.com/products_image2/7144131_7.png,https://sokodress.s3.ap-northeast-2.amazonaws.com/products_image2/7144131_8.png,https://sokodress.s3.ap-northeast-2.amazonaws.com/products_image2/7144131_9.png",https://www.linkshops.com/tnc_theot
티엔씨,동대문,Theot,B1 G 27,02-2117-4166,7135671,2023-03-15,여성,하의,스커트,페어리sk(2칼라),나일론 100%,"드라이클리닝 전용,세탁기 사용 가능",한국,낱장 가능,38500,"베이지,블랙","M,S",좋음,루즈핏,보통,없음,약간있음,비침없음,부드러움,안감있음,"https://sokodress.s3.ap-northeast-2.amazonaws.com/products_image2/7135671_0.png,https://sokodress.s3.ap-northeast-2.amazonaws.com/products_image2/7135671_1.png,https://sokodress.s3.ap-northeast-2.amazonaws.com/products_image2/7135671_2.png,https://sokodress.s3.ap-northeast-2.amazonaws.com/products_image2/7135671_3.png,https://sokodress.s3.ap-northeast-2.amazonaws.com/products_image2/7135671_4.png,https://sokodress.s3.ap-northeast-2.amazonaws.com/products_image2/7135671_5.png,https://sokodress.s3.ap-northeast-2.amazonaws.com/products_image2/7135671_6.png,https://sokodress.s3.ap-northeast-2.amazonaws.com/products_image2/7135671_7.png,https://sokodress.s3.ap-northeast-2.amazonaws.com/products_image2/7135671_8.png,https://sokodress.s3.ap-northeast-2.amazonaws.com/products_image2/7135671_9.png",https://www.linkshops.com/tnc_theot
티엔씨,동대문,Theot,B1 G 27,02-2117-4166,7135670,2023-01-29,여성,아우터,자켓,페어리jk(2칼라),나일론 100%,"드라이클리닝 전용,세탁기 사용 가능",한국,낱장 가능,49500,"베이지,블랙",FREE,비침없음,약간있음,두꺼움,기본핏,부드러움,안감있음,보통,없음,"https://sokodress.s3.ap-northeast-2.amazonaws.com/products_image2/7135670_0.png,https://sokodress.s3.ap-northeast-2.amazonaws.com/products_image2/7135670_1.png,https://sokodress.s3.ap-northeast-2.amazonaws.com/products_image2/7135670_2.png,https://sokodress.s3.ap-northeast-2.amazonaws.com/products_image2/7135670_3.png,https://sokodress.s3.ap-northeast-2.amazonaws.com/products_image2/7135670_4.png,https://sokodress.s3.ap-northeast-2.amazonaws.com/products_image2/7135670_5.png,https://sokodress.s3.ap-northeast-2.amazonaws.com/products_image2/7135670_6.png,https://sokodress.s3.ap-northeast-2.amazonaws.com/products_image2/7135670_7.png,https://sokodress.s3.ap-northeast-2.amazonaws.com/products_image2/7135670_8.png,https://sokodress.s3.ap-northeast-2.amazonaws.com/products_image2/7135670_9.png",https://www.linkshops.com/tnc_theot
티엔씨,동대문,Theot,B1 G 27,02-2117-4166,7135669,2023-01-29,여성,기타,,로우숏pt(2칼라),"폴리에스터 87%,레이온 11%,스판 2%","드라이클리닝 전용,세탁기 사용 가능",한국,낱장 가능,26400,"블랙,카키","M,S",기본핏,보통,없음,광택없음,안감있음,부드러움,비침없음,보통,"https://sokodress.s3.ap-northeast-2.amazonaws.com/products_image2/7135669_0.png,https://sokodress.s3.ap-northeast-2.amazonaws.com/products_image2/7135669_1.png,https://sokodress.s3.ap-northeast-2.amazonaws.com/products_image2/7135669_2.png,https://sokodress.s3.ap-northeast-2.amazonaws.com/products_image2/7135669_3.png,https://sokodress.s3.ap-northeast-2.amazonaws.com/products_image2/7135669_4.png,https://sokodress.s3.ap-northeast-2.amazonaws.com/products_image2/7135669_5.png,https://sokodress.s3.ap-northeast-2.amazonaws.com/products_image2/7135669_6.png,https://sokodress.s3.ap-northeast-2.amazonaws.com/products_image2/7135669_7.png,https://sokodress.s3.ap-northeast-2.amazonaws.com/products_image2/7135669_8.png,https://sokodress.s3.ap-northeast-2.amazonaws.com/products_image2/7135669_9.png",https://www.linkshops.com/tnc_theot
티엔씨,동대문,Theot,B1 G 27,02-2117-4166,7135667,2023-01-26,여성,하의,스커트,프라sk(2칼라)벨트set,나일론 100%,"드라이클리닝 전용,세탁기 사용 가능",한국,낱장 가능,38500,"카키,블랙","M,S",좋음,루즈핏,보통,비침없음,약간있음,안감있음,부드러움,없음,"https://sokodress.s3.ap-northeast-2.amazonaws.com/products_image2/7135667_0.png,https://sokodress.s3.ap-northeast-2.amazonaws.com/products_image2/7135667_1.png,https://sokodress.s3.ap-northeast-2.amazonaws.com/products_image2/7135667_2.png,https://sokodress.s3.ap-northeast-2.amazonaws.com/products_image2/7135667_3.png,https://sokodress.s3.ap-northeast-2.amazonaws.com/products_image2/7135667_4.png,https://sokodress.s3.ap-northeast-2.amazonaws.com/products_image2/7135667_5.png,https://sokodress.s3.ap-northeast-2.amazonaws.com/products_image2/7135667_6.png,https://sokodress.s3.ap-northeast-2.amazonaws.com/products_image2/7135667_7.png,https://sokodress.s3.ap-northeast-2.amazonaws.com/products_image2/7135667_8.png,https://sokodress.s3.ap-northeast-2.amazonaws.com/products_image2/7135667_9.png",https://www.linkshops.com/tnc_theot
티엔씨,동대문,Theot,B1 G 27,02-2117-4166,7135664,2023-01-29,여성,아우터,코트,로직코트(2칼라),"폴리에스터 50%,레이온 10%,울(모) 40%","드라이클리닝 전용,세탁기 사용 가능",한국,낱장 가능,86900,"브라운,블랙",FREE,두꺼움,루즈핏,없음,보통,비침없음,광택없음,부드러움,안감있음,"https://sokodress.s3.ap-northeast-2.amazonaws.com/products_image2/7135664_0.png,https://sokodress.s3.ap-northeast-2.amazonaws.com/products_image2/7135664_1.png,https://sokodress.s3.ap-northeast-2.amazonaws.com/products_image2/7135664_2.png,https://sokodress.s3.ap-northeast-2.amazonaws.com/products_image2/7135664_3.png,https://sokodress.s3.ap-northeast-2.amazonaws.com/products_image2/7135664_4.png,https://sokodress.s3.ap-northeast-2.amazonaws.com/products_image2/7135664_5.png,https://sokodress.s3.ap-northeast-2.amazonaws.com/products_image2/7135664_6.png,https://sokodress.s3.ap-northeast-2.amazonaws.com/products_image2/7135664_7.png,https://sokodress.s3.ap-northeast-2.amazonaws.com/products_image2/7135664_8.png,https://sokodress.s3.ap-northeast-2.amazonaws.com/products_image2/7135664_9.png",https://www.linkshops.com/tnc_theot
티엔씨,동대문,Theot,B1 G 27,02-2117-4166,7131171,2023-01-26,여성,기타,,트윈코듀pt(2칼라),코튼(면) 100%,"드라이클리닝 전용,세탁기 사용 가능",한국,낱장 가능,41800,"핑크,블랙","M,S",없음,광택없음,루즈핏,안감있음,보통,부드러움,비침없음,보통,"https://sokodress.s3.ap-northeast-2.amazonaws.com/products_image2/7131171_0.png,https://sokodress.s3.ap-northeast-2.amazonaws.com/products_image2/7131171_1.png,https://sokodress.s3.ap-northeast-2.amazonaws.com/products_image2/7131171_2.png,https://sokodress.s3.ap-northeast-2.amazonaws.com/products_image2/7131171_3.png,https://sokodress.s3.ap-northeast-2.amazonaws.com/products_image2/7131171_4.png,https://sokodress.s3.ap-northeast-2.amazonaws.com/products_image2/7131171_5.png,https://sokodress.s3.ap-northeast-2.amazonaws.com/products_image2/7131171_6.png,https://sokodress.s3.ap-northeast-2.amazonaws.com/products_image2/7131171_7.png,https://sokodress.s3.ap-northeast-2.amazonaws.com/products_image2/7131171_8.png,https://sokodress.s3.ap-northeast-2.amazonaws.com/products_image2/7131171_9.png",https://www.linkshops.com/tnc_theot
티엔씨,동대문,Theot,B1 G 27,02-2117-4166,7131169,2023-01-26,여성,탑,셔츠/남방,트윈코듀nb(2칼라),코튼(면) 100%,"드라이클리닝 전용,세탁기 사용 가능",한국,낱장 가능,31900,"블랙,핑크",FREE,보통,광택없음,없음,부드러움,보통,기본핏,안감없음,비침없음,"https://sokodress.s3.ap-northeast-2.amazonaws.com/products_image2/7131169_0.png,https://sokodress.s3.ap-northeast-2.amazonaws.com/products_image2/7131169_1.png,https://sokodress.s3.ap-northeast-2.amazonaws.com/products_image2/7131169_2.png,https://sokodress.s3.ap-northeast-2.amazonaws.com/products_image2/7131169_3.png,https://sokodress.s3.ap-northeast-2.amazonaws.com/products_image2/7131169_4.png,https://sokodress.s3.ap-northeast-2.amazonaws.com/products_image2/7131169_5.png,https://sokodress.s3.ap-northeast-2.amazonaws.com/products_image2/7131169_6.png,https://sokodress.s3.ap-northeast-2.amazonaws.com/products_image2/7131169_7.png,https://sokodress.s3.ap-northeast-2.amazonaws.com/products_image2/7131169_8.png,https://sokodress.s3.ap-northeast-2.amazonaws.com/products_image2/7131169_9.png",https://www.linkshops.com/tnc_theot
티엔씨,동대문,Theot,B1 G 27,02-2117-4166,7131155,2023-01-25,여성,탑,니트,밍크가디건(3칼라),"폴리에스터 35%,아크릴 55%,밍크 10%","드라이클리닝 전용,세탁기 사용 가능",한국,낱장 가능,38500,"핑크,민트,아이보리,아이",FREE,보통,안감없음,부드러움,기본핏,보통,광택없음,비침없음,없음,"https://sokodress.s3.ap-northeast-2.amazonaws.com/products_image2/7131155_0.png,https://sokodress.s3.ap-northeast-2.amazonaws.com/products_image2/7131155_1.png,https://sokodress.s3.ap-northeast-2.amazonaws.com/products_image2/7131155_2.png,https://sokodress.s3.ap-northeast-2.amazonaws.com/products_image2/7131155_3.png,https://sokodress.s3.ap-northeast-2.amazonaws.com/products_image2/7131155_4.png,https://sokodress.s3.ap-northeast-2.amazonaws.com/products_image2/7131155_5.png,https://sokodress.s3.ap-northeast-2.amazonaws.com/products_image2/7131155_6.png,https://sokodress.s3.ap-northeast-2.amazonaws.com/products_image2/7131155_7.png,https://sokodress.s3.ap-northeast-2.amazonaws.com/products_image2/7131155_8.png,https://sokodress.s3.ap-northeast-2.amazonaws.com/products_image2/7131155_9.png",https://www.linkshops.com/tnc_theot
티엔씨,동대문,Theot,B1 G 27,02-2117-4166,7130254,2023-01-26,여성,아우터,자켓,뉴욕무스탕(2칼라),폴리우레탄 100%,"드라이클리닝 전용,세탁기 사용 가능",한국,낱장 가능,97900,"브라운,블랙",FREE,안감있음,비침없음,약간있음,보통,두꺼움,루즈핏,없음,보통,"https://sokodress.s3.ap-northeast-2.amazonaws.com/products_image2/7130254_0.png,https://sokodress.s3.ap-northeast-2.amazonaws.com/products_image2/7130254_1.png,https://sokodress.s3.ap-northeast-2.amazonaws.com/products_image2/7130254_2.png,https://sokodress.s3.ap-northeast-2.amazonaws.com/products_image2/7130254_3.png,https://sokodress.s3.ap-northeast-2.amazonaws.com/products_image2/7130254_4.png,https://sokodress.s3.ap-northeast-2.amazonaws.com/products_image2/7130254_5.png,https://sokodress.s3.ap-northeast-2.amazonaws.com/products_image2/7130254_6.png,https://sokodress.s3.ap-northeast-2.amazonaws.com/products_image2/7130254_7.png,https://sokodress.s3.ap-northeast-2.amazonaws.com/products_image2/7130254_8.png,https://sokodress.s3.ap-northeast-2.amazonaws.com/products_image2/7130254_9.png",https://www.linkshops.com/tnc_theot
티엔씨,동대문,Theot,B1 G 27,02-2117-4166,7130243,2023-01-27,여성,아우터,자켓,어반퍼jk(2칼라),"아크릴 55%,울(모) 25%,폴리에스터 20%","드라이클리닝 전용,세탁기 사용 가능",한국,낱장 가능,93500,"그레이,베이지",FREE,루즈핏,두꺼움,안감있음,부드러움,없음,광택없음,비침없음,보통,"https://sokodress.s3.ap-northeast-2.amazonaws.com/products_image2/7130243_0.png,https://sokodress.s3.ap-northeast-2.amazonaws.com/products_image2/7130243_1.png,https://sokodress.s3.ap-northeast-2.amazonaws.com/products_image2/7130243_2.png,https://sokodress.s3.ap-northeast-2.amazonaws.com/products_image2/7130243_3.png,https://sokodress.s3.ap-northeast-2.amazonaws.com/products_image2/7130243_4.png,https://sokodress.s3.ap-northeast-2.amazonaws.com/products_image2/7130243_5.png,https://sokodress.s3.ap-northeast-2.amazonaws.com/products_image2/7130243_6.png,https://sokodress.s3.ap-northeast-2.amazonaws.com/products_image2/7130243_7.png,https://sokodress.s3.ap-northeast-2.amazonaws.com/products_image2/7130243_8.png,https://sokodress.s3.ap-northeast-2.amazonaws.com/products_image2/7130243_9.png",https://www.linkshops.com/tnc_theot
티엔씨,동대문,Theot,B1 G 27,02-2117-4166,7130146,2023-01-15,여성,아우터,자켓,뉴욕무스탕(2칼라),폴리우레탄 100%,"드라이클리닝 전용,세탁기 사용 가능",한국,낱장 가능,97900,"블랙,브라운",FREE,약간있음,안감있음,부드러움,보통,없음,비침없음,두꺼움,루즈핏,"https://sokodress.s3.ap-northeast-2.amazonaws.com/products_image2/7130146_0.png,https://sokodress.s3.ap-northeast-2.amazonaws.com/products_image2/7130146_1.png,https://sokodress.s3.ap-northeast-2.amazonaws.com/products_image2/7130146_2.png,https://sokodress.s3.ap-northeast-2.amazonaws.com/products_image2/7130146_3.png,https://sokodress.s3.ap-northeast-2.amazonaws.com/products_image2/7130146_4.png,https://sokodress.s3.ap-northeast-2.amazonaws.com/products_image2/7130146_5.png,https://sokodress.s3.ap-northeast-2.amazonaws.com/products_image2/7130146_6.png,https://sokodress.s3.ap-northeast-2.amazonaws.com/products_image2/7130146_7.png,https://sokodress.s3.ap-northeast-2.amazonaws.com/products_image2/7130146_8.png,https://sokodress.s3.ap-northeast-2.amazonaws.com/products_image2/7130146_9.png",https://www.linkshops.com/tnc_theot
티엔씨,동대문,Theot,B1 G 27,02-2117-4166,7120877,2023-02-04,여성,아우터,자켓,세무즈jk(2칼라),"폴리에스터 70%,나일론 30%","드라이클리닝 전용,세탁기 사용 가능",한국,낱장 가능,62700,"브라운,블루",FREE,부드러움,없음,보통,광택없음,두꺼움,기본핏,안감있음,비침없음,"https://sokodress.s3.ap-northeast-2.amazonaws.com/products_image2/7120877_0.png,https://sokodress.s3.ap-northeast-2.amazonaws.com/products_image2/7120877_1.png,https://sokodress.s3.ap-northeast-2.amazonaws.com/products_image2/7120877_2.png,https://sokodress.s3.ap-northeast-2.amazonaws.com/products_image2/7120877_3.png,https://sokodress.s3.ap-northeast-2.amazonaws.com/products_image2/7120877_4.png,https://sokodress.s3.ap-northeast-2.amazonaws.com/products_image2/7120877_5.png,https://sokodress.s3.ap-northeast-2.amazonaws.com/products_image2/7120877_6.png,https://sokodress.s3.ap-northeast-2.amazonaws.com/products_image2/7120877_7.png,https://sokodress.s3.ap-northeast-2.amazonaws.com/products_image2/7120877_8.png,https://sokodress.s3.ap-northeast-2.amazonaws.com/products_image2/7120877_9.png",https://www.linkshops.com/tnc_theot
티엔씨,동대문,Theot,B1 G 27,02-2117-4166,7120875,2023-02-05,여성,하의,스커트,에나멜sk(2칼라),폴리우레탄 100%,"드라이클리닝 전용,세탁기 사용 가능",한국,낱장 가능,52800,"와인,블랙",FREE,비침없음,보통,보통,있음,루즈핏,광택있음,안감있음,부드러움,"https://sokodress.s3.ap-northeast-2.amazonaws.com/products_image2/7120875_0.png,https://sokodress.s3.ap-northeast-2.amazonaws.com/products_image2/7120875_1.png,https://sokodress.s3.ap-northeast-2.amazonaws.com/products_image2/7120875_2.png,https://sokodress.s3.ap-northeast-2.amazonaws.com/products_image2/7120875_3.png,https://sokodress.s3.ap-northeast-2.amazonaws.com/products_image2/7120875_4.png,https://sokodress.s3.ap-northeast-2.amazonaws.com/products_image2/7120875_5.png,https://sokodress.s3.ap-northeast-2.amazonaws.com/products_image2/7120875_6.png,https://sokodress.s3.ap-northeast-2.amazonaws.com/products_image2/7120875_7.png,https://sokodress.s3.ap-northeast-2.amazonaws.com/products_image2/7120875_8.png,https://sokodress.s3.ap-northeast-2.amazonaws.com/products_image2/7120875_9.png",https://www.linkshops.com/tnc_theot
티엔씨,동대문,Theot,B1 G 27,02-2117-4166,7120872,2023-01-14,여성,탑,니트,스노우라운드니트(2칼라),"울(모) 50%,나일론 45%,키드모헤어 5%","드라이클리닝 전용,세탁기 사용 가능",한국,낱장 가능,30800,"아이,블루",FREE,비침없음,광택없음,두꺼움,기본핏,좋음,부드러움,안감없음,없음,"https://sokodress.s3.ap-northeast-2.amazonaws.com/products_image2/7120872_0.png,https://sokodress.s3.ap-northeast-2.amazonaws.com/products_image2/7120872_1.png,https://sokodress.s3.ap-northeast-2.amazonaws.com/products_image2/7120872_2.png,https://sokodress.s3.ap-northeast-2.amazonaws.com/products_image2/7120872_3.png,https://sokodress.s3.ap-northeast-2.amazonaws.com/products_image2/7120872_4.png,https://sokodress.s3.ap-northeast-2.amazonaws.com/products_image2/7120872_5.png,https://sokodress.s3.ap-northeast-2.amazonaws.com/products_image2/7120872_6.png,https://sokodress.s3.ap-northeast-2.amazonaws.com/products_image2/7120872_7.png,https://sokodress.s3.ap-northeast-2.amazonaws.com/products_image2/7120872_8.png,https://sokodress.s3.ap-northeast-2.amazonaws.com/products_image2/7120872_9.png",https://www.linkshops.com/tnc_theot
