shop_image_url,shop_address,shop_name,sizang_name,sangga_name,all_product_num,shop_phone,product_unique_id,product_name,product_category,product_category_1,product_category_2,product_category_3,product_price,product_made,product_image_url,product_style,product_size,product_maxrate,product_seethrough,product_elasticity,product_lining,product_fitting,product_color,product_link
,CPH-B1-나-24,미코앤코,동대문,청평화,82,TEL : 02-2232-6143 (HP : 010-2543-6143),1103353,주카가디건,OUTER,WOMEN,,,25000,대한민국,"https://sokodress.s3.ap-northeast-2.amazonaws.com/Test/1103353_0.jpg,https://sokodress.s3.ap-northeast-2.amazonaws.com/Test/1103353_1.jpg,https://sokodress.s3.ap-northeast-2.amazonaws.com/Test/1103353_2.jpg,https://sokodress.s3.ap-northeast-2.amazonaws.com/Test/1103353_3.jpg,https://sokodress.s3.ap-northeast-2.amazonaws.com/Test/1103353_4.jpg,https://sokodress.s3.ap-northeast-2.amazonaws.com/Test/1103353_5.jpg,https://sokodress.s3.ap-northeast-2.amazonaws.com/Test/1103353_6.jpg,https://sokodress.s3.ap-northeast-2.amazonaws.com/Test/1103353_7.jpg,https://sokodress.s3.ap-northeast-2.amazonaws.com/Test/1103353_8.jpg,https://sokodress.s3.ap-northeast-2.amazonaws.com/Test/1103353_9.jpg,https://sokodress.s3.ap-northeast-2.amazonaws.com/Test/1103353_10.jpg,https://sokodress.s3.ap-northeast-2.amazonaws.com/Test/1103353_11.jpg,https://sokodress.s3.ap-northeast-2.amazonaws.com/Test/1103353_12.jpg,https://sokodress.s3.ap-northeast-2.amazonaws.com/Test/1103353_13.jpg,https://sokodress.s3.ap-northeast-2.amazonaws.com/Test/1103353_14.jpg,https://sokodress.s3.ap-northeast-2.amazonaws.com/Test/1103353_15.jpg,https://sokodress.s3.ap-northeast-2.amazonaws.com/Test/1103353_16.jpg,https://sokodress.s3.ap-northeast-2.amazonaws.com/Test/1103353_17.jpg,https://sokodress.s3.ap-northeast-2.amazonaws.com/Test/1103353_18.jpg,https://sokodress.s3.ap-northeast-2.amazonaws.com/Test/1103353_19.jpg",캐주얼,총장 63cm/ 가슴 53cm/ 어깨소매 63cm,면60 폴리40,없음,좋음,없음,베이직,"CHINESEINK,IVORY",http://www.ddmmarket.co.kr/Prod?m=S&c=CB1NA24367
,CPH-B1-나-24,미코앤코,동대문,청평화,82,TEL : 02-2232-6143 (HP : 010-2543-6143),1116589,미니마랑반팔,TOP & TEE,WOMEN,,,16000,대한민국,"https://sokodress.s3.ap-northeast-2.amazonaws.com/Test/1116589_0.jpg,https://sokodress.s3.ap-northeast-2.amazonaws.com/Test/1116589_1.jpg,https://sokodress.s3.ap-northeast-2.amazonaws.com/Test/1116589_2.jpg,https://sokodress.s3.ap-northeast-2.amazonaws.com/Test/1116589_3.jpg,https://sokodress.s3.ap-northeast-2.amazonaws.com/Test/1116589_4.jpg,https://sokodress.s3.ap-northeast-2.amazonaws.com/Test/1116589_5.jpg,https://sokodress.s3.ap-northeast-2.amazonaws.com/Test/1116589_6.jpg,https://sokodress.s3.ap-northeast-2.amazonaws.com/Test/1116589_7.jpg,https://sokodress.s3.ap-northeast-2.amazonaws.com/Test/1116589_8.jpg,https://sokodress.s3.ap-northeast-2.amazonaws.com/Test/1116589_9.jpg","캐주얼,어반/모던,심플/베이직",총장 62cm/ 어깨 42cm/ 가슴 51cm/ 소매 25cm,면100,없음,좋음,없음,베이직,"IVORY,LAVENDER",http://www.ddmmarket.co.kr/Prod?m=S&c=CB1NA24367
,CPH-B1-나-24,미코앤코,동대문,청평화,82,TEL : 02-2232-6143 (HP : 010-2543-6143),1116429,마랑펄하트,TOP & TEE,WOMEN,,,15000,대한민국,"https://sokodress.s3.ap-northeast-2.amazonaws.com/Test/1116429_0.jpg,https://sokodress.s3.ap-northeast-2.amazonaws.com/Test/1116429_1.jpg,https://sokodress.s3.ap-northeast-2.amazonaws.com/Test/1116429_2.jpg,https://sokodress.s3.ap-northeast-2.amazonaws.com/Test/1116429_3.jpg,https://sokodress.s3.ap-northeast-2.amazonaws.com/Test/1116429_4.jpg,https://sokodress.s3.ap-northeast-2.amazonaws.com/Test/1116429_5.jpg,https://sokodress.s3.ap-northeast-2.amazonaws.com/Test/1116429_6.jpg,https://sokodress.s3.ap-northeast-2.amazonaws.com/Test/1116429_7.jpg,https://sokodress.s3.ap-northeast-2.amazonaws.com/Test/1116429_8.jpg,https://sokodress.s3.ap-northeast-2.amazonaws.com/Test/1116429_9.jpg","캐주얼,어반/모던,심플/베이직",총장 65cm/ 어깨 43cm/ 가슴 50cm/ 소매 19cm,면100,없음,좋음,없음,베이직,"BLACK,IVORY",http://www.ddmmarket.co.kr/Prod?m=S&c=CB1NA24367
,CPH-B1-나-24,미코앤코,동대문,청평화,82,TEL : 02-2232-6143 (HP : 010-2543-6143),1116327,마랑롤업반팔,TOP & TEE,WOMEN,,,20000,대한민국,"https://sokodress.s3.ap-northeast-2.amazonaws.com/Test/1116327_0.jpg,https://sokodress.s3.ap-northeast-2.amazonaws.com/Test/1116327_1.jpg,https://sokodress.s3.ap-northeast-2.amazonaws.com/Test/1116327_2.jpg,https://sokodress.s3.ap-northeast-2.amazonaws.com/Test/1116327_3.jpg,https://sokodress.s3.ap-northeast-2.amazonaws.com/Test/1116327_4.jpg,https://sokodress.s3.ap-northeast-2.amazonaws.com/Test/1116327_5.jpg,https://sokodress.s3.ap-northeast-2.amazonaws.com/Test/1116327_6.jpg,https://sokodress.s3.ap-northeast-2.amazonaws.com/Test/1116327_7.jpg,https://sokodress.s3.ap-northeast-2.amazonaws.com/Test/1116327_8.jpg,https://sokodress.s3.ap-northeast-2.amazonaws.com/Test/1116327_9.jpg,https://sokodress.s3.ap-northeast-2.amazonaws.com/Test/1116327_10.jpg","캐주얼,어반/모던,심플/베이직",총장 65cm/ 어깨 45cm/ 가슴 45cm/ 소매 14cm,린넨55 폴리45,없음,좋음,없음,베이직,"BLACK,PINK,WHITE",http://www.ddmmarket.co.kr/Prod?m=S&c=CB1NA24367
,CPH-B1-나-24,미코앤코,동대문,청평화,82,TEL : 02-2232-6143 (HP : 010-2543-6143),1116326,페레가모반팔,TOP & TEE,WOMEN,,,23000,대한민국,"https://sokodress.s3.ap-northeast-2.amazonaws.com/Test/1116326_0.jpg,https://sokodress.s3.ap-northeast-2.amazonaws.com/Test/1116326_1.jpg,https://sokodress.s3.ap-northeast-2.amazonaws.com/Test/1116326_2.jpg,https://sokodress.s3.ap-northeast-2.amazonaws.com/Test/1116326_3.jpg,https://sokodress.s3.ap-northeast-2.amazonaws.com/Test/1116326_4.jpg,https://sokodress.s3.ap-northeast-2.amazonaws.com/Test/1116326_5.jpg,https://sokodress.s3.ap-northeast-2.amazonaws.com/Test/1116326_6.jpg,https://sokodress.s3.ap-northeast-2.amazonaws.com/Test/1116326_7.jpg,https://sokodress.s3.ap-northeast-2.amazonaws.com/Test/1116326_8.jpg,https://sokodress.s3.ap-northeast-2.amazonaws.com/Test/1116326_9.jpg","캐주얼,어반/모던,심플/베이직",총장 58cm/ 어깨 47cm/ 가슴 59cm/ 소매 22cm,면100,없음,좋음,없음,루즈핏,"CREAM,IVORY",http://www.ddmmarket.co.kr/Prod?m=S&c=CB1NA24367
,CPH-B1-나-24,미코앤코,동대문,청평화,82,TEL : 02-2232-6143 (HP : 010-2543-6143),1115929,가니나비반팔,TOP & TEE,WOMEN,,,16000,대한민국,"https://sokodress.s3.ap-northeast-2.amazonaws.com/Test/1115929_0.jpg,https://sokodress.s3.ap-northeast-2.amazonaws.com/Test/1115929_1.jpg,https://sokodress.s3.ap-northeast-2.amazonaws.com/Test/1115929_2.jpg,https://sokodress.s3.ap-northeast-2.amazonaws.com/Test/1115929_3.jpg,https://sokodress.s3.ap-northeast-2.amazonaws.com/Test/1115929_4.jpg,https://sokodress.s3.ap-northeast-2.amazonaws.com/Test/1115929_5.jpg,https://sokodress.s3.ap-northeast-2.amazonaws.com/Test/1115929_6.jpg,https://sokodress.s3.ap-northeast-2.amazonaws.com/Test/1115929_7.jpg,https://sokodress.s3.ap-northeast-2.amazonaws.com/Test/1115929_8.jpg,https://sokodress.s3.ap-northeast-2.amazonaws.com/Test/1115929_9.jpg","캐주얼,어반/모던,심플/베이직",총장 63cm/ 어깨 41cm/ 가슴 51cm/ 소매 22cm,면100,없음,좋음,없음,베이직,"IVORY,PINK",http://www.ddmmarket.co.kr/Prod?m=S&c=CB1NA24367
,CPH-B1-나-24,미코앤코,동대문,청평화,82,TEL : 02-2232-6143 (HP : 010-2543-6143),1115708,쟈딕레터링반팔,TOP & TEE,WOMEN,,,15000,대한민국,"https://sokodress.s3.ap-northeast-2.amazonaws.com/Test/1115708_0.jpg,https://sokodress.s3.ap-northeast-2.amazonaws.com/Test/1115708_1.jpg,https://sokodress.s3.ap-northeast-2.amazonaws.com/Test/1115708_2.jpg,https://sokodress.s3.ap-northeast-2.amazonaws.com/Test/1115708_3.jpg,https://sokodress.s3.ap-northeast-2.amazonaws.com/Test/1115708_4.jpg,https://sokodress.s3.ap-northeast-2.amazonaws.com/Test/1115708_5.jpg,https://sokodress.s3.ap-northeast-2.amazonaws.com/Test/1115708_6.jpg,https://sokodress.s3.ap-northeast-2.amazonaws.com/Test/1115708_7.jpg,https://sokodress.s3.ap-northeast-2.amazonaws.com/Test/1115708_8.jpg,https://sokodress.s3.ap-northeast-2.amazonaws.com/Test/1115708_9.jpg","캐주얼,어반/모던,심플/베이직",총장 62cm/ 어깨 43cm/ 가슴 50cm/ 소매 15cm,면100,없음,좋음,없음,베이직,"BLACK,IVORY",http://www.ddmmarket.co.kr/Prod?m=S&c=CB1NA24367
,CPH-B1-나-24,미코앤코,동대문,청평화,82,TEL : 02-2232-6143 (HP : 010-2543-6143),1115426,셀린느배색반팔,TOP & TEE,WOMEN,,,15000,대한민국,"https://sokodress.s3.ap-northeast-2.amazonaws.com/Test/1115426_0.jpg,https://sokodress.s3.ap-northeast-2.amazonaws.com/Test/1115426_1.jpg,https://sokodress.s3.ap-northeast-2.amazonaws.com/Test/1115426_2.jpg,https://sokodress.s3.ap-northeast-2.amazonaws.com/Test/1115426_3.jpg,https://sokodress.s3.ap-northeast-2.amazonaws.com/Test/1115426_4.jpg,https://sokodress.s3.ap-northeast-2.amazonaws.com/Test/1115426_5.jpg,https://sokodress.s3.ap-northeast-2.amazonaws.com/Test/1115426_6.jpg,https://sokodress.s3.ap-northeast-2.amazonaws.com/Test/1115426_7.jpg,https://sokodress.s3.ap-northeast-2.amazonaws.com/Test/1115426_8.jpg","캐주얼,어반/모던,심플/베이직",총장 67cm/ 어깨 45cm/ 가슴 474cm/ 소매 20cm,면100,없음,좋음,없음,베이직,"BLACK,IVORY",http://www.ddmmarket.co.kr/Prod?m=S&c=CB1NA24367
,CPH-B1-나-24,미코앤코,동대문,청평화,82,TEL : 02-2232-6143 (HP : 010-2543-6143),1115193,동키하키반팔,TOP & TEE,WOMEN,,,16000,대한민국,"https://sokodress.s3.ap-northeast-2.amazonaws.com/Test/1115193_0.jpg,https://sokodress.s3.ap-northeast-2.amazonaws.com/Test/1115193_1.jpg,https://sokodress.s3.ap-northeast-2.amazonaws.com/Test/1115193_2.jpg,https://sokodress.s3.ap-northeast-2.amazonaws.com/Test/1115193_3.jpg,https://sokodress.s3.ap-northeast-2.amazonaws.com/Test/1115193_4.jpg,https://sokodress.s3.ap-northeast-2.amazonaws.com/Test/1115193_5.jpg,https://sokodress.s3.ap-northeast-2.amazonaws.com/Test/1115193_6.jpg,https://sokodress.s3.ap-northeast-2.amazonaws.com/Test/1115193_7.jpg,https://sokodress.s3.ap-northeast-2.amazonaws.com/Test/1115193_8.jpg,https://sokodress.s3.ap-northeast-2.amazonaws.com/Test/1115193_9.jpg","캐주얼,어반/모던,심플/베이직",총장 66cm/ 어깨 43cm/ 가슴 47cm/ 소매 20cm,면100,없음,좋음,없음,베이직,"IVORY(BLACK),IVORY(RED)",http://www.ddmmarket.co.kr/Prod?m=S&c=CB1NA24367
,CPH-B1-나-24,미코앤코,동대문,청평화,82,TEL : 02-2232-6143 (HP : 010-2543-6143),1115102,마랑레터링반팔,TOP & TEE,WOMEN,,,16000,대한민국,"https://sokodress.s3.ap-northeast-2.amazonaws.com/Test/1115102_0.jpg,https://sokodress.s3.ap-northeast-2.amazonaws.com/Test/1115102_1.jpg,https://sokodress.s3.ap-northeast-2.amazonaws.com/Test/1115102_2.jpg,https://sokodress.s3.ap-northeast-2.amazonaws.com/Test/1115102_3.jpg,https://sokodress.s3.ap-northeast-2.amazonaws.com/Test/1115102_4.jpg,https://sokodress.s3.ap-northeast-2.amazonaws.com/Test/1115102_5.jpg,https://sokodress.s3.ap-northeast-2.amazonaws.com/Test/1115102_6.jpg,https://sokodress.s3.ap-northeast-2.amazonaws.com/Test/1115102_7.jpg,https://sokodress.s3.ap-northeast-2.amazonaws.com/Test/1115102_8.jpg,https://sokodress.s3.ap-northeast-2.amazonaws.com/Test/1115102_9.jpg","캐주얼,어반/모던,심플/베이직",총장 65cm/ 어깨 45cm/ 가슴 51cm/ 소매 19cm,면100,없음,좋음,없음,베이직,"CREAM,PINK",http://www.ddmmarket.co.kr/Prod?m=S&c=CB1NA24367
,CPH-B1-나-24,미코앤코,동대문,청평화,82,TEL : 02-2232-6143 (HP : 010-2543-6143),1115101,와일드동키mtm,TOP & TEE,WOMEN,,,20000,대한민국,"https://sokodress.s3.ap-northeast-2.amazonaws.com/Test/1115101_0.jpg,https://sokodress.s3.ap-northeast-2.amazonaws.com/Test/1115101_1.jpg,https://sokodress.s3.ap-northeast-2.amazonaws.com/Test/1115101_2.jpg,https://sokodress.s3.ap-northeast-2.amazonaws.com/Test/1115101_3.jpg,https://sokodress.s3.ap-northeast-2.amazonaws.com/Test/1115101_4.jpg,https://sokodress.s3.ap-northeast-2.amazonaws.com/Test/1115101_5.jpg,https://sokodress.s3.ap-northeast-2.amazonaws.com/Test/1115101_6.jpg,https://sokodress.s3.ap-northeast-2.amazonaws.com/Test/1115101_7.jpg,https://sokodress.s3.ap-northeast-2.amazonaws.com/Test/1115101_8.jpg,https://sokodress.s3.ap-northeast-2.amazonaws.com/Test/1115101_9.jpg","캐주얼,어반/모던,심플/베이직",총장 63cm/ 어깨 55cm/ 가슴 53cm/ 소매 58cm,면100,없음,좋음,없음,베이직,"LIGHTPINK,WHITEMELANGE",http://www.ddmmarket.co.kr/Prod?m=S&c=CB1NA24367
,CPH-B1-나-24,미코앤코,동대문,청평화,82,TEL : 02-2232-6143 (HP : 010-2543-6143),1114911,마인자수MTM,TOP & TEE,WOMEN,,,27000,대한민국,"https://sokodress.s3.ap-northeast-2.amazonaws.com/Test/1114911_0.jpg,https://sokodress.s3.ap-northeast-2.amazonaws.com/Test/1114911_1.jpg,https://sokodress.s3.ap-northeast-2.amazonaws.com/Test/1114911_2.jpg,https://sokodress.s3.ap-northeast-2.amazonaws.com/Test/1114911_3.jpg,https://sokodress.s3.ap-northeast-2.amazonaws.com/Test/1114911_4.jpg,https://sokodress.s3.ap-northeast-2.amazonaws.com/Test/1114911_5.jpg,https://sokodress.s3.ap-northeast-2.amazonaws.com/Test/1114911_6.jpg,https://sokodress.s3.ap-northeast-2.amazonaws.com/Test/1114911_7.jpg,https://sokodress.s3.ap-northeast-2.amazonaws.com/Test/1114911_8.jpg,https://sokodress.s3.ap-northeast-2.amazonaws.com/Test/1114911_9.jpg,https://sokodress.s3.ap-northeast-2.amazonaws.com/Test/1114911_10.jpg","캐주얼,어반/모던,심플/베이직",총장 56-61cm/ 어깨 54cm/ 가슴 54cm/ 소매 53cm,면100,없음,좋음,없음,베이직,"GRAY,LAVENDER",http://www.ddmmarket.co.kr/Prod?m=S&c=CB1NA24367
,CPH-B1-나-24,미코앤코,동대문,청평화,82,TEL : 02-2232-6143 (HP : 010-2543-6143),1114826,타임글리터반팔,TOP & TEE,WOMEN,,,20000,대한민국,"https://sokodress.s3.ap-northeast-2.amazonaws.com/Test/1114826_0.jpg,https://sokodress.s3.ap-northeast-2.amazonaws.com/Test/1114826_1.jpg,https://sokodress.s3.ap-northeast-2.amazonaws.com/Test/1114826_2.jpg,https://sokodress.s3.ap-northeast-2.amazonaws.com/Test/1114826_3.jpg,https://sokodress.s3.ap-northeast-2.amazonaws.com/Test/1114826_4.jpg,https://sokodress.s3.ap-northeast-2.amazonaws.com/Test/1114826_5.jpg,https://sokodress.s3.ap-northeast-2.amazonaws.com/Test/1114826_6.jpg,https://sokodress.s3.ap-northeast-2.amazonaws.com/Test/1114826_7.jpg,https://sokodress.s3.ap-northeast-2.amazonaws.com/Test/1114826_8.jpg,https://sokodress.s3.ap-northeast-2.amazonaws.com/Test/1114826_9.jpg,https://sokodress.s3.ap-northeast-2.amazonaws.com/Test/1114826_10.jpg","캐주얼,어반/모던,심플/베이직",총장 64cm/ 어깨 38cm/ 가슴 48cm/ 소매 23cm,면100,없음,좋음,없음,베이직,"CHINESEINK,CREAM,IVORY",http://www.ddmmarket.co.kr/Prod?m=S&c=CB1NA24367
,CPH-B1-나-24,미코앤코,동대문,청평화,82,TEL : 02-2232-6143 (HP : 010-2543-6143),1114720,마랑나그랑,TOP & TEE,WOMEN,,,21000,대한민국,"https://sokodress.s3.ap-northeast-2.amazonaws.com/Test/1114720_0.jpg,https://sokodress.s3.ap-northeast-2.amazonaws.com/Test/1114720_1.jpg,https://sokodress.s3.ap-northeast-2.amazonaws.com/Test/1114720_2.jpg,https://sokodress.s3.ap-northeast-2.amazonaws.com/Test/1114720_3.jpg,https://sokodress.s3.ap-northeast-2.amazonaws.com/Test/1114720_4.jpg,https://sokodress.s3.ap-northeast-2.amazonaws.com/Test/1114720_5.jpg,https://sokodress.s3.ap-northeast-2.amazonaws.com/Test/1114720_6.jpg,https://sokodress.s3.ap-northeast-2.amazonaws.com/Test/1114720_7.jpg,https://sokodress.s3.ap-northeast-2.amazonaws.com/Test/1114720_8.jpg,https://sokodress.s3.ap-northeast-2.amazonaws.com/Test/1114720_9.jpg,https://sokodress.s3.ap-northeast-2.amazonaws.com/Test/1114720_10.jpg","캐주얼,어반/모던,심플/베이직",총장 59cm/ 가슴 54cm/ 어깨소매 72cm,면100,없음,좋음,없음,베이직,"CHINESEINK,GRAY,OATMEAL",http://www.ddmmarket.co.kr/Prod?m=S&c=CB1NA24367
,CPH-B1-나-24,미코앤코,동대문,청평화,82,TEL : 02-2232-6143 (HP : 010-2543-6143),1114719,가니나비MTM,TOP & TEE,WOMEN,,,21000,대한민국,"https://sokodress.s3.ap-northeast-2.amazonaws.com/Test/1114719_0.jpg,https://sokodress.s3.ap-northeast-2.amazonaws.com/Test/1114719_1.jpg,https://sokodress.s3.ap-northeast-2.amazonaws.com/Test/1114719_2.jpg,https://sokodress.s3.ap-northeast-2.amazonaws.com/Test/1114719_3.jpg,https://sokodress.s3.ap-northeast-2.amazonaws.com/Test/1114719_4.jpg,https://sokodress.s3.ap-northeast-2.amazonaws.com/Test/1114719_5.jpg,https://sokodress.s3.ap-northeast-2.amazonaws.com/Test/1114719_6.jpg,https://sokodress.s3.ap-northeast-2.amazonaws.com/Test/1114719_7.jpg,https://sokodress.s3.ap-northeast-2.amazonaws.com/Test/1114719_8.jpg,https://sokodress.s3.ap-northeast-2.amazonaws.com/Test/1114719_9.jpg","캐주얼,어반/모던,심플/베이직",총장 60cm/ 어깨 47cm/ 가슴 52cm/ 소매 68cm,면100,없음,좋음,없음,베이직,"GREEN,IVORY",http://www.ddmmarket.co.kr/Prod?m=S&c=CB1NA24367
,CPH-B1-나-24,미코앤코,동대문,청평화,82,TEL : 02-2232-6143 (HP : 010-2543-6143),1114718,리던스누피반팔,TOP & TEE,WOMEN,,,19000,대한민국,"https://sokodress.s3.ap-northeast-2.amazonaws.com/Test/1114718_0.jpg,https://sokodress.s3.ap-northeast-2.amazonaws.com/Test/1114718_1.jpg,https://sokodress.s3.ap-northeast-2.amazonaws.com/Test/1114718_2.jpg,https://sokodress.s3.ap-northeast-2.amazonaws.com/Test/1114718_3.jpg,https://sokodress.s3.ap-northeast-2.amazonaws.com/Test/1114718_4.jpg,https://sokodress.s3.ap-northeast-2.amazonaws.com/Test/1114718_5.jpg,https://sokodress.s3.ap-northeast-2.amazonaws.com/Test/1114718_6.jpg,https://sokodress.s3.ap-northeast-2.amazonaws.com/Test/1114718_7.jpg","캐주얼,어반/모던,심플/베이직",총장 60cm/ 어깨 38cm/ 가슴 47cm/ 소매 21cm,면100,없음,좋음,없음,베이직,CREAM,http://www.ddmmarket.co.kr/Prod?m=S&c=CB1NA24367
,CPH-B1-나-24,미코앤코,동대문,청평화,82,TEL : 02-2232-6143 (HP : 010-2543-6143),1114288,토끼마랑후드,TOP & TEE,WOMEN,,,32000,대한민국,"https://sokodress.s3.ap-northeast-2.amazonaws.com/Test/1114288_0.jpg,https://sokodress.s3.ap-northeast-2.amazonaws.com/Test/1114288_1.jpg,https://sokodress.s3.ap-northeast-2.amazonaws.com/Test/1114288_2.jpg,https://sokodress.s3.ap-northeast-2.amazonaws.com/Test/1114288_3.jpg,https://sokodress.s3.ap-northeast-2.amazonaws.com/Test/1114288_4.jpg,https://sokodress.s3.ap-northeast-2.amazonaws.com/Test/1114288_5.jpg,https://sokodress.s3.ap-northeast-2.amazonaws.com/Test/1114288_6.jpg,https://sokodress.s3.ap-northeast-2.amazonaws.com/Test/1114288_7.jpg,https://sokodress.s3.ap-northeast-2.amazonaws.com/Test/1114288_8.jpg,https://sokodress.s3.ap-northeast-2.amazonaws.com/Test/1114288_9.jpg","캐주얼,어반/모던,심플/베이직",총장 65cm/ 가슴 58cm/ 어깨소매 81cm,면100,없음,좋음,없음,베이직,OATMEAL,http://www.ddmmarket.co.kr/Prod?m=S&c=CB1NA24367
,CPH-B1-나-24,미코앤코,동대문,청평화,82,TEL : 02-2232-6143 (HP : 010-2543-6143),1114156,생로랑MTM,TOP & TEE,WOMEN,,,24000,대한민국,"https://sokodress.s3.ap-northeast-2.amazonaws.com/Test/1114156_0.jpg,https://sokodress.s3.ap-northeast-2.amazonaws.com/Test/1114156_1.jpg,https://sokodress.s3.ap-northeast-2.amazonaws.com/Test/1114156_2.jpg,https://sokodress.s3.ap-northeast-2.amazonaws.com/Test/1114156_3.jpg,https://sokodress.s3.ap-northeast-2.amazonaws.com/Test/1114156_4.jpg,https://sokodress.s3.ap-northeast-2.amazonaws.com/Test/1114156_5.jpg,https://sokodress.s3.ap-northeast-2.amazonaws.com/Test/1114156_6.jpg,https://sokodress.s3.ap-northeast-2.amazonaws.com/Test/1114156_7.jpg,https://sokodress.s3.ap-northeast-2.amazonaws.com/Test/1114156_8.jpg,https://sokodress.s3.ap-northeast-2.amazonaws.com/Test/1114156_9.jpg,https://sokodress.s3.ap-northeast-2.amazonaws.com/Test/1114156_10.jpg","캐주얼,어반/모던,심플/베이직",총장 62cm/ 어깨 56cm/ 가슴 57cm/ 소매 57cm,면100,없음,좋음,없음,베이직,"BEIGE,CHINESEINK,PURPLE-2",http://www.ddmmarket.co.kr/Prod?m=S&c=CB1NA24367
,CPH-B1-나-24,미코앤코,동대문,청평화,82,TEL : 02-2232-6143 (HP : 010-2543-6143),1114155,가니스마일반팔,TOP & TEE,WOMEN,,,14000,대한민국,"https://sokodress.s3.ap-northeast-2.amazonaws.com/Test/1114155_0.jpg,https://sokodress.s3.ap-northeast-2.amazonaws.com/Test/1114155_1.jpg,https://sokodress.s3.ap-northeast-2.amazonaws.com/Test/1114155_2.jpg,https://sokodress.s3.ap-northeast-2.amazonaws.com/Test/1114155_3.jpg,https://sokodress.s3.ap-northeast-2.amazonaws.com/Test/1114155_4.jpg,https://sokodress.s3.ap-northeast-2.amazonaws.com/Test/1114155_5.jpg,https://sokodress.s3.ap-northeast-2.amazonaws.com/Test/1114155_6.jpg,https://sokodress.s3.ap-northeast-2.amazonaws.com/Test/1114155_7.jpg,https://sokodress.s3.ap-northeast-2.amazonaws.com/Test/1114155_8.jpg,https://sokodress.s3.ap-northeast-2.amazonaws.com/Test/1114155_9.jpg","캐주얼,어반/모던,심플/베이직",총장 65cm/ 어깨 39cm/ 가슴 50cm/ 소매 22cm,면100,없음,좋음,없음,베이직,"BLACK,IVORY",http://www.ddmmarket.co.kr/Prod?m=S&c=CB1NA24367
,CPH-B1-나-24,미코앤코,동대문,청평화,82,TEL : 02-2232-6143 (HP : 010-2543-6143),1114107,보브배색BL,TOP & TEE,WOMEN,,,28000,대한민국,"https://sokodress.s3.ap-northeast-2.amazonaws.com/Test/1114107_0.jpg,https://sokodress.s3.ap-northeast-2.amazonaws.com/Test/1114107_1.jpg,https://sokodress.s3.ap-northeast-2.amazonaws.com/Test/1114107_2.jpg,https://sokodress.s3.ap-northeast-2.amazonaws.com/Test/1114107_3.jpg,https://sokodress.s3.ap-northeast-2.amazonaws.com/Test/1114107_4.jpg,https://sokodress.s3.ap-northeast-2.amazonaws.com/Test/1114107_5.jpg,https://sokodress.s3.ap-northeast-2.amazonaws.com/Test/1114107_6.jpg,https://sokodress.s3.ap-northeast-2.amazonaws.com/Test/1114107_7.jpg,https://sokodress.s3.ap-northeast-2.amazonaws.com/Test/1114107_8.jpg,https://sokodress.s3.ap-northeast-2.amazonaws.com/Test/1114107_9.jpg,https://sokodress.s3.ap-northeast-2.amazonaws.com/Test/1114107_10.jpg,https://sokodress.s3.ap-northeast-2.amazonaws.com/Test/1114107_11.jpg,https://sokodress.s3.ap-northeast-2.amazonaws.com/Test/1114107_12.jpg","캐주얼,어반/모던,심플/베이직",총장 64cm/ 어깨 49cm/ 가슴 56cm/ 소매 57cm,면92 나일론8,없음,좋음,없음,베이직,"BEIGE,NAVY",http://www.ddmmarket.co.kr/Prod?m=S&c=CB1NA24367
,CPH-B1-나-24,미코앤코,동대문,청평화,82,TEL : 02-2232-6143 (HP : 010-2543-6143),1114015,메종마르지엘라MTM,TOP & TEE,WOMEN,,,23000,대한민국,"https://sokodress.s3.ap-northeast-2.amazonaws.com/Test/1114015_0.jpg,https://sokodress.s3.ap-northeast-2.amazonaws.com/Test/1114015_1.jpg,https://sokodress.s3.ap-northeast-2.amazonaws.com/Test/1114015_2.jpg,https://sokodress.s3.ap-northeast-2.amazonaws.com/Test/1114015_3.jpg,https://sokodress.s3.ap-northeast-2.amazonaws.com/Test/1114015_4.jpg,https://sokodress.s3.ap-northeast-2.amazonaws.com/Test/1114015_5.jpg,https://sokodress.s3.ap-northeast-2.amazonaws.com/Test/1114015_6.jpg,https://sokodress.s3.ap-northeast-2.amazonaws.com/Test/1114015_7.jpg,https://sokodress.s3.ap-northeast-2.amazonaws.com/Test/1114015_8.jpg,https://sokodress.s3.ap-northeast-2.amazonaws.com/Test/1114015_9.jpg,https://sokodress.s3.ap-northeast-2.amazonaws.com/Test/1114015_10.jpg","캐주얼,어반/모던,심플/베이직",총장 60cm/ 어깨 59cm/ 가슴 56cm/ 소매 61cm,면100,없음,좋음,없음,루즈핏,"BLACK,GRAY",http://www.ddmmarket.co.kr/Prod?m=S&c=CB1NA24367
,CPH-B1-나-24,미코앤코,동대문,청평화,82,TEL : 02-2232-6143 (HP : 010-2543-6143),1113727,토끼마랑맨mtm,TOP & TEE,WOMEN,,,23000,대한민국,"https://sokodress.s3.ap-northeast-2.amazonaws.com/Test/1113727_0.jpg,https://sokodress.s3.ap-northeast-2.amazonaws.com/Test/1113727_1.jpg,https://sokodress.s3.ap-northeast-2.amazonaws.com/Test/1113727_2.jpg,https://sokodress.s3.ap-northeast-2.amazonaws.com/Test/1113727_3.jpg,https://sokodress.s3.ap-northeast-2.amazonaws.com/Test/1113727_4.jpg,https://sokodress.s3.ap-northeast-2.amazonaws.com/Test/1113727_5.jpg,https://sokodress.s3.ap-northeast-2.amazonaws.com/Test/1113727_6.jpg,https://sokodress.s3.ap-northeast-2.amazonaws.com/Test/1113727_7.jpg,https://sokodress.s3.ap-northeast-2.amazonaws.com/Test/1113727_8.jpg,https://sokodress.s3.ap-northeast-2.amazonaws.com/Test/1113727_9.jpg,https://sokodress.s3.ap-northeast-2.amazonaws.com/Test/1113727_10.jpg","캐주얼,어반/모던,심플/베이직",총장 61cm/ 어깨 50cm/ 가슴 53cm/ 소매 55cm,면100,없음,좋음,없음,베이직,"OATMEAL,PINK",http://www.ddmmarket.co.kr/Prod?m=S&c=CB1NA24367
,CPH-B1-나-24,미코앤코,동대문,청평화,82,TEL : 02-2232-6143 (HP : 010-2543-6143),1113601,타임글리터맨투맨,TOP & TEE,WOMEN,,,24000,대한민국,"https://sokodress.s3.ap-northeast-2.amazonaws.com/Test/1113601_0.jpg,https://sokodress.s3.ap-northeast-2.amazonaws.com/Test/1113601_1.jpg,https://sokodress.s3.ap-northeast-2.amazonaws.com/Test/1113601_2.jpg,https://sokodress.s3.ap-northeast-2.amazonaws.com/Test/1113601_3.jpg,https://sokodress.s3.ap-northeast-2.amazonaws.com/Test/1113601_4.jpg,https://sokodress.s3.ap-northeast-2.amazonaws.com/Test/1113601_5.jpg,https://sokodress.s3.ap-northeast-2.amazonaws.com/Test/1113601_6.jpg,https://sokodress.s3.ap-northeast-2.amazonaws.com/Test/1113601_7.jpg,https://sokodress.s3.ap-northeast-2.amazonaws.com/Test/1113601_8.jpg,https://sokodress.s3.ap-northeast-2.amazonaws.com/Test/1113601_9.jpg","미시,캐주얼",총장 57cm/ 가슴 61cm/ 어깨소매 76cm,면100,없음,좋음,없음,베이직,"CHINESEINK,CREAM",http://www.ddmmarket.co.kr/Prod?m=S&c=CB1NA24367
,CPH-B1-나-24,미코앤코,동대문,청평화,82,TEL : 02-2232-6143 (HP : 010-2543-6143),1113424,마랑배색MTM,TOP & TEE,WOMEN,,,30000,대한민국,"https://sokodress.s3.ap-northeast-2.amazonaws.com/Test/1113424_0.jpg,https://sokodress.s3.ap-northeast-2.amazonaws.com/Test/1113424_1.jpg,https://sokodress.s3.ap-northeast-2.amazonaws.com/Test/1113424_2.jpg,https://sokodress.s3.ap-northeast-2.amazonaws.com/Test/1113424_3.jpg,https://sokodress.s3.ap-northeast-2.amazonaws.com/Test/1113424_4.jpg,https://sokodress.s3.ap-northeast-2.amazonaws.com/Test/1113424_5.jpg,https://sokodress.s3.ap-northeast-2.amazonaws.com/Test/1113424_6.jpg,https://sokodress.s3.ap-northeast-2.amazonaws.com/Test/1113424_7.jpg,https://sokodress.s3.ap-northeast-2.amazonaws.com/Test/1113424_8.jpg,https://sokodress.s3.ap-northeast-2.amazonaws.com/Test/1113424_9.jpg,https://sokodress.s3.ap-northeast-2.amazonaws.com/Test/1113424_10.jpg","캐주얼,어반/모던,심플/베이직",총장 62cm/ 가슴 60cm,면100,없음,좋음,없음,루즈핏,"BLUE,PINK,YELLOW",http://www.ddmmarket.co.kr/Prod?m=S&c=CB1NA24367
,CPH-B1-나-24,미코앤코,동대문,청평화,82,TEL : 02-2232-6143 (HP : 010-2543-6143),1113318,마랑후드라벤더,TOP & TEE,WOMEN,,,45000,대한민국,"https://sokodress.s3.ap-northeast-2.amazonaws.com/Test/1113318_0.jpg,https://sokodress.s3.ap-northeast-2.amazonaws.com/Test/1113318_1.jpg,https://sokodress.s3.ap-northeast-2.amazonaws.com/Test/1113318_2.jpg,https://sokodress.s3.ap-northeast-2.amazonaws.com/Test/1113318_3.jpg,https://sokodress.s3.ap-northeast-2.amazonaws.com/Test/1113318_4.jpg,https://sokodress.s3.ap-northeast-2.amazonaws.com/Test/1113318_5.jpg,https://sokodress.s3.ap-northeast-2.amazonaws.com/Test/1113318_6.jpg,https://sokodress.s3.ap-northeast-2.amazonaws.com/Test/1113318_7.jpg,https://sokodress.s3.ap-northeast-2.amazonaws.com/Test/1113318_8.jpg,https://sokodress.s3.ap-northeast-2.amazonaws.com/Test/1113318_9.jpg,https://sokodress.s3.ap-northeast-2.amazonaws.com/Test/1113318_10.jpg","캐주얼,어반/모던,심플/베이직",총장 63cm/ 가슴 58cm/ 어깨소매 79cm,면100,없음,좋음,없음,베이직,LAVENDER,http://www.ddmmarket.co.kr/Prod?m=S&c=CB1NA24367
,CPH-B1-나-24,미코앤코,동대문,청평화,82,TEL : 02-2232-6143 (HP : 010-2543-6143),1113317,마랑빈티지후드,TOP & TEE,WOMEN,,,32000,대한민국,"https://sokodress.s3.ap-northeast-2.amazonaws.com/Test/1113317_0.jpg,https://sokodress.s3.ap-northeast-2.amazonaws.com/Test/1113317_1.jpg,https://sokodress.s3.ap-northeast-2.amazonaws.com/Test/1113317_2.jpg,https://sokodress.s3.ap-northeast-2.amazonaws.com/Test/1113317_3.jpg,https://sokodress.s3.ap-northeast-2.amazonaws.com/Test/1113317_4.jpg,https://sokodress.s3.ap-northeast-2.amazonaws.com/Test/1113317_5.jpg,https://sokodress.s3.ap-northeast-2.amazonaws.com/Test/1113317_6.jpg,https://sokodress.s3.ap-northeast-2.amazonaws.com/Test/1113317_7.jpg,https://sokodress.s3.ap-northeast-2.amazonaws.com/Test/1113317_8.jpg,https://sokodress.s3.ap-northeast-2.amazonaws.com/Test/1113317_9.jpg,https://sokodress.s3.ap-northeast-2.amazonaws.com/Test/1113317_10.jpg,https://sokodress.s3.ap-northeast-2.amazonaws.com/Test/1113317_11.jpg","캐주얼,어반/모던,심플/베이직",총장 66cm/ 가슴 58cm/ 어깨소매 82cm,면100,없음,좋음,없음,베이직,"BLACK,OATMEAL",http://www.ddmmarket.co.kr/Prod?m=S&c=CB1NA24367
,CPH-B1-나-24,미코앤코,동대문,청평화,82,TEL : 02-2232-6143 (HP : 010-2543-6143),1113316,셀린느후로킹,TOP & TEE,WOMEN,,,23000,대한민국,"https://sokodress.s3.ap-northeast-2.amazonaws.com/Test/1113316_0.jpg,https://sokodress.s3.ap-northeast-2.amazonaws.com/Test/1113316_1.jpg,https://sokodress.s3.ap-northeast-2.amazonaws.com/Test/1113316_2.jpg,https://sokodress.s3.ap-northeast-2.amazonaws.com/Test/1113316_3.jpg,https://sokodress.s3.ap-northeast-2.amazonaws.com/Test/1113316_4.jpg,https://sokodress.s3.ap-northeast-2.amazonaws.com/Test/1113316_5.jpg,https://sokodress.s3.ap-northeast-2.amazonaws.com/Test/1113316_6.jpg,https://sokodress.s3.ap-northeast-2.amazonaws.com/Test/1113316_7.jpg,https://sokodress.s3.ap-northeast-2.amazonaws.com/Test/1113316_8.jpg,https://sokodress.s3.ap-northeast-2.amazonaws.com/Test/1113316_9.jpg","캐주얼,어반/모던,심플/베이직",총장 61cm/ 가슴 60cm/ 어깨소매 78cm,면100,없음,좋음,없음,베이직,"GRAY,OATMEAL",http://www.ddmmarket.co.kr/Prod?m=S&c=CB1NA24367
,CPH-B1-나-24,미코앤코,동대문,청평화,82,TEL : 02-2232-6143 (HP : 010-2543-6143),1112236,가니보풀자수,TOP & TEE,WOMEN,,,24000,대한민국,"https://sokodress.s3.ap-northeast-2.amazonaws.com/Test/1112236_0.jpg,https://sokodress.s3.ap-northeast-2.amazonaws.com/Test/1112236_1.jpg,https://sokodress.s3.ap-northeast-2.amazonaws.com/Test/1112236_2.jpg,https://sokodress.s3.ap-northeast-2.amazonaws.com/Test/1112236_3.jpg,https://sokodress.s3.ap-northeast-2.amazonaws.com/Test/1112236_4.jpg,https://sokodress.s3.ap-northeast-2.amazonaws.com/Test/1112236_5.jpg,https://sokodress.s3.ap-northeast-2.amazonaws.com/Test/1112236_6.jpg,https://sokodress.s3.ap-northeast-2.amazonaws.com/Test/1112236_7.jpg,https://sokodress.s3.ap-northeast-2.amazonaws.com/Test/1112236_8.jpg,https://sokodress.s3.ap-northeast-2.amazonaws.com/Test/1112236_9.jpg,https://sokodress.s3.ap-northeast-2.amazonaws.com/Test/1112236_10.jpg","캐주얼,어반/모던,심플/베이직",총장 62cm/ 어깨 56cm/ 가슴 58cm/ 소매 56cm,면100,없음,좋음,기모,베이직,"CHINESEINK,LAVENDER",http://www.ddmmarket.co.kr/Prod?m=S&c=CB1NA24367
,CPH-B1-나-24,미코앤코,동대문,청평화,82,TEL : 02-2232-6143 (HP : 010-2543-6143),1112068,시스템mtm,TOP & TEE,WOMEN,,,35000,대한민국,"https://sokodress.s3.ap-northeast-2.amazonaws.com/Test/1112068_0.jpg,https://sokodress.s3.ap-northeast-2.amazonaws.com/Test/1112068_1.jpg,https://sokodress.s3.ap-northeast-2.amazonaws.com/Test/1112068_2.jpg,https://sokodress.s3.ap-northeast-2.amazonaws.com/Test/1112068_3.jpg,https://sokodress.s3.ap-northeast-2.amazonaws.com/Test/1112068_4.jpg,https://sokodress.s3.ap-northeast-2.amazonaws.com/Test/1112068_5.jpg,https://sokodress.s3.ap-northeast-2.amazonaws.com/Test/1112068_6.jpg,https://sokodress.s3.ap-northeast-2.amazonaws.com/Test/1112068_7.jpg,https://sokodress.s3.ap-northeast-2.amazonaws.com/Test/1112068_8.jpg,https://sokodress.s3.ap-northeast-2.amazonaws.com/Test/1112068_9.jpg,https://sokodress.s3.ap-northeast-2.amazonaws.com/Test/1112068_10.jpg,https://sokodress.s3.ap-northeast-2.amazonaws.com/Test/1112068_11.jpg,https://sokodress.s3.ap-northeast-2.amazonaws.com/Test/1112068_12.jpg","캐주얼,어반/모던,심플/베이직",총장 56cm/ 어깨 52cm/ 가슴 59cm/ 소매 61cm,면100,없음,좋음,기모,베이직,"MINT,OATMEAL",http://www.ddmmarket.co.kr/Prod?m=S&c=CB1NA24367
,CPH-B1-나-24,미코앤코,동대문,청평화,82,TEL : 02-2232-6143 (HP : 010-2543-6143),1112002,랑방자수MTM,TOP & TEE,WOMEN,,,34000,대한민국,"https://sokodress.s3.ap-northeast-2.amazonaws.com/Test/1112002_0.jpg,https://sokodress.s3.ap-northeast-2.amazonaws.com/Test/1112002_1.jpg,https://sokodress.s3.ap-northeast-2.amazonaws.com/Test/1112002_2.jpg,https://sokodress.s3.ap-northeast-2.amazonaws.com/Test/1112002_3.jpg,https://sokodress.s3.ap-northeast-2.amazonaws.com/Test/1112002_4.jpg,https://sokodress.s3.ap-northeast-2.amazonaws.com/Test/1112002_5.jpg,https://sokodress.s3.ap-northeast-2.amazonaws.com/Test/1112002_6.jpg,https://sokodress.s3.ap-northeast-2.amazonaws.com/Test/1112002_7.jpg,https://sokodress.s3.ap-northeast-2.amazonaws.com/Test/1112002_8.jpg,https://sokodress.s3.ap-northeast-2.amazonaws.com/Test/1112002_9.jpg,https://sokodress.s3.ap-northeast-2.amazonaws.com/Test/1112002_10.jpg,https://sokodress.s3.ap-northeast-2.amazonaws.com/Test/1112002_11.jpg","캐주얼,어반/모던,심플/베이직",총장 56cm/ 어깨 42cm/ 가슴 52cm/ 소매 55cm,면55 폴리45,없음,좋음,기모,베이직,"BEIGE,BLACK",http://www.ddmmarket.co.kr/Prod?m=S&c=CB1NA24367
,CPH-B1-나-24,미코앤코,동대문,청평화,82,TEL : 02-2232-6143 (HP : 010-2543-6143),1111583,보브보풀와펜,TOP & TEE,WOMEN,,,22000,대한민국,"https://sokodress.s3.ap-northeast-2.amazonaws.com/Test/1111583_0.jpg,https://sokodress.s3.ap-northeast-2.amazonaws.com/Test/1111583_1.jpg,https://sokodress.s3.ap-northeast-2.amazonaws.com/Test/1111583_2.jpg,https://sokodress.s3.ap-northeast-2.amazonaws.com/Test/1111583_3.jpg,https://sokodress.s3.ap-northeast-2.amazonaws.com/Test/1111583_4.jpg,https://sokodress.s3.ap-northeast-2.amazonaws.com/Test/1111583_5.jpg,https://sokodress.s3.ap-northeast-2.amazonaws.com/Test/1111583_6.jpg,https://sokodress.s3.ap-northeast-2.amazonaws.com/Test/1111583_7.jpg,https://sokodress.s3.ap-northeast-2.amazonaws.com/Test/1111583_8.jpg,https://sokodress.s3.ap-northeast-2.amazonaws.com/Test/1111583_9.jpg,https://sokodress.s3.ap-northeast-2.amazonaws.com/Test/1111583_10.jpg,https://sokodress.s3.ap-northeast-2.amazonaws.com/Test/1111583_11.jpg,https://sokodress.s3.ap-northeast-2.amazonaws.com/Test/1111583_12.jpg,https://sokodress.s3.ap-northeast-2.amazonaws.com/Test/1111583_13.jpg,https://sokodress.s3.ap-northeast-2.amazonaws.com/Test/1111583_14.jpg,https://sokodress.s3.ap-northeast-2.amazonaws.com/Test/1111583_15.jpg,https://sokodress.s3.ap-northeast-2.amazonaws.com/Test/1111583_16.jpg,https://sokodress.s3.ap-northeast-2.amazonaws.com/Test/1111583_17.jpg","캐주얼,어반/모던,심플/베이직",총장 59cm/ 어깨 52cm/ 가슴 56cm/ 소매 51cm,면100,없음,좋음,기모,베이직,"BEIGE,NAVY",http://www.ddmmarket.co.kr/Prod?m=S&c=CB1NA24367
,CPH-B1-나-24,미코앤코,동대문,청평화,82,TEL : 02-2232-6143 (HP : 010-2543-6143),1111467,기모쟈딕맨투맨,TOP & TEE,WOMEN,,,21000,대한민국,"https://sokodress.s3.ap-northeast-2.amazonaws.com/Test/1111467_0.jpg,https://sokodress.s3.ap-northeast-2.amazonaws.com/Test/1111467_1.jpg,https://sokodress.s3.ap-northeast-2.amazonaws.com/Test/1111467_2.jpg,https://sokodress.s3.ap-northeast-2.amazonaws.com/Test/1111467_3.jpg,https://sokodress.s3.ap-northeast-2.amazonaws.com/Test/1111467_4.jpg,https://sokodress.s3.ap-northeast-2.amazonaws.com/Test/1111467_5.jpg,https://sokodress.s3.ap-northeast-2.amazonaws.com/Test/1111467_6.jpg,https://sokodress.s3.ap-northeast-2.amazonaws.com/Test/1111467_7.jpg,https://sokodress.s3.ap-northeast-2.amazonaws.com/Test/1111467_8.jpg,https://sokodress.s3.ap-northeast-2.amazonaws.com/Test/1111467_9.jpg,https://sokodress.s3.ap-northeast-2.amazonaws.com/Test/1111467_10.jpg,https://sokodress.s3.ap-northeast-2.amazonaws.com/Test/1111467_11.jpg","캐주얼,어반/모던,심플/베이직",총장 59cm/ 가슴 56cm/ 어깨소매 71cm,면100,없음,좋음,기모,베이직,"BLACK,GRAY",http://www.ddmmarket.co.kr/Prod?m=S&c=CB1NA24367
,CPH-B1-나-24,미코앤코,동대문,청평화,82,TEL : 02-2232-6143 (HP : 010-2543-6143),1111152,보브배색mtm,TOP & TEE,WOMEN,,,25000,대한민국,"https://sokodress.s3.ap-northeast-2.amazonaws.com/Test/1111152_0.jpg,https://sokodress.s3.ap-northeast-2.amazonaws.com/Test/1111152_1.jpg,https://sokodress.s3.ap-northeast-2.amazonaws.com/Test/1111152_2.jpg,https://sokodress.s3.ap-northeast-2.amazonaws.com/Test/1111152_3.jpg,https://sokodress.s3.ap-northeast-2.amazonaws.com/Test/1111152_4.jpg,https://sokodress.s3.ap-northeast-2.amazonaws.com/Test/1111152_5.jpg,https://sokodress.s3.ap-northeast-2.amazonaws.com/Test/1111152_6.jpg,https://sokodress.s3.ap-northeast-2.amazonaws.com/Test/1111152_7.jpg,https://sokodress.s3.ap-northeast-2.amazonaws.com/Test/1111152_8.jpg,https://sokodress.s3.ap-northeast-2.amazonaws.com/Test/1111152_9.jpg,https://sokodress.s3.ap-northeast-2.amazonaws.com/Test/1111152_10.jpg,https://sokodress.s3.ap-northeast-2.amazonaws.com/Test/1111152_11.jpg,https://sokodress.s3.ap-northeast-2.amazonaws.com/Test/1111152_12.jpg",,총장 63cm/ 어깨 46cm/ 가슴 54cm/ 소매 55cm,면50 폴리50,없음,좋음,없음,베이직,"BEIGE,BLACK",http://www.ddmmarket.co.kr/Prod?m=S&c=CB1NA24367
,CPH-B1-나-24,미코앤코,동대문,청평화,82,TEL : 02-2232-6143 (HP : 010-2543-6143),1110001,메종라운드MTM,TOP & TEE,WOMEN,,,22000,대한민국,"https://sokodress.s3.ap-northeast-2.amazonaws.com/Test/1110001_0.jpg,https://sokodress.s3.ap-northeast-2.amazonaws.com/Test/1110001_1.jpg,https://sokodress.s3.ap-northeast-2.amazonaws.com/Test/1110001_2.jpg,https://sokodress.s3.ap-northeast-2.amazonaws.com/Test/1110001_3.jpg,https://sokodress.s3.ap-northeast-2.amazonaws.com/Test/1110001_4.jpg,https://sokodress.s3.ap-northeast-2.amazonaws.com/Test/1110001_5.jpg,https://sokodress.s3.ap-northeast-2.amazonaws.com/Test/1110001_6.jpg,https://sokodress.s3.ap-northeast-2.amazonaws.com/Test/1110001_7.jpg,https://sokodress.s3.ap-northeast-2.amazonaws.com/Test/1110001_8.jpg,https://sokodress.s3.ap-northeast-2.amazonaws.com/Test/1110001_9.jpg,https://sokodress.s3.ap-northeast-2.amazonaws.com/Test/1110001_10.jpg,https://sokodress.s3.ap-northeast-2.amazonaws.com/Test/1110001_11.jpg,https://sokodress.s3.ap-northeast-2.amazonaws.com/Test/1110001_12.jpg","캐주얼,어반/모던,심플/베이직",총장 59cm/ 어깨 54cm/ 가슴 55cm/ 소매 54cm,면100,없음,좋음,기모,베이직,"BLACK,GRAY,OATMEAL",http://www.ddmmarket.co.kr/Prod?m=S&c=CB1NA24367
,CPH-B1-나-24,미코앤코,동대문,청평화,82,TEL : 02-2232-6143 (HP : 010-2543-6143),1109827,네이쳐mtm,TOP & TEE,WOMEN,,,21000,대한민국,"https://sokodress.s3.ap-northeast-2.amazonaws.com/Test/1109827_0.jpg,https://sokodress.s3.ap-northeast-2.amazonaws.com/Test/1109827_1.jpg,https://sokodress.s3.ap-northeast-2.amazonaws.com/Test/1109827_2.jpg,https://sokodress.s3.ap-northeast-2.amazonaws.com/Test/1109827_3.jpg,https://sokodress.s3.ap-northeast-2.amazonaws.com/Test/1109827_4.jpg,https://sokodress.s3.ap-northeast-2.amazonaws.com/Test/1109827_5.jpg,https://sokodress.s3.ap-northeast-2.amazonaws.com/Test/1109827_6.jpg,https://sokodress.s3.ap-northeast-2.amazonaws.com/Test/1109827_7.jpg,https://sokodress.s3.ap-northeast-2.amazonaws.com/Test/1109827_8.jpg,https://sokodress.s3.ap-northeast-2.amazonaws.com/Test/1109827_9.jpg,https://sokodress.s3.ap-northeast-2.amazonaws.com/Test/1109827_10.jpg,https://sokodress.s3.ap-northeast-2.amazonaws.com/Test/1109827_11.jpg","캐주얼,어반/모던,심플/베이직",총장 61cm/ 어깨 59cm/ 가슴 57cm/ 소매 55cm,면100,없음,좋음,기모,베이직,"KHAKI,WHITEMELANGE",http://www.ddmmarket.co.kr/Prod?m=S&c=CB1NA24367
,CPH-B1-나-24,미코앤코,동대문,청평화,82,TEL : 02-2232-6143 (HP : 010-2543-6143),1109509,가니1969,TOP & TEE,WOMEN,,,21000,대한민국,"https://sokodress.s3.ap-northeast-2.amazonaws.com/Test/1109509_0.jpg,https://sokodress.s3.ap-northeast-2.amazonaws.com/Test/1109509_1.jpg,https://sokodress.s3.ap-northeast-2.amazonaws.com/Test/1109509_2.jpg,https://sokodress.s3.ap-northeast-2.amazonaws.com/Test/1109509_3.jpg,https://sokodress.s3.ap-northeast-2.amazonaws.com/Test/1109509_4.jpg,https://sokodress.s3.ap-northeast-2.amazonaws.com/Test/1109509_5.jpg,https://sokodress.s3.ap-northeast-2.amazonaws.com/Test/1109509_6.jpg,https://sokodress.s3.ap-northeast-2.amazonaws.com/Test/1109509_7.jpg,https://sokodress.s3.ap-northeast-2.amazonaws.com/Test/1109509_8.jpg,https://sokodress.s3.ap-northeast-2.amazonaws.com/Test/1109509_9.jpg,https://sokodress.s3.ap-northeast-2.amazonaws.com/Test/1109509_10.jpg","캐주얼,어반/모던,심플/베이직",총장 65cm/ 어깨 46cm/ 가슴 50cm/ 소매 64cm,면100,없음,좋음,없음,베이직,"BLACK,BROWN,PINK",http://www.ddmmarket.co.kr/Prod?m=S&c=CB1NA24367
,CPH-B1-나-24,미코앤코,동대문,청평화,82,TEL : 02-2232-6143 (HP : 010-2543-6143),1109508,쟈딕펄mtm,TOP & TEE,WOMEN,,,29000,대한민국,"https://sokodress.s3.ap-northeast-2.amazonaws.com/Test/1109508_0.jpg,https://sokodress.s3.ap-northeast-2.amazonaws.com/Test/1109508_1.jpg,https://sokodress.s3.ap-northeast-2.amazonaws.com/Test/1109508_2.jpg,https://sokodress.s3.ap-northeast-2.amazonaws.com/Test/1109508_3.jpg,https://sokodress.s3.ap-northeast-2.amazonaws.com/Test/1109508_4.jpg,https://sokodress.s3.ap-northeast-2.amazonaws.com/Test/1109508_5.jpg,https://sokodress.s3.ap-northeast-2.amazonaws.com/Test/1109508_6.jpg,https://sokodress.s3.ap-northeast-2.amazonaws.com/Test/1109508_7.jpg,https://sokodress.s3.ap-northeast-2.amazonaws.com/Test/1109508_8.jpg,https://sokodress.s3.ap-northeast-2.amazonaws.com/Test/1109508_9.jpg","캐주얼,어반/모던,심플/베이직",총장 63cm/ 가슴 53cm/ 어깨소매 74cm,면100,없음,좋음,없음,베이직,"CREAM,NAVY",http://www.ddmmarket.co.kr/Prod?m=S&c=CB1NA24367
,CPH-B1-나-24,미코앤코,동대문,청평화,82,TEL : 02-2232-6143 (HP : 010-2543-6143),1108956,마랑울TS,TOP & TEE,WOMEN,,,21000,대한민국,"https://sokodress.s3.ap-northeast-2.amazonaws.com/Test/1108956_0.jpg,https://sokodress.s3.ap-northeast-2.amazonaws.com/Test/1108956_1.jpg,https://sokodress.s3.ap-northeast-2.amazonaws.com/Test/1108956_2.jpg,https://sokodress.s3.ap-northeast-2.amazonaws.com/Test/1108956_3.jpg,https://sokodress.s3.ap-northeast-2.amazonaws.com/Test/1108956_4.jpg,https://sokodress.s3.ap-northeast-2.amazonaws.com/Test/1108956_5.jpg,https://sokodress.s3.ap-northeast-2.amazonaws.com/Test/1108956_6.jpg,https://sokodress.s3.ap-northeast-2.amazonaws.com/Test/1108956_7.jpg,https://sokodress.s3.ap-northeast-2.amazonaws.com/Test/1108956_8.jpg,https://sokodress.s3.ap-northeast-2.amazonaws.com/Test/1108956_9.jpg,https://sokodress.s3.ap-northeast-2.amazonaws.com/Test/1108956_10.jpg,https://sokodress.s3.ap-northeast-2.amazonaws.com/Test/1108956_11.jpg,https://sokodress.s3.ap-northeast-2.amazonaws.com/Test/1108956_12.jpg","캐주얼,어반/모던,심플/베이직",총장 59cm/ 어깨 53cm/ 가슴 53cm/ 소매 54cm,폴리63 레이온33 스판4,없음,좋음,없음,베이직,"BLACK,GRAY,IVORY,PINK",http://www.ddmmarket.co.kr/Prod?m=S&c=CB1NA24367
,CPH-B1-나-24,미코앤코,동대문,청평화,82,TEL : 02-2232-6143 (HP : 010-2543-6143),1106375,심플긴팔,TOP & TEE,WOMEN,,,20000,대한민국,"https://sokodress.s3.ap-northeast-2.amazonaws.com/Test/1106375_0.jpg,https://sokodress.s3.ap-northeast-2.amazonaws.com/Test/1106375_1.jpg,https://sokodress.s3.ap-northeast-2.amazonaws.com/Test/1106375_2.jpg,https://sokodress.s3.ap-northeast-2.amazonaws.com/Test/1106375_3.jpg,https://sokodress.s3.ap-northeast-2.amazonaws.com/Test/1106375_4.jpg,https://sokodress.s3.ap-northeast-2.amazonaws.com/Test/1106375_5.jpg,https://sokodress.s3.ap-northeast-2.amazonaws.com/Test/1106375_6.jpg,https://sokodress.s3.ap-northeast-2.amazonaws.com/Test/1106375_7.jpg,https://sokodress.s3.ap-northeast-2.amazonaws.com/Test/1106375_8.jpg,https://sokodress.s3.ap-northeast-2.amazonaws.com/Test/1106375_9.jpg","캐주얼,심플/베이직",총장 66cm/ 어깨 52cm/ 가슴 50cm/ 소매 59cm,면100,없음,좋음,없음,베이직,"BLACK,CHINESEINK,IVORY",http://www.ddmmarket.co.kr/Prod?m=S&c=CB1NA24367
,CPH-B1-나-24,미코앤코,동대문,청평화,82,TEL : 02-2232-6143 (HP : 010-2543-6143),1105994,마랑후드,TOP & TEE,WOMEN,,,30000,대한민국,"https://sokodress.s3.ap-northeast-2.amazonaws.com/Test/1105994_0.jpg,https://sokodress.s3.ap-northeast-2.amazonaws.com/Test/1105994_1.jpg,https://sokodress.s3.ap-northeast-2.amazonaws.com/Test/1105994_2.jpg,https://sokodress.s3.ap-northeast-2.amazonaws.com/Test/1105994_3.jpg,https://sokodress.s3.ap-northeast-2.amazonaws.com/Test/1105994_4.jpg,https://sokodress.s3.ap-northeast-2.amazonaws.com/Test/1105994_5.jpg,https://sokodress.s3.ap-northeast-2.amazonaws.com/Test/1105994_6.jpg,https://sokodress.s3.ap-northeast-2.amazonaws.com/Test/1105994_7.jpg,https://sokodress.s3.ap-northeast-2.amazonaws.com/Test/1105994_8.jpg,https://sokodress.s3.ap-northeast-2.amazonaws.com/Test/1105994_9.jpg,https://sokodress.s3.ap-northeast-2.amazonaws.com/Test/1105994_10.jpg,https://sokodress.s3.ap-northeast-2.amazonaws.com/Test/1105994_11.jpg,https://sokodress.s3.ap-northeast-2.amazonaws.com/Test/1105994_12.jpg","캐주얼,어반/모던,심플/베이직",총장 70cm/ 가슴 63cm/ 어깨소매 86cm,면100,없음,좋음,없음,베이직,"CHINESEINK,GRAY,OATMEAL",http://www.ddmmarket.co.kr/Prod?m=S&c=CB1NA24367
,CPH-B1-나-24,미코앤코,동대문,청평화,82,TEL : 02-2232-6143 (HP : 010-2543-6143),1105017,마랑하이넥,TOP & TEE,WOMEN,,,30000,대한민국,"https://sokodress.s3.ap-northeast-2.amazonaws.com/Test/1105017_0.jpg,https://sokodress.s3.ap-northeast-2.amazonaws.com/Test/1105017_1.jpg,https://sokodress.s3.ap-northeast-2.amazonaws.com/Test/1105017_2.jpg,https://sokodress.s3.ap-northeast-2.amazonaws.com/Test/1105017_3.jpg,https://sokodress.s3.ap-northeast-2.amazonaws.com/Test/1105017_4.jpg,https://sokodress.s3.ap-northeast-2.amazonaws.com/Test/1105017_5.jpg,https://sokodress.s3.ap-northeast-2.amazonaws.com/Test/1105017_6.jpg,https://sokodress.s3.ap-northeast-2.amazonaws.com/Test/1105017_7.jpg,https://sokodress.s3.ap-northeast-2.amazonaws.com/Test/1105017_8.jpg,https://sokodress.s3.ap-northeast-2.amazonaws.com/Test/1105017_9.jpg,https://sokodress.s3.ap-northeast-2.amazonaws.com/Test/1105017_10.jpg,https://sokodress.s3.ap-northeast-2.amazonaws.com/Test/1105017_11.jpg,https://sokodress.s3.ap-northeast-2.amazonaws.com/Test/1105017_12.jpg","캐주얼,심플/베이직",총장 61cm/ 어깨 57cm/ 가슴 57cm/ 소매 60cm,면100,없음,좋음,없음,베이직,"CHINESEINK,DARKBLUE,GRAY,OATMEAL,PINK",http://www.ddmmarket.co.kr/Prod?m=S&c=CB1NA24367
,CPH-B1-나-24,미코앤코,동대문,청평화,82,TEL : 02-2232-6143 (HP : 010-2543-6143),1103640,아미하트자수,TOP & TEE,WOMEN,,,15000,대한민국,"https://sokodress.s3.ap-northeast-2.amazonaws.com/Test/1103640_0.jpg,https://sokodress.s3.ap-northeast-2.amazonaws.com/Test/1103640_1.jpg,https://sokodress.s3.ap-northeast-2.amazonaws.com/Test/1103640_2.jpg,https://sokodress.s3.ap-northeast-2.amazonaws.com/Test/1103640_3.jpg,https://sokodress.s3.ap-northeast-2.amazonaws.com/Test/1103640_4.jpg,https://sokodress.s3.ap-northeast-2.amazonaws.com/Test/1103640_5.jpg,https://sokodress.s3.ap-northeast-2.amazonaws.com/Test/1103640_6.jpg,https://sokodress.s3.ap-northeast-2.amazonaws.com/Test/1103640_7.jpg,https://sokodress.s3.ap-northeast-2.amazonaws.com/Test/1103640_8.jpg,https://sokodress.s3.ap-northeast-2.amazonaws.com/Test/1103640_9.jpg,https://sokodress.s3.ap-northeast-2.amazonaws.com/Test/1103640_10.jpg","캐주얼,심플/베이직",총장 69cm/ 어깨 40cm/ 가슴 51cm/ 소매 19cm,면100,없음,좋음,없음,베이직,"GREEN,IVORY,SKYBLUE",http://www.ddmmarket.co.kr/Prod?m=S&c=CB1NA24367
,CPH-B1-나-24,미코앤코,동대문,청평화,82,TEL : 02-2232-6143 (HP : 010-2543-6143),1102861,마랑린넨5부,TOP & TEE,WOMEN,,,21000,대한민국,"https://sokodress.s3.ap-northeast-2.amazonaws.com/Test/1102861_0.jpg,https://sokodress.s3.ap-northeast-2.amazonaws.com/Test/1102861_1.jpg,https://sokodress.s3.ap-northeast-2.amazonaws.com/Test/1102861_2.jpg,https://sokodress.s3.ap-northeast-2.amazonaws.com/Test/1102861_3.jpg,https://sokodress.s3.ap-northeast-2.amazonaws.com/Test/1102861_4.jpg,https://sokodress.s3.ap-northeast-2.amazonaws.com/Test/1102861_5.jpg,https://sokodress.s3.ap-northeast-2.amazonaws.com/Test/1102861_6.jpg,https://sokodress.s3.ap-northeast-2.amazonaws.com/Test/1102861_7.jpg,https://sokodress.s3.ap-northeast-2.amazonaws.com/Test/1102861_8.jpg,https://sokodress.s3.ap-northeast-2.amazonaws.com/Test/1102861_9.jpg,https://sokodress.s3.ap-northeast-2.amazonaws.com/Test/1102861_10.jpg,https://sokodress.s3.ap-northeast-2.amazonaws.com/Test/1102861_11.jpg,https://sokodress.s3.ap-northeast-2.amazonaws.com/Test/1102861_12.jpg",캐주얼,총장 57cm/ 어깨 51cm/ 가슴 52cm/ 소매 25cm,린넨55 폴리45,없음,없음,없음,베이직,"BLACK,IVORY,PINK",http://www.ddmmarket.co.kr/Prod?m=S&c=CB1NA24367
,CPH-B1-나-24,미코앤코,동대문,청평화,82,TEL : 02-2232-6143 (HP : 010-2543-6143),1101854,가니스마일,TOP & TEE,WOMEN,,,15000,대한민국,"https://sokodress.s3.ap-northeast-2.amazonaws.com/Test/1101854_0.jpg,https://sokodress.s3.ap-northeast-2.amazonaws.com/Test/1101854_1.jpg,https://sokodress.s3.ap-northeast-2.amazonaws.com/Test/1101854_2.jpg,https://sokodress.s3.ap-northeast-2.amazonaws.com/Test/1101854_3.jpg,https://sokodress.s3.ap-northeast-2.amazonaws.com/Test/1101854_4.jpg,https://sokodress.s3.ap-northeast-2.amazonaws.com/Test/1101854_5.jpg,https://sokodress.s3.ap-northeast-2.amazonaws.com/Test/1101854_6.jpg,https://sokodress.s3.ap-northeast-2.amazonaws.com/Test/1101854_7.jpg,https://sokodress.s3.ap-northeast-2.amazonaws.com/Test/1101854_8.jpg,https://sokodress.s3.ap-northeast-2.amazonaws.com/Test/1101854_9.jpg,https://sokodress.s3.ap-northeast-2.amazonaws.com/Test/1101854_10.jpg",캐주얼,총장 68cm/ 어깨 39cm/ 가슴 51cm/ 소매 22cm,면100,없음,좋음,없음,베이직,"BEIGE,IVORY",http://www.ddmmarket.co.kr/Prod?m=S&c=CB1NA24367
,CPH-B1-나-24,미코앤코,동대문,청평화,82,TEL : 02-2232-6143 (HP : 010-2543-6143),1101853,타임별TS,TOP & TEE,WOMEN,,,17000,대한민국,"https://sokodress.s3.ap-northeast-2.amazonaws.com/Test/1101853_0.jpg,https://sokodress.s3.ap-northeast-2.amazonaws.com/Test/1101853_1.jpg,https://sokodress.s3.ap-northeast-2.amazonaws.com/Test/1101853_2.jpg,https://sokodress.s3.ap-northeast-2.amazonaws.com/Test/1101853_3.jpg,https://sokodress.s3.ap-northeast-2.amazonaws.com/Test/1101853_4.jpg,https://sokodress.s3.ap-northeast-2.amazonaws.com/Test/1101853_5.jpg,https://sokodress.s3.ap-northeast-2.amazonaws.com/Test/1101853_6.jpg,https://sokodress.s3.ap-northeast-2.amazonaws.com/Test/1101853_7.jpg,https://sokodress.s3.ap-northeast-2.amazonaws.com/Test/1101853_8.jpg,https://sokodress.s3.ap-northeast-2.amazonaws.com/Test/1101853_9.jpg,https://sokodress.s3.ap-northeast-2.amazonaws.com/Test/1101853_10.jpg",캐주얼,총장 65cm/ 어깨 44cm/ 가슴 51cm/ 소매 16cm,면100,없음,좋음,없음,베이직,"BEIGE,IVORY",http://www.ddmmarket.co.kr/Prod?m=S&c=CB1NA24367
,CPH-B1-나-24,미코앤코,동대문,청평화,82,TEL : 02-2232-6143 (HP : 010-2543-6143),1101736,마랑린넨반팔,TOP & TEE,WOMEN,,,17000,대한민국,"https://sokodress.s3.ap-northeast-2.amazonaws.com/Test/1101736_0.jpg,https://sokodress.s3.ap-northeast-2.amazonaws.com/Test/1101736_1.jpg,https://sokodress.s3.ap-northeast-2.amazonaws.com/Test/1101736_2.jpg,https://sokodress.s3.ap-northeast-2.amazonaws.com/Test/1101736_3.jpg,https://sokodress.s3.ap-northeast-2.amazonaws.com/Test/1101736_4.jpg,https://sokodress.s3.ap-northeast-2.amazonaws.com/Test/1101736_5.jpg,https://sokodress.s3.ap-northeast-2.amazonaws.com/Test/1101736_6.jpg,https://sokodress.s3.ap-northeast-2.amazonaws.com/Test/1101736_7.jpg,https://sokodress.s3.ap-northeast-2.amazonaws.com/Test/1101736_8.jpg,https://sokodress.s3.ap-northeast-2.amazonaws.com/Test/1101736_9.jpg,https://sokodress.s3.ap-northeast-2.amazonaws.com/Test/1101736_10.jpg",캐주얼,총장 63cm/ 어깨 48cm/ 가슴 47cm/ 소매 15cm,린넨55 폴리45,약간비침,좋음,없음,베이직,"BEIGE,IVORY",http://www.ddmmarket.co.kr/Prod?m=S&c=CB1NA24367
,CPH-B1-나-24,미코앤코,동대문,청평화,82,TEL : 02-2232-6143 (HP : 010-2543-6143),1101091,랑방자수TS,TOP & TEE,WOMEN,,,25000,대한민국,"https://sokodress.s3.ap-northeast-2.amazonaws.com/Test/1101091_0.jpg,https://sokodress.s3.ap-northeast-2.amazonaws.com/Test/1101091_1.jpg,https://sokodress.s3.ap-northeast-2.amazonaws.com/Test/1101091_2.jpg,https://sokodress.s3.ap-northeast-2.amazonaws.com/Test/1101091_3.jpg,https://sokodress.s3.ap-northeast-2.amazonaws.com/Test/1101091_4.jpg,https://sokodress.s3.ap-northeast-2.amazonaws.com/Test/1101091_5.jpg,https://sokodress.s3.ap-northeast-2.amazonaws.com/Test/1101091_6.jpg,https://sokodress.s3.ap-northeast-2.amazonaws.com/Test/1101091_7.jpg,https://sokodress.s3.ap-northeast-2.amazonaws.com/Test/1101091_8.jpg,https://sokodress.s3.ap-northeast-2.amazonaws.com/Test/1101091_9.jpg",캐주얼,총장 66cm/ 어깨 43cm/ 가슴 54cm/ 소매 21cm,면100,없음,좋음,없음,베이직,"BEIGE,BROWN",http://www.ddmmarket.co.kr/Prod?m=S&c=CB1NA24367
,CPH-B1-나-24,미코앤코,동대문,청평화,82,TEL : 02-2232-6143 (HP : 010-2543-6143),1100571,타임야자수,TOP & TEE,WOMEN,,,23000,대한민국,"https://sokodress.s3.ap-northeast-2.amazonaws.com/Test/1100571_0.jpg,https://sokodress.s3.ap-northeast-2.amazonaws.com/Test/1100571_1.jpg,https://sokodress.s3.ap-northeast-2.amazonaws.com/Test/1100571_2.jpg,https://sokodress.s3.ap-northeast-2.amazonaws.com/Test/1100571_3.jpg,https://sokodress.s3.ap-northeast-2.amazonaws.com/Test/1100571_4.jpg,https://sokodress.s3.ap-northeast-2.amazonaws.com/Test/1100571_5.jpg,https://sokodress.s3.ap-northeast-2.amazonaws.com/Test/1100571_6.jpg,https://sokodress.s3.ap-northeast-2.amazonaws.com/Test/1100571_7.jpg,https://sokodress.s3.ap-northeast-2.amazonaws.com/Test/1100571_8.jpg,https://sokodress.s3.ap-northeast-2.amazonaws.com/Test/1100571_9.jpg",캐주얼,총장 64cm/ 어깨 37cm/ 가슴 49cm/ 소매 25cm,면100,없음,좋음,없음,베이직,"BLACK,IVORY",http://www.ddmmarket.co.kr/Prod?m=S&c=CB1NA24367
,CPH-B1-나-24,미코앤코,동대문,청평화,82,TEL : 02-2232-6143 (HP : 010-2543-6143),1100139,93핫피스TS,TOP & TEE,WOMEN,,,25000,대한민국,"https://sokodress.s3.ap-northeast-2.amazonaws.com/Test/1100139_0.jpg,https://sokodress.s3.ap-northeast-2.amazonaws.com/Test/1100139_1.jpg,https://sokodress.s3.ap-northeast-2.amazonaws.com/Test/1100139_2.jpg,https://sokodress.s3.ap-northeast-2.amazonaws.com/Test/1100139_3.jpg,https://sokodress.s3.ap-northeast-2.amazonaws.com/Test/1100139_4.jpg,https://sokodress.s3.ap-northeast-2.amazonaws.com/Test/1100139_5.jpg,https://sokodress.s3.ap-northeast-2.amazonaws.com/Test/1100139_6.jpg,https://sokodress.s3.ap-northeast-2.amazonaws.com/Test/1100139_7.jpg,https://sokodress.s3.ap-northeast-2.amazonaws.com/Test/1100139_8.jpg,https://sokodress.s3.ap-northeast-2.amazonaws.com/Test/1100139_9.jpg,https://sokodress.s3.ap-northeast-2.amazonaws.com/Test/1100139_10.jpg",캐주얼,총장 66cm/ 어깨 38cm/ 가슴 50cm/ 소매 26cm,면100,없음,좋음,없음,베이직,"BLACK,CREAM",http://www.ddmmarket.co.kr/Prod?m=S&c=CB1NA24367
,CPH-B1-나-24,미코앤코,동대문,청평화,82,TEL : 02-2232-6143 (HP : 010-2543-6143),1100138,타임프린팅TS,TOP & TEE,WOMEN,,,25000,대한민국,"https://sokodress.s3.ap-northeast-2.amazonaws.com/Test/1100138_0.jpg,https://sokodress.s3.ap-northeast-2.amazonaws.com/Test/1100138_1.jpg,https://sokodress.s3.ap-northeast-2.amazonaws.com/Test/1100138_2.jpg,https://sokodress.s3.ap-northeast-2.amazonaws.com/Test/1100138_3.jpg,https://sokodress.s3.ap-northeast-2.amazonaws.com/Test/1100138_4.jpg,https://sokodress.s3.ap-northeast-2.amazonaws.com/Test/1100138_5.jpg,https://sokodress.s3.ap-northeast-2.amazonaws.com/Test/1100138_6.jpg,https://sokodress.s3.ap-northeast-2.amazonaws.com/Test/1100138_7.jpg,https://sokodress.s3.ap-northeast-2.amazonaws.com/Test/1100138_8.jpg,https://sokodress.s3.ap-northeast-2.amazonaws.com/Test/1100138_9.jpg,https://sokodress.s3.ap-northeast-2.amazonaws.com/Test/1100138_10.jpg",캐주얼,총장 65cm/ 어깨 38cm/ 가슴 50cm/ 소매 26cm,면100,없음,좋음,없음,베이직,"BLACK,IVORY",http://www.ddmmarket.co.kr/Prod?m=S&c=CB1NA24367
,CPH-B1-나-24,미코앤코,동대문,청평화,82,TEL : 02-2232-6143 (HP : 010-2543-6143),1099697,마랑칠부T,TOP & TEE,WOMEN,,,18000,대한민국,"https://sokodress.s3.ap-northeast-2.amazonaws.com/Test/1099697_0.jpg,https://sokodress.s3.ap-northeast-2.amazonaws.com/Test/1099697_1.jpg,https://sokodress.s3.ap-northeast-2.amazonaws.com/Test/1099697_2.jpg,https://sokodress.s3.ap-northeast-2.amazonaws.com/Test/1099697_3.jpg,https://sokodress.s3.ap-northeast-2.amazonaws.com/Test/1099697_4.jpg,https://sokodress.s3.ap-northeast-2.amazonaws.com/Test/1099697_5.jpg,https://sokodress.s3.ap-northeast-2.amazonaws.com/Test/1099697_6.jpg,https://sokodress.s3.ap-northeast-2.amazonaws.com/Test/1099697_7.jpg,https://sokodress.s3.ap-northeast-2.amazonaws.com/Test/1099697_8.jpg,https://sokodress.s3.ap-northeast-2.amazonaws.com/Test/1099697_9.jpg,https://sokodress.s3.ap-northeast-2.amazonaws.com/Test/1099697_10.jpg",캐주얼,총장 60cm/ 어깨 51cm/ 가슴 54cm/ 소매 35cm,면100,없음,좋음,없음,베이직,"MELANGE,YELLOW",http://www.ddmmarket.co.kr/Prod?m=S&c=CB1NA24367
,CPH-B1-나-24,미코앤코,동대문,청평화,82,TEL : 02-2232-6143 (HP : 010-2543-6143),1098963,쟈딕하트맨투맨,TOP & TEE,WOMEN,,,23000,대한민국,"https://sokodress.s3.ap-northeast-2.amazonaws.com/Test/1098963_0.jpg,https://sokodress.s3.ap-northeast-2.amazonaws.com/Test/1098963_1.jpg,https://sokodress.s3.ap-northeast-2.amazonaws.com/Test/1098963_2.jpg,https://sokodress.s3.ap-northeast-2.amazonaws.com/Test/1098963_3.jpg,https://sokodress.s3.ap-northeast-2.amazonaws.com/Test/1098963_4.jpg,https://sokodress.s3.ap-northeast-2.amazonaws.com/Test/1098963_5.jpg,https://sokodress.s3.ap-northeast-2.amazonaws.com/Test/1098963_6.jpg,https://sokodress.s3.ap-northeast-2.amazonaws.com/Test/1098963_7.jpg,https://sokodress.s3.ap-northeast-2.amazonaws.com/Test/1098963_8.jpg,https://sokodress.s3.ap-northeast-2.amazonaws.com/Test/1098963_9.jpg,https://sokodress.s3.ap-northeast-2.amazonaws.com/Test/1098963_10.jpg,https://sokodress.s3.ap-northeast-2.amazonaws.com/Test/1098963_11.jpg,https://sokodress.s3.ap-northeast-2.amazonaws.com/Test/1098963_12.jpg,https://sokodress.s3.ap-northeast-2.amazonaws.com/Test/1098963_13.jpg,https://sokodress.s3.ap-northeast-2.amazonaws.com/Test/1098963_14.jpg,https://sokodress.s3.ap-northeast-2.amazonaws.com/Test/1098963_15.jpg,https://sokodress.s3.ap-northeast-2.amazonaws.com/Test/1098963_16.jpg,https://sokodress.s3.ap-northeast-2.amazonaws.com/Test/1098963_17.jpg,https://sokodress.s3.ap-northeast-2.amazonaws.com/Test/1098963_18.jpg",캐주얼,총장 61cm/ 가슴 52cm/ 어깨소매 73cm,면100,없음,좋음,없음,베이직,"BEIGE,MELANGE",http://www.ddmmarket.co.kr/Prod?m=S&c=CB1NA24367
,CPH-B1-나-24,미코앤코,동대문,청평화,82,TEL : 02-2232-6143 (HP : 010-2543-6143),1098961,미니마랑반팔,TOP & TEE,WOMEN,,,17000,대한민국,"https://sokodress.s3.ap-northeast-2.amazonaws.com/Test/1098961_0.jpg,https://sokodress.s3.ap-northeast-2.amazonaws.com/Test/1098961_1.jpg,https://sokodress.s3.ap-northeast-2.amazonaws.com/Test/1098961_2.jpg,https://sokodress.s3.ap-northeast-2.amazonaws.com/Test/1098961_3.jpg,https://sokodress.s3.ap-northeast-2.amazonaws.com/Test/1098961_4.jpg,https://sokodress.s3.ap-northeast-2.amazonaws.com/Test/1098961_5.jpg,https://sokodress.s3.ap-northeast-2.amazonaws.com/Test/1098961_6.jpg,https://sokodress.s3.ap-northeast-2.amazonaws.com/Test/1098961_7.jpg,https://sokodress.s3.ap-northeast-2.amazonaws.com/Test/1098961_8.jpg,https://sokodress.s3.ap-northeast-2.amazonaws.com/Test/1098961_9.jpg,https://sokodress.s3.ap-northeast-2.amazonaws.com/Test/1098961_10.jpg",캐주얼,총장 62cm/ 어깨 43cm/ 가슴 52cm/ 소매 26cm,면80 폴리20,없음,좋음,없음,베이직,"IVORY,MELANGE,PINK",http://www.ddmmarket.co.kr/Prod?m=S&c=CB1NA24367
,CPH-B1-나-24,미코앤코,동대문,청평화,82,TEL : 02-2232-6143 (HP : 010-2543-6143),1098474,마랑린넨긴팔,TOP & TEE,WOMEN,,,21000,대한민국,"https://sokodress.s3.ap-northeast-2.amazonaws.com/Test/1098474_0.jpg,https://sokodress.s3.ap-northeast-2.amazonaws.com/Test/1098474_1.jpg,https://sokodress.s3.ap-northeast-2.amazonaws.com/Test/1098474_2.jpg,https://sokodress.s3.ap-northeast-2.amazonaws.com/Test/1098474_3.jpg,https://sokodress.s3.ap-northeast-2.amazonaws.com/Test/1098474_4.jpg,https://sokodress.s3.ap-northeast-2.amazonaws.com/Test/1098474_5.jpg,https://sokodress.s3.ap-northeast-2.amazonaws.com/Test/1098474_6.jpg,https://sokodress.s3.ap-northeast-2.amazonaws.com/Test/1098474_7.jpg,https://sokodress.s3.ap-northeast-2.amazonaws.com/Test/1098474_8.jpg,https://sokodress.s3.ap-northeast-2.amazonaws.com/Test/1098474_9.jpg,https://sokodress.s3.ap-northeast-2.amazonaws.com/Test/1098474_10.jpg,https://sokodress.s3.ap-northeast-2.amazonaws.com/Test/1098474_11.jpg",캐주얼,총장 59cm/ 어깨 53cm/ 가슴 53cm/ 소매 57cm,린넨55 폴리45,약간비침,좋음,없음,베이직,"BLACK,IVORY,PINK",http://www.ddmmarket.co.kr/Prod?m=S&c=CB1NA24367
,CPH-B1-나-24,미코앤코,동대문,청평화,82,TEL : 02-2232-6143 (HP : 010-2543-6143),1098473,와일드동키후드,TOP & TEE,WOMEN,,,25000,대한민국,"https://sokodress.s3.ap-northeast-2.amazonaws.com/Test/1098473_0.jpg,https://sokodress.s3.ap-northeast-2.amazonaws.com/Test/1098473_1.jpg,https://sokodress.s3.ap-northeast-2.amazonaws.com/Test/1098473_2.jpg,https://sokodress.s3.ap-northeast-2.amazonaws.com/Test/1098473_3.jpg,https://sokodress.s3.ap-northeast-2.amazonaws.com/Test/1098473_4.jpg,https://sokodress.s3.ap-northeast-2.amazonaws.com/Test/1098473_5.jpg,https://sokodress.s3.ap-northeast-2.amazonaws.com/Test/1098473_6.jpg,https://sokodress.s3.ap-northeast-2.amazonaws.com/Test/1098473_7.jpg,https://sokodress.s3.ap-northeast-2.amazonaws.com/Test/1098473_8.jpg,https://sokodress.s3.ap-northeast-2.amazonaws.com/Test/1098473_9.jpg,https://sokodress.s3.ap-northeast-2.amazonaws.com/Test/1098473_10.jpg",캐주얼,총장 64cm/ 어깨 55cm/ 가슴 53cm/ 소매 57cm,면100,없음,좋음,없음,베이직,"CREAM,PINK",http://www.ddmmarket.co.kr/Prod?m=S&c=CB1NA24367
,CPH-B1-나-24,미코앤코,동대문,청평화,82,TEL : 02-2232-6143 (HP : 010-2543-6143),1098254,동키야자수MTM,TOP & TEE,WOMEN,,,23000,대한민국,"https://sokodress.s3.ap-northeast-2.amazonaws.com/Test/1098254_0.jpg,https://sokodress.s3.ap-northeast-2.amazonaws.com/Test/1098254_1.jpg,https://sokodress.s3.ap-northeast-2.amazonaws.com/Test/1098254_2.jpg,https://sokodress.s3.ap-northeast-2.amazonaws.com/Test/1098254_3.jpg,https://sokodress.s3.ap-northeast-2.amazonaws.com/Test/1098254_4.jpg,https://sokodress.s3.ap-northeast-2.amazonaws.com/Test/1098254_5.jpg,https://sokodress.s3.ap-northeast-2.amazonaws.com/Test/1098254_6.jpg,https://sokodress.s3.ap-northeast-2.amazonaws.com/Test/1098254_7.jpg,https://sokodress.s3.ap-northeast-2.amazonaws.com/Test/1098254_8.jpg,https://sokodress.s3.ap-northeast-2.amazonaws.com/Test/1098254_9.jpg",캐주얼,총장 63cm/ 어깨 45cm/ 가슴 49cm/ 소매 63cm,면100,없음,좋음,없음,베이직,"IVORY,WHITEMELANGE",http://www.ddmmarket.co.kr/Prod?m=S&c=CB1NA24367
,CPH-B1-나-24,미코앤코,동대문,청평화,82,TEL : 02-2232-6143 (HP : 010-2543-6143),1098253,동키뽀빠이,TOP & TEE,WOMEN,,,18000,대한민국,"https://sokodress.s3.ap-northeast-2.amazonaws.com/Test/1098253_0.jpg,https://sokodress.s3.ap-northeast-2.amazonaws.com/Test/1098253_1.jpg,https://sokodress.s3.ap-northeast-2.amazonaws.com/Test/1098253_2.jpg,https://sokodress.s3.ap-northeast-2.amazonaws.com/Test/1098253_3.jpg,https://sokodress.s3.ap-northeast-2.amazonaws.com/Test/1098253_4.jpg,https://sokodress.s3.ap-northeast-2.amazonaws.com/Test/1098253_5.jpg,https://sokodress.s3.ap-northeast-2.amazonaws.com/Test/1098253_6.jpg,https://sokodress.s3.ap-northeast-2.amazonaws.com/Test/1098253_7.jpg,https://sokodress.s3.ap-northeast-2.amazonaws.com/Test/1098253_8.jpg,https://sokodress.s3.ap-northeast-2.amazonaws.com/Test/1098253_9.jpg",캐주얼,총장 66cm/ 어깨 41cm/ 가슴 47cm/ 소매 20cm,면100,없음,좋음,없음,베이직,"KHAKI,SKYBLUE",http://www.ddmmarket.co.kr/Prod?m=S&c=CB1NA24367
,CPH-B1-나-24,미코앤코,동대문,청평화,82,TEL : 02-2232-6143 (HP : 010-2543-6143),1097420,오브제소매나염,TOP & TEE,WOMEN,,,25000,대한민국,"https://sokodress.s3.ap-northeast-2.amazonaws.com/Test/1097420_0.jpg,https://sokodress.s3.ap-northeast-2.amazonaws.com/Test/1097420_1.jpg,https://sokodress.s3.ap-northeast-2.amazonaws.com/Test/1097420_2.jpg,https://sokodress.s3.ap-northeast-2.amazonaws.com/Test/1097420_3.jpg,https://sokodress.s3.ap-northeast-2.amazonaws.com/Test/1097420_4.jpg,https://sokodress.s3.ap-northeast-2.amazonaws.com/Test/1097420_5.jpg,https://sokodress.s3.ap-northeast-2.amazonaws.com/Test/1097420_6.jpg,https://sokodress.s3.ap-northeast-2.amazonaws.com/Test/1097420_7.jpg,https://sokodress.s3.ap-northeast-2.amazonaws.com/Test/1097420_8.jpg,https://sokodress.s3.ap-northeast-2.amazonaws.com/Test/1097420_9.jpg,https://sokodress.s3.ap-northeast-2.amazonaws.com/Test/1097420_10.jpg,https://sokodress.s3.ap-northeast-2.amazonaws.com/Test/1097420_11.jpg",캐주얼,총장 64cm/ 어깨 38cm/ 가슴 47cm/ 소매 21cm,면92 나일론8,없음,좋음,없음,베이직,"IVORY,MINT",http://www.ddmmarket.co.kr/Prod?m=S&c=CB1NA24367
,CPH-B1-나-24,미코앤코,동대문,청평화,82,TEL : 02-2232-6143 (HP : 010-2543-6143),1097304,타임레터링mtm,TOP & TEE,WOMEN,,,39000,대한민국,"https://sokodress.s3.ap-northeast-2.amazonaws.com/Test/1097304_0.jpg,https://sokodress.s3.ap-northeast-2.amazonaws.com/Test/1097304_1.jpg,https://sokodress.s3.ap-northeast-2.amazonaws.com/Test/1097304_2.jpg,https://sokodress.s3.ap-northeast-2.amazonaws.com/Test/1097304_3.jpg,https://sokodress.s3.ap-northeast-2.amazonaws.com/Test/1097304_4.jpg,https://sokodress.s3.ap-northeast-2.amazonaws.com/Test/1097304_5.jpg,https://sokodress.s3.ap-northeast-2.amazonaws.com/Test/1097304_6.jpg,https://sokodress.s3.ap-northeast-2.amazonaws.com/Test/1097304_7.jpg,https://sokodress.s3.ap-northeast-2.amazonaws.com/Test/1097304_8.jpg,https://sokodress.s3.ap-northeast-2.amazonaws.com/Test/1097304_9.jpg,https://sokodress.s3.ap-northeast-2.amazonaws.com/Test/1097304_10.jpg,https://sokodress.s3.ap-northeast-2.amazonaws.com/Test/1097304_11.jpg",캐주얼,총장 60cm/ 어깨 54cm/ 가슴 51cm/ 소매 58cm,면100,없음,좋음,없음,베이직,"LAVENDER,WHITEMELANGE",http://www.ddmmarket.co.kr/Prod?m=S&c=CB1NA24367
,CPH-B1-나-24,미코앤코,동대문,청평화,82,TEL : 02-2232-6143 (HP : 010-2543-6143),1096077,리던피그반팔T,TOP & TEE,WOMEN,,,17000,대한민국,"https://sokodress.s3.ap-northeast-2.amazonaws.com/Test/1096077_0.jpg,https://sokodress.s3.ap-northeast-2.amazonaws.com/Test/1096077_1.jpg,https://sokodress.s3.ap-northeast-2.amazonaws.com/Test/1096077_2.jpg,https://sokodress.s3.ap-northeast-2.amazonaws.com/Test/1096077_3.jpg,https://sokodress.s3.ap-northeast-2.amazonaws.com/Test/1096077_4.jpg,https://sokodress.s3.ap-northeast-2.amazonaws.com/Test/1096077_5.jpg,https://sokodress.s3.ap-northeast-2.amazonaws.com/Test/1096077_6.jpg,https://sokodress.s3.ap-northeast-2.amazonaws.com/Test/1096077_7.jpg,https://sokodress.s3.ap-northeast-2.amazonaws.com/Test/1096077_8.jpg,https://sokodress.s3.ap-northeast-2.amazonaws.com/Test/1096077_9.jpg",캐주얼,총장 64cm/ 어깨 44cm/ 가슴 50cm/ 소매 20cm,면100,없음,좋음,없음,베이직,"BEIGE,CHINESEINK",http://www.ddmmarket.co.kr/Prod?m=S&c=CB1NA24367
,CPH-B1-나-24,미코앤코,동대문,청평화,82,TEL : 02-2232-6143 (HP : 010-2543-6143),1096076,마랑하트T,TOP & TEE,WOMEN,,,15000,대한민국,"https://sokodress.s3.ap-northeast-2.amazonaws.com/Test/1096076_0.jpg,https://sokodress.s3.ap-northeast-2.amazonaws.com/Test/1096076_1.jpg,https://sokodress.s3.ap-northeast-2.amazonaws.com/Test/1096076_2.jpg,https://sokodress.s3.ap-northeast-2.amazonaws.com/Test/1096076_3.jpg,https://sokodress.s3.ap-northeast-2.amazonaws.com/Test/1096076_4.jpg,https://sokodress.s3.ap-northeast-2.amazonaws.com/Test/1096076_5.jpg,https://sokodress.s3.ap-northeast-2.amazonaws.com/Test/1096076_6.jpg,https://sokodress.s3.ap-northeast-2.amazonaws.com/Test/1096076_7.jpg,https://sokodress.s3.ap-northeast-2.amazonaws.com/Test/1096076_8.jpg,https://sokodress.s3.ap-northeast-2.amazonaws.com/Test/1096076_9.jpg",캐주얼,총장 66cm/ 어깨 45cm/ 가슴 48cm/ 소매 21cm,면100,없음,좋음,없음,베이직,"CREAM,NAVY",http://www.ddmmarket.co.kr/Prod?m=S&c=CB1NA24367
,CPH-B1-나-24,미코앤코,동대문,청평화,82,TEL : 02-2232-6143 (HP : 010-2543-6143),1095026,마랑후드집업,TOP & TEE,WOMEN,,,34000,대한민국,"https://sokodress.s3.ap-northeast-2.amazonaws.com/Test/1095026_0.jpg,https://sokodress.s3.ap-northeast-2.amazonaws.com/Test/1095026_1.jpg,https://sokodress.s3.ap-northeast-2.amazonaws.com/Test/1095026_2.jpg,https://sokodress.s3.ap-northeast-2.amazonaws.com/Test/1095026_3.jpg,https://sokodress.s3.ap-northeast-2.amazonaws.com/Test/1095026_4.jpg,https://sokodress.s3.ap-northeast-2.amazonaws.com/Test/1095026_5.jpg,https://sokodress.s3.ap-northeast-2.amazonaws.com/Test/1095026_6.jpg,https://sokodress.s3.ap-northeast-2.amazonaws.com/Test/1095026_7.jpg,https://sokodress.s3.ap-northeast-2.amazonaws.com/Test/1095026_8.jpg,https://sokodress.s3.ap-northeast-2.amazonaws.com/Test/1095026_9.jpg,https://sokodress.s3.ap-northeast-2.amazonaws.com/Test/1095026_10.jpg,https://sokodress.s3.ap-northeast-2.amazonaws.com/Test/1095026_11.jpg,https://sokodress.s3.ap-northeast-2.amazonaws.com/Test/1095026_12.jpg,https://sokodress.s3.ap-northeast-2.amazonaws.com/Test/1095026_13.jpg",캐주얼,총장 앞63-뒤66cm/ 가슴 63cm/ 어깨소매 82cm,면100,없음,좋음,없음,베이직,"BEIGE,COBALTBLUE,WHITEMELANGE",http://www.ddmmarket.co.kr/Prod?m=S&c=CB1NA24367
,CPH-B1-나-24,미코앤코,동대문,청평화,82,TEL : 02-2232-6143 (HP : 010-2543-6143),1094898,미니마랑맨투맨,TOP & TEE,WOMEN,,,21000,대한민국,"https://sokodress.s3.ap-northeast-2.amazonaws.com/Test/1094898_0.jpg,https://sokodress.s3.ap-northeast-2.amazonaws.com/Test/1094898_1.jpg,https://sokodress.s3.ap-northeast-2.amazonaws.com/Test/1094898_2.jpg,https://sokodress.s3.ap-northeast-2.amazonaws.com/Test/1094898_3.jpg,https://sokodress.s3.ap-northeast-2.amazonaws.com/Test/1094898_4.jpg,https://sokodress.s3.ap-northeast-2.amazonaws.com/Test/1094898_5.jpg,https://sokodress.s3.ap-northeast-2.amazonaws.com/Test/1094898_6.jpg,https://sokodress.s3.ap-northeast-2.amazonaws.com/Test/1094898_7.jpg,https://sokodress.s3.ap-northeast-2.amazonaws.com/Test/1094898_8.jpg,https://sokodress.s3.ap-northeast-2.amazonaws.com/Test/1094898_9.jpg,https://sokodress.s3.ap-northeast-2.amazonaws.com/Test/1094898_10.jpg,https://sokodress.s3.ap-northeast-2.amazonaws.com/Test/1094898_11.jpg,https://sokodress.s3.ap-northeast-2.amazonaws.com/Test/1094898_12.jpg,https://sokodress.s3.ap-northeast-2.amazonaws.com/Test/1094898_13.jpg,https://sokodress.s3.ap-northeast-2.amazonaws.com/Test/1094898_14.jpg,https://sokodress.s3.ap-northeast-2.amazonaws.com/Test/1094898_15.jpg,https://sokodress.s3.ap-northeast-2.amazonaws.com/Test/1094898_16.jpg,https://sokodress.s3.ap-northeast-2.amazonaws.com/Test/1094898_17.jpg,https://sokodress.s3.ap-northeast-2.amazonaws.com/Test/1094898_18.jpg,https://sokodress.s3.ap-northeast-2.amazonaws.com/Test/1094898_19.jpg,https://sokodress.s3.ap-northeast-2.amazonaws.com/Test/1094898_20.jpg,https://sokodress.s3.ap-northeast-2.amazonaws.com/Test/1094898_21.jpg",캐주얼,총장 50cm/ 어깨 59cm/ 가슴 56cm/ 소매 52cm,면100,없음,좋음,없음,베이직,"CHINESEINK,OATMEAL",http://www.ddmmarket.co.kr/Prod?m=S&c=CB1NA24367
,CPH-B1-나-24,미코앤코,동대문,청평화,82,TEL : 02-2232-6143 (HP : 010-2543-6143),1094056,타임패치후드,TOP & TEE,WOMEN,,,34000,대한민국,"https://sokodress.s3.ap-northeast-2.amazonaws.com/Test/1094056_0.jpg,https://sokodress.s3.ap-northeast-2.amazonaws.com/Test/1094056_1.jpg,https://sokodress.s3.ap-northeast-2.amazonaws.com/Test/1094056_2.jpg,https://sokodress.s3.ap-northeast-2.amazonaws.com/Test/1094056_3.jpg,https://sokodress.s3.ap-northeast-2.amazonaws.com/Test/1094056_4.jpg,https://sokodress.s3.ap-northeast-2.amazonaws.com/Test/1094056_5.jpg,https://sokodress.s3.ap-northeast-2.amazonaws.com/Test/1094056_6.jpg,https://sokodress.s3.ap-northeast-2.amazonaws.com/Test/1094056_7.jpg,https://sokodress.s3.ap-northeast-2.amazonaws.com/Test/1094056_8.jpg,https://sokodress.s3.ap-northeast-2.amazonaws.com/Test/1094056_9.jpg,https://sokodress.s3.ap-northeast-2.amazonaws.com/Test/1094056_10.jpg,https://sokodress.s3.ap-northeast-2.amazonaws.com/Test/1094056_11.jpg,https://sokodress.s3.ap-northeast-2.amazonaws.com/Test/1094056_12.jpg,https://sokodress.s3.ap-northeast-2.amazonaws.com/Test/1094056_13.jpg,https://sokodress.s3.ap-northeast-2.amazonaws.com/Test/1094056_14.jpg,https://sokodress.s3.ap-northeast-2.amazonaws.com/Test/1094056_15.jpg,https://sokodress.s3.ap-northeast-2.amazonaws.com/Test/1094056_16.jpg,https://sokodress.s3.ap-northeast-2.amazonaws.com/Test/1094056_17.jpg,https://sokodress.s3.ap-northeast-2.amazonaws.com/Test/1094056_18.jpg,https://sokodress.s3.ap-northeast-2.amazonaws.com/Test/1094056_19.jpg,https://sokodress.s3.ap-northeast-2.amazonaws.com/Test/1094056_20.jpg,https://sokodress.s3.ap-northeast-2.amazonaws.com/Test/1094056_21.jpg,https://sokodress.s3.ap-northeast-2.amazonaws.com/Test/1094056_22.jpg,https://sokodress.s3.ap-northeast-2.amazonaws.com/Test/1094056_23.jpg,https://sokodress.s3.ap-northeast-2.amazonaws.com/Test/1094056_24.jpg,https://sokodress.s3.ap-northeast-2.amazonaws.com/Test/1094056_25.jpg,https://sokodress.s3.ap-northeast-2.amazonaws.com/Test/1094056_26.jpg,https://sokodress.s3.ap-northeast-2.amazonaws.com/Test/1094056_27.jpg",캐주얼,총장 55cm/ 어깨 50cm/ 가슴 60cm/ 소매 62cm,면100,없음,좋음,없음,베이직,"MELANGE,OATMEAL",http://www.ddmmarket.co.kr/Prod?m=S&c=CB1NA24367
,CPH-B1-나-24,미코앤코,동대문,청평화,82,TEL : 02-2232-6143 (HP : 010-2543-6143),1105668,보브카라배색BL,BLOUSE,WOMEN,,,32000,대한민국,"https://sokodress.s3.ap-northeast-2.amazonaws.com/Test/1105668_0.jpg,https://sokodress.s3.ap-northeast-2.amazonaws.com/Test/1105668_1.jpg,https://sokodress.s3.ap-northeast-2.amazonaws.com/Test/1105668_2.jpg,https://sokodress.s3.ap-northeast-2.amazonaws.com/Test/1105668_3.jpg,https://sokodress.s3.ap-northeast-2.amazonaws.com/Test/1105668_4.jpg,https://sokodress.s3.ap-northeast-2.amazonaws.com/Test/1105668_5.jpg,https://sokodress.s3.ap-northeast-2.amazonaws.com/Test/1105668_6.jpg,https://sokodress.s3.ap-northeast-2.amazonaws.com/Test/1105668_7.jpg,https://sokodress.s3.ap-northeast-2.amazonaws.com/Test/1105668_8.jpg,https://sokodress.s3.ap-northeast-2.amazonaws.com/Test/1105668_9.jpg,https://sokodress.s3.ap-northeast-2.amazonaws.com/Test/1105668_10.jpg","캐주얼,심플/베이직",총장 62cm/ 어깨 50cm/ 가슴 57cm/ 소매 37cm,면100,없음,좋음,없음,루즈핏,"BEIGE,NAVY",http://www.ddmmarket.co.kr/Prod?m=S&c=CB1NA24367
,CPH-B1-나-24,미코앤코,동대문,청평화,82,TEL : 02-2232-6143 (HP : 010-2543-6143),1103354,보브나시OPS,DRESS & SET,WOMEN,,,30000,대한민국,"https://sokodress.s3.ap-northeast-2.amazonaws.com/Test/1103354_0.jpg,https://sokodress.s3.ap-northeast-2.amazonaws.com/Test/1103354_1.jpg,https://sokodress.s3.ap-northeast-2.amazonaws.com/Test/1103354_2.jpg,https://sokodress.s3.ap-northeast-2.amazonaws.com/Test/1103354_3.jpg,https://sokodress.s3.ap-northeast-2.amazonaws.com/Test/1103354_4.jpg,https://sokodress.s3.ap-northeast-2.amazonaws.com/Test/1103354_5.jpg,https://sokodress.s3.ap-northeast-2.amazonaws.com/Test/1103354_6.jpg,https://sokodress.s3.ap-northeast-2.amazonaws.com/Test/1103354_7.jpg,https://sokodress.s3.ap-northeast-2.amazonaws.com/Test/1103354_8.jpg,https://sokodress.s3.ap-northeast-2.amazonaws.com/Test/1103354_9.jpg,https://sokodress.s3.ap-northeast-2.amazonaws.com/Test/1103354_10.jpg,https://sokodress.s3.ap-northeast-2.amazonaws.com/Test/1103354_11.jpg,https://sokodress.s3.ap-northeast-2.amazonaws.com/Test/1103354_12.jpg,https://sokodress.s3.ap-northeast-2.amazonaws.com/Test/1103354_13.jpg,https://sokodress.s3.ap-northeast-2.amazonaws.com/Test/1103354_14.jpg,https://sokodress.s3.ap-northeast-2.amazonaws.com/Test/1103354_15.jpg,https://sokodress.s3.ap-northeast-2.amazonaws.com/Test/1103354_16.jpg,https://sokodress.s3.ap-northeast-2.amazonaws.com/Test/1103354_17.jpg,https://sokodress.s3.ap-northeast-2.amazonaws.com/Test/1103354_18.jpg,https://sokodress.s3.ap-northeast-2.amazonaws.com/Test/1103354_19.jpg,https://sokodress.s3.ap-northeast-2.amazonaws.com/Test/1103354_20.jpg",캐주얼,총장 126cm/ 어깨 36cm/ 가슴 46cm,면94 스판6,없음,좋음,없음,베이직,"BEIGE,BLACK",http://www.ddmmarket.co.kr/Prod?m=S&c=CB1NA24367
,CPH-B1-나-24,미코앤코,동대문,청평화,82,TEL : 02-2232-6143 (HP : 010-2543-6143),1100572,마랑OPS,DRESS & SET,WOMEN,,,28000,대한민국,"https://sokodress.s3.ap-northeast-2.amazonaws.com/Test/1100572_0.jpg,https://sokodress.s3.ap-northeast-2.amazonaws.com/Test/1100572_1.jpg,https://sokodress.s3.ap-northeast-2.amazonaws.com/Test/1100572_2.jpg,https://sokodress.s3.ap-northeast-2.amazonaws.com/Test/1100572_3.jpg,https://sokodress.s3.ap-northeast-2.amazonaws.com/Test/1100572_4.jpg,https://sokodress.s3.ap-northeast-2.amazonaws.com/Test/1100572_5.jpg,https://sokodress.s3.ap-northeast-2.amazonaws.com/Test/1100572_6.jpg,https://sokodress.s3.ap-northeast-2.amazonaws.com/Test/1100572_7.jpg,https://sokodress.s3.ap-northeast-2.amazonaws.com/Test/1100572_8.jpg,https://sokodress.s3.ap-northeast-2.amazonaws.com/Test/1100572_9.jpg,https://sokodress.s3.ap-northeast-2.amazonaws.com/Test/1100572_10.jpg,https://sokodress.s3.ap-northeast-2.amazonaws.com/Test/1100572_11.jpg,https://sokodress.s3.ap-northeast-2.amazonaws.com/Test/1100572_12.jpg,https://sokodress.s3.ap-northeast-2.amazonaws.com/Test/1100572_13.jpg,https://sokodress.s3.ap-northeast-2.amazonaws.com/Test/1100572_14.jpg,https://sokodress.s3.ap-northeast-2.amazonaws.com/Test/1100572_15.jpg,https://sokodress.s3.ap-northeast-2.amazonaws.com/Test/1100572_16.jpg,https://sokodress.s3.ap-northeast-2.amazonaws.com/Test/1100572_17.jpg,https://sokodress.s3.ap-northeast-2.amazonaws.com/Test/1100572_18.jpg,https://sokodress.s3.ap-northeast-2.amazonaws.com/Test/1100572_19.jpg",캐주얼,총장 110cm/ 가슴 57cm/ 어깨소매 46cm,면94 스판6,없음,좋음,없음,루즈핏,"BLACK,BLUE,KHAKI",http://www.ddmmarket.co.kr/Prod?m=S&c=CB1NA24367
,CPH-B1-나-24,미코앤코,동대문,청평화,82,TEL : 02-2232-6143 (HP : 010-2543-6143),1116760,마랑반바지,BOTTOM,WOMEN,,,21000,대한민국,"https://sokodress.s3.ap-northeast-2.amazonaws.com/Test/1116760_0.jpg,https://sokodress.s3.ap-northeast-2.amazonaws.com/Test/1116760_1.jpg,https://sokodress.s3.ap-northeast-2.amazonaws.com/Test/1116760_2.jpg,https://sokodress.s3.ap-northeast-2.amazonaws.com/Test/1116760_3.jpg,https://sokodress.s3.ap-northeast-2.amazonaws.com/Test/1116760_4.jpg,https://sokodress.s3.ap-northeast-2.amazonaws.com/Test/1116760_5.jpg","캐주얼,어반/모던,심플/베이직",총장 52cm/ 허리 31cm/ 힙 60cm/ 밑위 37cm/ 밑단 32cm,면100,없음,좋음,없음,베이직,"CREAM,GRAY",http://www.ddmmarket.co.kr/Prod?m=S&c=CB1NA24367
,CPH-B1-나-24,미코앤코,동대문,청평화,82,TEL : 02-2232-6143 (HP : 010-2543-6143),1116328,마랑플라워SK,BOTTOM,WOMEN,,,35000,대한민국,"https://sokodress.s3.ap-northeast-2.amazonaws.com/Test/1116328_0.jpg,https://sokodress.s3.ap-northeast-2.amazonaws.com/Test/1116328_1.jpg,https://sokodress.s3.ap-northeast-2.amazonaws.com/Test/1116328_2.jpg,https://sokodress.s3.ap-northeast-2.amazonaws.com/Test/1116328_3.jpg,https://sokodress.s3.ap-northeast-2.amazonaws.com/Test/1116328_4.jpg,https://sokodress.s3.ap-northeast-2.amazonaws.com/Test/1116328_5.jpg","캐주얼,어반/모던,심플/베이직",총장 75cm/ 허리 32cm,폴리100,없음,없음,없음,루즈핏,PINK,http://www.ddmmarket.co.kr/Prod?m=S&c=CB1NA24367
,CPH-B1-나-24,미코앤코,동대문,청평화,82,TEL : 02-2232-6143 (HP : 010-2543-6143),1115427,비이커PT,BOTTOM,WOMEN,,,24000,대한민국,"https://sokodress.s3.ap-northeast-2.amazonaws.com/Test/1115427_0.jpg,https://sokodress.s3.ap-northeast-2.amazonaws.com/Test/1115427_1.jpg,https://sokodress.s3.ap-northeast-2.amazonaws.com/Test/1115427_2.jpg,https://sokodress.s3.ap-northeast-2.amazonaws.com/Test/1115427_3.jpg,https://sokodress.s3.ap-northeast-2.amazonaws.com/Test/1115427_4.jpg,https://sokodress.s3.ap-northeast-2.amazonaws.com/Test/1115427_5.jpg,https://sokodress.s3.ap-northeast-2.amazonaws.com/Test/1115427_6.jpg,https://sokodress.s3.ap-northeast-2.amazonaws.com/Test/1115427_7.jpg,https://sokodress.s3.ap-northeast-2.amazonaws.com/Test/1115427_8.jpg","캐주얼,어반/모던,심플/베이직",총장 100cm/ 허리 33cm/ 힙 48cm/ 밑위 32cm/ 밑단 24cm,면100,없음,좋음,없음,루즈핏,"GRAY,WHITEMELANGE",http://www.ddmmarket.co.kr/Prod?m=S&c=CB1NA24367
,CPH-B1-나-24,미코앤코,동대문,청평화,82,TEL : 02-2232-6143 (HP : 010-2543-6143),1113423,마랑빈티지PT,BOTTOM,WOMEN,,,22000,대한민국,"https://sokodress.s3.ap-northeast-2.amazonaws.com/Test/1113423_0.jpg,https://sokodress.s3.ap-northeast-2.amazonaws.com/Test/1113423_1.jpg,https://sokodress.s3.ap-northeast-2.amazonaws.com/Test/1113423_2.jpg,https://sokodress.s3.ap-northeast-2.amazonaws.com/Test/1113423_3.jpg,https://sokodress.s3.ap-northeast-2.amazonaws.com/Test/1113423_4.jpg,https://sokodress.s3.ap-northeast-2.amazonaws.com/Test/1113423_5.jpg,https://sokodress.s3.ap-northeast-2.amazonaws.com/Test/1113423_6.jpg,https://sokodress.s3.ap-northeast-2.amazonaws.com/Test/1113423_7.jpg,https://sokodress.s3.ap-northeast-2.amazonaws.com/Test/1113423_8.jpg,https://sokodress.s3.ap-northeast-2.amazonaws.com/Test/1113423_9.jpg,https://sokodress.s3.ap-northeast-2.amazonaws.com/Test/1113423_10.jpg","캐주얼,심플/베이직",총장 99cm/ 허리 34cm/ 힙 48cm/ 밑위 33cm/ 밑단 12cm,면100,없음,좋음,없음,베이직,"GRAY,OATMEAL",http://www.ddmmarket.co.kr/Prod?m=S&c=CB1NA24367
,CPH-B1-나-24,미코앤코,동대문,청평화,82,TEL : 02-2232-6143 (HP : 010-2543-6143),1113422,셀린PT,BOTTOM,WOMEN,,,23000,대한민국,"https://sokodress.s3.ap-northeast-2.amazonaws.com/Test/1113422_0.jpg,https://sokodress.s3.ap-northeast-2.amazonaws.com/Test/1113422_1.jpg,https://sokodress.s3.ap-northeast-2.amazonaws.com/Test/1113422_2.jpg,https://sokodress.s3.ap-northeast-2.amazonaws.com/Test/1113422_3.jpg,https://sokodress.s3.ap-northeast-2.amazonaws.com/Test/1113422_4.jpg,https://sokodress.s3.ap-northeast-2.amazonaws.com/Test/1113422_5.jpg,https://sokodress.s3.ap-northeast-2.amazonaws.com/Test/1113422_6.jpg,https://sokodress.s3.ap-northeast-2.amazonaws.com/Test/1113422_7.jpg","캐주얼,심플/베이직",총장 98cm/ 허리 34cm/ 힙 48cm/ 밑위 34cm/ 밑단 10cm,면100,없음,좋음,없음,베이직,"GRAY,OATMEAL",http://www.ddmmarket.co.kr/Prod?m=S&c=CB1NA24367
,CPH-B1-나-24,미코앤코,동대문,청평화,82,TEL : 02-2232-6143 (HP : 010-2543-6143),1111780,르베이지PT,BOTTOM,WOMEN,,,26000,대한민국,"https://sokodress.s3.ap-northeast-2.amazonaws.com/Test/1111780_0.jpg,https://sokodress.s3.ap-northeast-2.amazonaws.com/Test/1111780_1.jpg,https://sokodress.s3.ap-northeast-2.amazonaws.com/Test/1111780_2.jpg,https://sokodress.s3.ap-northeast-2.amazonaws.com/Test/1111780_3.jpg,https://sokodress.s3.ap-northeast-2.amazonaws.com/Test/1111780_4.jpg,https://sokodress.s3.ap-northeast-2.amazonaws.com/Test/1111780_5.jpg,https://sokodress.s3.ap-northeast-2.amazonaws.com/Test/1111780_6.jpg,https://sokodress.s3.ap-northeast-2.amazonaws.com/Test/1111780_7.jpg,https://sokodress.s3.ap-northeast-2.amazonaws.com/Test/1111780_8.jpg,https://sokodress.s3.ap-northeast-2.amazonaws.com/Test/1111780_9.jpg,https://sokodress.s3.ap-northeast-2.amazonaws.com/Test/1111780_10.jpg,https://sokodress.s3.ap-northeast-2.amazonaws.com/Test/1111780_11.jpg","캐주얼,어반/모던,심플/베이직",총장 93cm/ 허리 36cm/ 힙 49cm/ 밑위 32cm/ 밑단 16cm,폴리93 스판7,없음,좋음,기모,베이직,"BLACK,IVORY",http://www.ddmmarket.co.kr/Prod?m=S&c=CB1NA24367
,CPH-B1-나-24,미코앤코,동대문,청평화,82,TEL : 02-2232-6143 (HP : 010-2543-6143),1111584,보브바지,BOTTOM,WOMEN,,,23000,대한민국,"https://sokodress.s3.ap-northeast-2.amazonaws.com/Test/1111584_0.jpg,https://sokodress.s3.ap-northeast-2.amazonaws.com/Test/1111584_1.jpg,https://sokodress.s3.ap-northeast-2.amazonaws.com/Test/1111584_2.jpg,https://sokodress.s3.ap-northeast-2.amazonaws.com/Test/1111584_3.jpg,https://sokodress.s3.ap-northeast-2.amazonaws.com/Test/1111584_4.jpg,https://sokodress.s3.ap-northeast-2.amazonaws.com/Test/1111584_5.jpg,https://sokodress.s3.ap-northeast-2.amazonaws.com/Test/1111584_6.jpg,https://sokodress.s3.ap-northeast-2.amazonaws.com/Test/1111584_7.jpg,https://sokodress.s3.ap-northeast-2.amazonaws.com/Test/1111584_8.jpg,https://sokodress.s3.ap-northeast-2.amazonaws.com/Test/1111584_9.jpg,https://sokodress.s3.ap-northeast-2.amazonaws.com/Test/1111584_10.jpg,https://sokodress.s3.ap-northeast-2.amazonaws.com/Test/1111584_11.jpg","캐주얼,심플/베이직",총장 93cm/ 허리 34cm/ 힙 47cm/ 밑위 31cm/ 밑단 14cm,면100,없음,좋음,기모,베이직,"BEIGE,NAVY",http://www.ddmmarket.co.kr/Prod?m=S&c=CB1NA24367
,CPH-B1-나-24,미코앤코,동대문,청평화,82,TEL : 02-2232-6143 (HP : 010-2543-6143),1105016,마랑PT,BOTTOM,WOMEN,,,22000,대한민국,"https://sokodress.s3.ap-northeast-2.amazonaws.com/Test/1105016_0.jpg,https://sokodress.s3.ap-northeast-2.amazonaws.com/Test/1105016_1.jpg,https://sokodress.s3.ap-northeast-2.amazonaws.com/Test/1105016_2.jpg,https://sokodress.s3.ap-northeast-2.amazonaws.com/Test/1105016_3.jpg,https://sokodress.s3.ap-northeast-2.amazonaws.com/Test/1105016_4.jpg,https://sokodress.s3.ap-northeast-2.amazonaws.com/Test/1105016_5.jpg,https://sokodress.s3.ap-northeast-2.amazonaws.com/Test/1105016_6.jpg,https://sokodress.s3.ap-northeast-2.amazonaws.com/Test/1105016_7.jpg,https://sokodress.s3.ap-northeast-2.amazonaws.com/Test/1105016_8.jpg,https://sokodress.s3.ap-northeast-2.amazonaws.com/Test/1105016_9.jpg,https://sokodress.s3.ap-northeast-2.amazonaws.com/Test/1105016_10.jpg,https://sokodress.s3.ap-northeast-2.amazonaws.com/Test/1105016_11.jpg,https://sokodress.s3.ap-northeast-2.amazonaws.com/Test/1105016_12.jpg","캐주얼,심플/베이직",총장 103cm/ 허리 35cm/ 힙 45cm/ 밑위 36cm/ 밑단 13cm,면100,없음,좋음,없음,베이직,"BLACK,GRAY,OATMEAL,ORANGE",http://www.ddmmarket.co.kr/Prod?m=S&c=CB1NA24367
,CPH-B1-나-24,미코앤코,동대문,청평화,82,TEL : 02-2232-6143 (HP : 010-2543-6143),1102378,마랑나염SK,BOTTOM,WOMEN,,,32000,대한민국,"https://sokodress.s3.ap-northeast-2.amazonaws.com/Test/1102378_0.jpg,https://sokodress.s3.ap-northeast-2.amazonaws.com/Test/1102378_1.jpg,https://sokodress.s3.ap-northeast-2.amazonaws.com/Test/1102378_2.jpg,https://sokodress.s3.ap-northeast-2.amazonaws.com/Test/1102378_3.jpg,https://sokodress.s3.ap-northeast-2.amazonaws.com/Test/1102378_4.jpg,https://sokodress.s3.ap-northeast-2.amazonaws.com/Test/1102378_5.jpg,https://sokodress.s3.ap-northeast-2.amazonaws.com/Test/1102378_6.jpg,https://sokodress.s3.ap-northeast-2.amazonaws.com/Test/1102378_7.jpg,https://sokodress.s3.ap-northeast-2.amazonaws.com/Test/1102378_8.jpg,https://sokodress.s3.ap-northeast-2.amazonaws.com/Test/1102378_9.jpg,https://sokodress.s3.ap-northeast-2.amazonaws.com/Test/1102378_10.jpg,https://sokodress.s3.ap-northeast-2.amazonaws.com/Test/1102378_11.jpg,https://sokodress.s3.ap-northeast-2.amazonaws.com/Test/1102378_12.jpg,https://sokodress.s3.ap-northeast-2.amazonaws.com/Test/1102378_13.jpg,https://sokodress.s3.ap-northeast-2.amazonaws.com/Test/1102378_14.jpg,https://sokodress.s3.ap-northeast-2.amazonaws.com/Test/1102378_15.jpg,https://sokodress.s3.ap-northeast-2.amazonaws.com/Test/1102378_16.jpg",캐주얼,총장 83cm/ 허리 36cm,폴리100,없음,없음,없음,베이직,BLACK,http://www.ddmmarket.co.kr/Prod?m=S&c=CB1NA24367
,CPH-B1-나-24,미코앤코,동대문,청평화,82,TEL : 02-2232-6143 (HP : 010-2543-6143),1102127,마랑반바지,BOTTOM,WOMEN,,,17000,대한민국,"https://sokodress.s3.ap-northeast-2.amazonaws.com/Test/1102127_0.jpg,https://sokodress.s3.ap-northeast-2.amazonaws.com/Test/1102127_1.jpg,https://sokodress.s3.ap-northeast-2.amazonaws.com/Test/1102127_2.jpg,https://sokodress.s3.ap-northeast-2.amazonaws.com/Test/1102127_3.jpg,https://sokodress.s3.ap-northeast-2.amazonaws.com/Test/1102127_4.jpg,https://sokodress.s3.ap-northeast-2.amazonaws.com/Test/1102127_5.jpg,https://sokodress.s3.ap-northeast-2.amazonaws.com/Test/1102127_6.jpg,https://sokodress.s3.ap-northeast-2.amazonaws.com/Test/1102127_7.jpg,https://sokodress.s3.ap-northeast-2.amazonaws.com/Test/1102127_8.jpg,https://sokodress.s3.ap-northeast-2.amazonaws.com/Test/1102127_9.jpg,https://sokodress.s3.ap-northeast-2.amazonaws.com/Test/1102127_10.jpg",캐주얼,총장 51cm/ 허리 35cm/ 힙 48cm/ 밑위 30cm/ 밑단 25cm,면100,없음,좋음,없음,베이직,"CREAM,GRAY",http://www.ddmmarket.co.kr/Prod?m=S&c=CB1NA24367
,CPH-B1-나-24,미코앤코,동대문,청평화,82,TEL : 02-2232-6143 (HP : 010-2543-6143),1098962,쟈딕하트PT,BOTTOM,WOMEN,,,23000,대한민국,"https://sokodress.s3.ap-northeast-2.amazonaws.com/Test/1098962_0.jpg,https://sokodress.s3.ap-northeast-2.amazonaws.com/Test/1098962_1.jpg,https://sokodress.s3.ap-northeast-2.amazonaws.com/Test/1098962_2.jpg,https://sokodress.s3.ap-northeast-2.amazonaws.com/Test/1098962_3.jpg,https://sokodress.s3.ap-northeast-2.amazonaws.com/Test/1098962_4.jpg,https://sokodress.s3.ap-northeast-2.amazonaws.com/Test/1098962_5.jpg,https://sokodress.s3.ap-northeast-2.amazonaws.com/Test/1098962_6.jpg,https://sokodress.s3.ap-northeast-2.amazonaws.com/Test/1098962_7.jpg,https://sokodress.s3.ap-northeast-2.amazonaws.com/Test/1098962_8.jpg,https://sokodress.s3.ap-northeast-2.amazonaws.com/Test/1098962_9.jpg,https://sokodress.s3.ap-northeast-2.amazonaws.com/Test/1098962_10.jpg,https://sokodress.s3.ap-northeast-2.amazonaws.com/Test/1098962_11.jpg",캐주얼,총장 99cm/ 허리 34cm/ 힙 48cm/ 밑위 33cm/ 밑단 12cm,면100,없음,좋음,없음,베이직,"BEIGE,MELANGE",http://www.ddmmarket.co.kr/Prod?m=S&c=CB1NA24367
,CPH-B1-나-24,미코앤코,동대문,청평화,82,TEL : 02-2232-6143 (HP : 010-2543-6143),1094899,미니마랑반바지,BOTTOM,WOMEN,,,19000,대한민국,"https://sokodress.s3.ap-northeast-2.amazonaws.com/Test/1094899_0.jpg,https://sokodress.s3.ap-northeast-2.amazonaws.com/Test/1094899_1.jpg,https://sokodress.s3.ap-northeast-2.amazonaws.com/Test/1094899_2.jpg,https://sokodress.s3.ap-northeast-2.amazonaws.com/Test/1094899_3.jpg,https://sokodress.s3.ap-northeast-2.amazonaws.com/Test/1094899_4.jpg,https://sokodress.s3.ap-northeast-2.amazonaws.com/Test/1094899_5.jpg,https://sokodress.s3.ap-northeast-2.amazonaws.com/Test/1094899_6.jpg,https://sokodress.s3.ap-northeast-2.amazonaws.com/Test/1094899_7.jpg,https://sokodress.s3.ap-northeast-2.amazonaws.com/Test/1094899_8.jpg,https://sokodress.s3.ap-northeast-2.amazonaws.com/Test/1094899_9.jpg",캐주얼,총장 32cm/ 허리 35cm/ 힙 52cm/ 밑위 30cm/ 밑단 29cm,면100,없음,좋음,없음,베이직,"CHINESEINK,OATMEAL",http://www.ddmmarket.co.kr/Prod?m=S&c=CB1NA24367
,CPH-B1-나-24,미코앤코,동대문,청평화,82,TEL : 02-2232-6143 (HP : 010-2543-6143),1094351,마랑패치PT,BOTTOM,WOMEN,,,24000,대한민국,"https://sokodress.s3.ap-northeast-2.amazonaws.com/Test/1094351_0.jpg,https://sokodress.s3.ap-northeast-2.amazonaws.com/Test/1094351_1.jpg,https://sokodress.s3.ap-northeast-2.amazonaws.com/Test/1094351_2.jpg,https://sokodress.s3.ap-northeast-2.amazonaws.com/Test/1094351_3.jpg,https://sokodress.s3.ap-northeast-2.amazonaws.com/Test/1094351_4.jpg,https://sokodress.s3.ap-northeast-2.amazonaws.com/Test/1094351_5.jpg,https://sokodress.s3.ap-northeast-2.amazonaws.com/Test/1094351_6.jpg,https://sokodress.s3.ap-northeast-2.amazonaws.com/Test/1094351_7.jpg,https://sokodress.s3.ap-northeast-2.amazonaws.com/Test/1094351_8.jpg,https://sokodress.s3.ap-northeast-2.amazonaws.com/Test/1094351_9.jpg,https://sokodress.s3.ap-northeast-2.amazonaws.com/Test/1094351_10.jpg,https://sokodress.s3.ap-northeast-2.amazonaws.com/Test/1094351_11.jpg,https://sokodress.s3.ap-northeast-2.amazonaws.com/Test/1094351_12.jpg,https://sokodress.s3.ap-northeast-2.amazonaws.com/Test/1094351_13.jpg,https://sokodress.s3.ap-northeast-2.amazonaws.com/Test/1094351_14.jpg,https://sokodress.s3.ap-northeast-2.amazonaws.com/Test/1094351_15.jpg,https://sokodress.s3.ap-northeast-2.amazonaws.com/Test/1094351_16.jpg,https://sokodress.s3.ap-northeast-2.amazonaws.com/Test/1094351_17.jpg,https://sokodress.s3.ap-northeast-2.amazonaws.com/Test/1094351_18.jpg,https://sokodress.s3.ap-northeast-2.amazonaws.com/Test/1094351_19.jpg,https://sokodress.s3.ap-northeast-2.amazonaws.com/Test/1094351_20.jpg,https://sokodress.s3.ap-northeast-2.amazonaws.com/Test/1094351_21.jpg,https://sokodress.s3.ap-northeast-2.amazonaws.com/Test/1094351_22.jpg",캐주얼,총장 98cm/ 허리 34cm/ 힙 47cm/ 밑위 33cm/ 밑단 13cm,면100,없음,좋음,없음,베이직,"LIGHTPINK,OATMEAL,WHITEMELANGE",http://www.ddmmarket.co.kr/Prod?m=S&c=CB1NA24367
