shop_name,sizang_name,sangga_name,shop_address,shop_phone,product_cate_case,product_unique_id,product_name,product_checkbox_category,product_category_1,product_category_2,product_category_3,product_price,product_made,product_image_url,product_style,product_size,product_maxrate,product_seethrough,product_elasticity,product_lining,product_fitting,product_color,product_link
바닐라제이,동대문,퀸즈스퀘어,Queens-4-24,TEL : 02-6970-7254 (HP : 010-8818-7254),40,1116854,792썸머롱부츠컷,BOTTOM,여성 의류,하의,청바지,27000,대한민국,"https://sokodress.s3.ap-northeast-2.amazonaws.com/products_image1/1116854_0.jpg,https://sokodress.s3.ap-northeast-2.amazonaws.com/products_image1/1116854_1.jpg,https://sokodress.s3.ap-northeast-2.amazonaws.com/products_image1/1116854_2.jpg,https://sokodress.s3.ap-northeast-2.amazonaws.com/products_image1/1116854_3.jpg,https://sokodress.s3.ap-northeast-2.amazonaws.com/products_image1/1116854_4.jpg,https://sokodress.s3.ap-northeast-2.amazonaws.com/products_image1/1116854_5.jpg,https://sokodress.s3.ap-northeast-2.amazonaws.com/products_image1/1116854_6.jpg,https://sokodress.s3.ap-northeast-2.amazonaws.com/products_image1/1116854_7.jpg,https://sokodress.s3.ap-northeast-2.amazonaws.com/products_image1/1116854_8.jpg,https://sokodress.s3.ap-northeast-2.amazonaws.com/products_image1/1116854_9.jpg,https://sokodress.s3.ap-northeast-2.amazonaws.com/products_image1/1116854_10.jpg,https://sokodress.s3.ap-northeast-2.amazonaws.com/products_image1/1116854_11.jpg,https://sokodress.s3.ap-northeast-2.amazonaws.com/products_image1/1116854_12.jpg,https://sokodress.s3.ap-northeast-2.amazonaws.com/products_image1/1116854_13.jpg,https://sokodress.s3.ap-northeast-2.amazonaws.com/products_image1/1116854_14.jpg,https://sokodress.s3.ap-northeast-2.amazonaws.com/products_image1/1116854_15.jpg,https://sokodress.s3.ap-northeast-2.amazonaws.com/products_image1/1116854_16.jpg,https://sokodress.s3.ap-northeast-2.amazonaws.com/products_image1/1116854_17.jpg,https://sokodress.s3.ap-northeast-2.amazonaws.com/products_image1/1116854_18.jpg,https://sokodress.s3.ap-northeast-2.amazonaws.com/products_image1/1116854_19.jpg,https://sokodress.s3.ap-northeast-2.amazonaws.com/products_image1/1116854_20.jpg,https://sokodress.s3.ap-northeast-2.amazonaws.com/products_image1/1116854_21.jpg,https://sokodress.s3.ap-northeast-2.amazonaws.com/products_image1/1116854_22.jpg,https://sokodress.s3.ap-northeast-2.amazonaws.com/products_image1/1116854_23.jpg,https://sokodress.s3.ap-northeast-2.amazonaws.com/products_image1/1116854_24.jpg,https://sokodress.s3.ap-northeast-2.amazonaws.com/products_image1/1116854_25.jpg,https://sokodress.s3.ap-northeast-2.amazonaws.com/products_image1/1116854_26.jpg,https://sokodress.s3.ap-northeast-2.amazonaws.com/products_image1/1116854_27.jpg,https://sokodress.s3.ap-northeast-2.amazonaws.com/products_image1/1116854_28.jpg","캐주얼,어반/모던,심플/베이직","s - 총장 98cm/ 허리 31cm/ 힙 40cm/ 밑위 28cm/ 밑단 21cm
m - 총장 99cm/ 허리 33cm/ 힙 42cm/ 밑위 29cm/ 밑단 22cm
l - 총장 100cm/ 허리 35cm/ 힙 44cm/ 밑위 30cm/ 밑단 23cm
xl - 총장 101cm/ 허리 37cm/ 힙 46cm/ 밑위 31cm/ 밑단 24cm",코튼98 스판2,없음,좋음,없음,베이직,"DARKBLUEJEAN, S,DARKBLUEJEAN, M,DARKBLUEJEAN, L,DARKBLUEJEAN, XL,LIGHTBLUEJEAN, S,LIGHTBLUEJEAN, M,LIGHTBLUEJEAN, L,LIGHTBLUEJEAN, XL",http://www.ddmmarket.co.kr/Prod?m=S&c=Q215300310
바닐라제이,동대문,퀸즈스퀘어,Queens-4-24,TEL : 02-6970-7254 (HP : 010-8818-7254),40,1116701,788쿨스트레이트,BOTTOM,여성 의류,하의,청바지,26000,대한민국,"https://sokodress.s3.ap-northeast-2.amazonaws.com/products_image1/1116701_0.jpg,https://sokodress.s3.ap-northeast-2.amazonaws.com/products_image1/1116701_1.jpg,https://sokodress.s3.ap-northeast-2.amazonaws.com/products_image1/1116701_2.jpg,https://sokodress.s3.ap-northeast-2.amazonaws.com/products_image1/1116701_3.jpg,https://sokodress.s3.ap-northeast-2.amazonaws.com/products_image1/1116701_4.jpg,https://sokodress.s3.ap-northeast-2.amazonaws.com/products_image1/1116701_5.jpg,https://sokodress.s3.ap-northeast-2.amazonaws.com/products_image1/1116701_6.jpg,https://sokodress.s3.ap-northeast-2.amazonaws.com/products_image1/1116701_7.jpg,https://sokodress.s3.ap-northeast-2.amazonaws.com/products_image1/1116701_8.jpg,https://sokodress.s3.ap-northeast-2.amazonaws.com/products_image1/1116701_9.jpg,https://sokodress.s3.ap-northeast-2.amazonaws.com/products_image1/1116701_10.jpg,https://sokodress.s3.ap-northeast-2.amazonaws.com/products_image1/1116701_11.jpg,https://sokodress.s3.ap-northeast-2.amazonaws.com/products_image1/1116701_12.jpg,https://sokodress.s3.ap-northeast-2.amazonaws.com/products_image1/1116701_13.jpg,https://sokodress.s3.ap-northeast-2.amazonaws.com/products_image1/1116701_14.jpg,https://sokodress.s3.ap-northeast-2.amazonaws.com/products_image1/1116701_15.jpg,https://sokodress.s3.ap-northeast-2.amazonaws.com/products_image1/1116701_16.jpg,https://sokodress.s3.ap-northeast-2.amazonaws.com/products_image1/1116701_17.jpg,https://sokodress.s3.ap-northeast-2.amazonaws.com/products_image1/1116701_18.jpg,https://sokodress.s3.ap-northeast-2.amazonaws.com/products_image1/1116701_19.jpg,https://sokodress.s3.ap-northeast-2.amazonaws.com/products_image1/1116701_20.jpg","캐주얼,어반/모던,심플/베이직","S-총장 87cm/ 허리 31cm/ 힙 42cm/ 밑위 27cm/ 밑단 19cm
M-총장 88cm/ 허리 33cm/ 힙 44cm/ 밑위 28cm/ 밑단 20cm
L-총장 89cm/ 허리 35cm/ 힙 46cm/ 밑위 29cm/ 밑단 21cm
XL-총장 90cm/ 허리 37cm/ 힙 48cm/ 밑위 30cm/ 밑단 22cm",코튼97 스판3,없음,좋음,없음,베이직,"LIGHTBLUEJEAN, S,LIGHTBLUEJEAN, M,LIGHTBLUEJEAN, L,LIGHTBLUEJEAN, XL",http://www.ddmmarket.co.kr/Prod?m=S&c=Q215300310
바닐라제이,동대문,퀸즈스퀘어,Queens-4-24,TEL : 02-6970-7254 (HP : 010-8818-7254),40,1116423,790와이드팬츠,BOTTOM,여성 의류,하의,청바지,24000,대한민국,"https://sokodress.s3.ap-northeast-2.amazonaws.com/products_image1/1116423_0.jpg,https://sokodress.s3.ap-northeast-2.amazonaws.com/products_image1/1116423_1.jpg,https://sokodress.s3.ap-northeast-2.amazonaws.com/products_image1/1116423_2.jpg,https://sokodress.s3.ap-northeast-2.amazonaws.com/products_image1/1116423_3.jpg,https://sokodress.s3.ap-northeast-2.amazonaws.com/products_image1/1116423_4.jpg,https://sokodress.s3.ap-northeast-2.amazonaws.com/products_image1/1116423_5.jpg,https://sokodress.s3.ap-northeast-2.amazonaws.com/products_image1/1116423_6.jpg,https://sokodress.s3.ap-northeast-2.amazonaws.com/products_image1/1116423_7.jpg,https://sokodress.s3.ap-northeast-2.amazonaws.com/products_image1/1116423_8.jpg,https://sokodress.s3.ap-northeast-2.amazonaws.com/products_image1/1116423_9.jpg,https://sokodress.s3.ap-northeast-2.amazonaws.com/products_image1/1116423_10.jpg,https://sokodress.s3.ap-northeast-2.amazonaws.com/products_image1/1116423_11.jpg,https://sokodress.s3.ap-northeast-2.amazonaws.com/products_image1/1116423_12.jpg,https://sokodress.s3.ap-northeast-2.amazonaws.com/products_image1/1116423_13.jpg,https://sokodress.s3.ap-northeast-2.amazonaws.com/products_image1/1116423_14.jpg,https://sokodress.s3.ap-northeast-2.amazonaws.com/products_image1/1116423_15.jpg,https://sokodress.s3.ap-northeast-2.amazonaws.com/products_image1/1116423_16.jpg,https://sokodress.s3.ap-northeast-2.amazonaws.com/products_image1/1116423_17.jpg,https://sokodress.s3.ap-northeast-2.amazonaws.com/products_image1/1116423_18.jpg,https://sokodress.s3.ap-northeast-2.amazonaws.com/products_image1/1116423_19.jpg,https://sokodress.s3.ap-northeast-2.amazonaws.com/products_image1/1116423_20.jpg,https://sokodress.s3.ap-northeast-2.amazonaws.com/products_image1/1116423_21.jpg,https://sokodress.s3.ap-northeast-2.amazonaws.com/products_image1/1116423_22.jpg,https://sokodress.s3.ap-northeast-2.amazonaws.com/products_image1/1116423_23.jpg,https://sokodress.s3.ap-northeast-2.amazonaws.com/products_image1/1116423_24.jpg,https://sokodress.s3.ap-northeast-2.amazonaws.com/products_image1/1116423_25.jpg,https://sokodress.s3.ap-northeast-2.amazonaws.com/products_image1/1116423_26.jpg","캐주얼,어반/모던,심플/베이직","S 총장 99cm/ 허리 36cm/ 힙 42cm/ 밑위 28cm/ 밑단 21cm
M 총장 100cm/ 허리 38cm/ 힙 44cm/ 밑위 29cm/ 밑단 22cm
L 총장 101cm/ 허리 40cm/ 힙 46cm/ 밑위 30cm/ 밑단 23cm
XL 총장 102cm/ 허리 42cm/ 힙 48cm/ 밑위 31cm/ 밑단 24cm",면100,없음,없음,없음,루즈핏,"DARKBLUEJEAN, S,DARKBLUEJEAN, M,DARKBLUEJEAN, L,DARKBLUEJEAN, XL,LIGHTBLUEJEAN, S,LIGHTBLUEJEAN, M,LIGHTBLUEJEAN, L,LIGHTBLUEJEAN, XL",http://www.ddmmarket.co.kr/Prod?m=S&c=Q215300310
바닐라제이,동대문,퀸즈스퀘어,Queens-4-24,TEL : 02-6970-7254 (HP : 010-8818-7254),40,1115849,786슬림부츠컷,BOTTOM,여성 의류,하의,청바지,27000,대한민국,"https://sokodress.s3.ap-northeast-2.amazonaws.com/products_image1/1115849_0.jpg,https://sokodress.s3.ap-northeast-2.amazonaws.com/products_image1/1115849_1.jpg,https://sokodress.s3.ap-northeast-2.amazonaws.com/products_image1/1115849_2.jpg,https://sokodress.s3.ap-northeast-2.amazonaws.com/products_image1/1115849_3.jpg,https://sokodress.s3.ap-northeast-2.amazonaws.com/products_image1/1115849_4.jpg,https://sokodress.s3.ap-northeast-2.amazonaws.com/products_image1/1115849_5.jpg,https://sokodress.s3.ap-northeast-2.amazonaws.com/products_image1/1115849_6.jpg,https://sokodress.s3.ap-northeast-2.amazonaws.com/products_image1/1115849_7.jpg,https://sokodress.s3.ap-northeast-2.amazonaws.com/products_image1/1115849_8.jpg,https://sokodress.s3.ap-northeast-2.amazonaws.com/products_image1/1115849_9.jpg,https://sokodress.s3.ap-northeast-2.amazonaws.com/products_image1/1115849_10.jpg,https://sokodress.s3.ap-northeast-2.amazonaws.com/products_image1/1115849_11.jpg,https://sokodress.s3.ap-northeast-2.amazonaws.com/products_image1/1115849_12.jpg,https://sokodress.s3.ap-northeast-2.amazonaws.com/products_image1/1115849_13.jpg,https://sokodress.s3.ap-northeast-2.amazonaws.com/products_image1/1115849_14.jpg,https://sokodress.s3.ap-northeast-2.amazonaws.com/products_image1/1115849_15.jpg,https://sokodress.s3.ap-northeast-2.amazonaws.com/products_image1/1115849_16.jpg,https://sokodress.s3.ap-northeast-2.amazonaws.com/products_image1/1115849_17.jpg,https://sokodress.s3.ap-northeast-2.amazonaws.com/products_image1/1115849_18.jpg,https://sokodress.s3.ap-northeast-2.amazonaws.com/products_image1/1115849_19.jpg,https://sokodress.s3.ap-northeast-2.amazonaws.com/products_image1/1115849_20.jpg,https://sokodress.s3.ap-northeast-2.amazonaws.com/products_image1/1115849_21.jpg,https://sokodress.s3.ap-northeast-2.amazonaws.com/products_image1/1115849_22.jpg,https://sokodress.s3.ap-northeast-2.amazonaws.com/products_image1/1115849_23.jpg,https://sokodress.s3.ap-northeast-2.amazonaws.com/products_image1/1115849_24.jpg,https://sokodress.s3.ap-northeast-2.amazonaws.com/products_image1/1115849_25.jpg,https://sokodress.s3.ap-northeast-2.amazonaws.com/products_image1/1115849_26.jpg,https://sokodress.s3.ap-northeast-2.amazonaws.com/products_image1/1115849_27.jpg,https://sokodress.s3.ap-northeast-2.amazonaws.com/products_image1/1115849_28.jpg,https://sokodress.s3.ap-northeast-2.amazonaws.com/products_image1/1115849_29.jpg,https://sokodress.s3.ap-northeast-2.amazonaws.com/products_image1/1115849_30.jpg,https://sokodress.s3.ap-northeast-2.amazonaws.com/products_image1/1115849_31.jpg","캐주얼,어반/모던,심플/베이직","S 총장 92cm/ 허리 32cm/ 힙 35cm/ 밑위 25cm/ 밑단 16cm
M 총장 93cm/ 허리 34cm/ 힙 37cm/ 밑위 26cm/ 밑단 17cm
L 총장 94cm/ 허리 36cm/ 힙 39cm/ 밑위 27cm/ 밑단 18cm
XL 총장 95cm/ 허리 38cm/ 힙 41cm/ 밑위 28cm/ 밑단 19cm",면97 스판3,없음,좋음,없음,슬림핏,"DARKBLUEJEAN, S,DARKBLUEJEAN, M,DARKBLUEJEAN, L,DARKBLUEJEAN, XL,LIGHTBLUEJEAN, S,LIGHTBLUEJEAN, M,LIGHTBLUEJEAN, L,LIGHTBLUEJEAN, XL",http://www.ddmmarket.co.kr/Prod?m=S&c=Q215300310
바닐라제이,동대문,퀸즈스퀘어,Queens-4-24,TEL : 02-6970-7254 (HP : 010-8818-7254),40,1115848,791연청구제일자,BOTTOM,여성 의류,하의,청바지,27000,대한민국,"https://sokodress.s3.ap-northeast-2.amazonaws.com/products_image1/1115848_0.jpg,https://sokodress.s3.ap-northeast-2.amazonaws.com/products_image1/1115848_1.jpg,https://sokodress.s3.ap-northeast-2.amazonaws.com/products_image1/1115848_2.jpg,https://sokodress.s3.ap-northeast-2.amazonaws.com/products_image1/1115848_3.jpg,https://sokodress.s3.ap-northeast-2.amazonaws.com/products_image1/1115848_4.jpg,https://sokodress.s3.ap-northeast-2.amazonaws.com/products_image1/1115848_5.jpg,https://sokodress.s3.ap-northeast-2.amazonaws.com/products_image1/1115848_6.jpg,https://sokodress.s3.ap-northeast-2.amazonaws.com/products_image1/1115848_7.jpg,https://sokodress.s3.ap-northeast-2.amazonaws.com/products_image1/1115848_8.jpg,https://sokodress.s3.ap-northeast-2.amazonaws.com/products_image1/1115848_9.jpg,https://sokodress.s3.ap-northeast-2.amazonaws.com/products_image1/1115848_10.jpg,https://sokodress.s3.ap-northeast-2.amazonaws.com/products_image1/1115848_11.jpg,https://sokodress.s3.ap-northeast-2.amazonaws.com/products_image1/1115848_12.jpg,https://sokodress.s3.ap-northeast-2.amazonaws.com/products_image1/1115848_13.jpg,https://sokodress.s3.ap-northeast-2.amazonaws.com/products_image1/1115848_14.jpg,https://sokodress.s3.ap-northeast-2.amazonaws.com/products_image1/1115848_15.jpg,https://sokodress.s3.ap-northeast-2.amazonaws.com/products_image1/1115848_16.jpg,https://sokodress.s3.ap-northeast-2.amazonaws.com/products_image1/1115848_17.jpg,https://sokodress.s3.ap-northeast-2.amazonaws.com/products_image1/1115848_18.jpg,https://sokodress.s3.ap-northeast-2.amazonaws.com/products_image1/1115848_19.jpg,https://sokodress.s3.ap-northeast-2.amazonaws.com/products_image1/1115848_20.jpg,https://sokodress.s3.ap-northeast-2.amazonaws.com/products_image1/1115848_21.jpg,https://sokodress.s3.ap-northeast-2.amazonaws.com/products_image1/1115848_22.jpg,https://sokodress.s3.ap-northeast-2.amazonaws.com/products_image1/1115848_23.jpg,https://sokodress.s3.ap-northeast-2.amazonaws.com/products_image1/1115848_24.jpg,https://sokodress.s3.ap-northeast-2.amazonaws.com/products_image1/1115848_25.jpg,https://sokodress.s3.ap-northeast-2.amazonaws.com/products_image1/1115848_26.jpg,https://sokodress.s3.ap-northeast-2.amazonaws.com/products_image1/1115848_27.jpg,https://sokodress.s3.ap-northeast-2.amazonaws.com/products_image1/1115848_28.jpg","캐주얼,어반/모던,심플/베이직","S 총장 88cm/ 허리 31cm/ 힙 36cm/ 밑위 26cm/ 밑단 13cm
M 총장 89cm/ 허리 33cm/ 힙 38cm/ 밑위 27cm/ 밑단 14cm
L 총장 90cm/ 허리 35cm/ 힙 40cm/ 밑위 28cm/ 밑단 15cm
XL 총장 91cm/ 허리 37cm/ 힙 42cm/ 밑위 29cm/ 밑단 16cm",면98 스판2,없음,좋음,없음,슬림핏,"JEAN, S,JEAN, M,JEAN, L,JEAN, XL",http://www.ddmmarket.co.kr/Prod?m=S&c=Q215300310
바닐라제이,동대문,퀸즈스퀘어,Queens-4-24,TEL : 02-6970-7254 (HP : 010-8818-7254),40,1115847,787스노우워싱와이드,BOTTOM,여성 의류,하의,청바지,29000,대한민국,"https://sokodress.s3.ap-northeast-2.amazonaws.com/products_image1/1115847_0.jpg,https://sokodress.s3.ap-northeast-2.amazonaws.com/products_image1/1115847_1.jpg,https://sokodress.s3.ap-northeast-2.amazonaws.com/products_image1/1115847_2.jpg,https://sokodress.s3.ap-northeast-2.amazonaws.com/products_image1/1115847_3.jpg,https://sokodress.s3.ap-northeast-2.amazonaws.com/products_image1/1115847_4.jpg,https://sokodress.s3.ap-northeast-2.amazonaws.com/products_image1/1115847_5.jpg,https://sokodress.s3.ap-northeast-2.amazonaws.com/products_image1/1115847_6.jpg,https://sokodress.s3.ap-northeast-2.amazonaws.com/products_image1/1115847_7.jpg,https://sokodress.s3.ap-northeast-2.amazonaws.com/products_image1/1115847_8.jpg,https://sokodress.s3.ap-northeast-2.amazonaws.com/products_image1/1115847_9.jpg,https://sokodress.s3.ap-northeast-2.amazonaws.com/products_image1/1115847_10.jpg,https://sokodress.s3.ap-northeast-2.amazonaws.com/products_image1/1115847_11.jpg,https://sokodress.s3.ap-northeast-2.amazonaws.com/products_image1/1115847_12.jpg,https://sokodress.s3.ap-northeast-2.amazonaws.com/products_image1/1115847_13.jpg,https://sokodress.s3.ap-northeast-2.amazonaws.com/products_image1/1115847_14.jpg,https://sokodress.s3.ap-northeast-2.amazonaws.com/products_image1/1115847_15.jpg,https://sokodress.s3.ap-northeast-2.amazonaws.com/products_image1/1115847_16.jpg,https://sokodress.s3.ap-northeast-2.amazonaws.com/products_image1/1115847_17.jpg,https://sokodress.s3.ap-northeast-2.amazonaws.com/products_image1/1115847_18.jpg,https://sokodress.s3.ap-northeast-2.amazonaws.com/products_image1/1115847_19.jpg,https://sokodress.s3.ap-northeast-2.amazonaws.com/products_image1/1115847_20.jpg,https://sokodress.s3.ap-northeast-2.amazonaws.com/products_image1/1115847_21.jpg,https://sokodress.s3.ap-northeast-2.amazonaws.com/products_image1/1115847_22.jpg,https://sokodress.s3.ap-northeast-2.amazonaws.com/products_image1/1115847_23.jpg","캐주얼,어반/모던,심플/베이직","S 총장 98cm/ 허리 31cm/ 힙 41cm/ 밑위 28cm/ 밑단 18cm
M 총장 99cm/ 허리 33cm/ 힙 43cm/ 밑위 29cm/ 밑단 19cm
L 총장 100cm/ 허리 35cm/ 힙 45cm/ 밑위 30cm/ 밑단 20cm
XL 총장 101cm/ 허리 37cm/ 힙 47cm/ 밑위 31cm/ 밑단 21cm",면99 스판1,없음,약간,없음,루즈핏,"LIGHTBLUEJEAN, S,LIGHTBLUEJEAN, M,LIGHTBLUEJEAN, L,LIGHTBLUEJEAN, XL",http://www.ddmmarket.co.kr/Prod?m=S&c=Q215300310
바닐라제이,동대문,퀸즈스퀘어,Queens-4-24,TEL : 02-6970-7254 (HP : 010-8818-7254),40,1115846,775칼구제와이드,BOTTOM,여성 의류,하의,청바지,28000,대한민국,"https://sokodress.s3.ap-northeast-2.amazonaws.com/products_image1/1115846_0.jpg,https://sokodress.s3.ap-northeast-2.amazonaws.com/products_image1/1115846_1.jpg,https://sokodress.s3.ap-northeast-2.amazonaws.com/products_image1/1115846_2.jpg,https://sokodress.s3.ap-northeast-2.amazonaws.com/products_image1/1115846_3.jpg,https://sokodress.s3.ap-northeast-2.amazonaws.com/products_image1/1115846_4.jpg,https://sokodress.s3.ap-northeast-2.amazonaws.com/products_image1/1115846_5.jpg,https://sokodress.s3.ap-northeast-2.amazonaws.com/products_image1/1115846_6.jpg,https://sokodress.s3.ap-northeast-2.amazonaws.com/products_image1/1115846_7.jpg,https://sokodress.s3.ap-northeast-2.amazonaws.com/products_image1/1115846_8.jpg,https://sokodress.s3.ap-northeast-2.amazonaws.com/products_image1/1115846_9.jpg,https://sokodress.s3.ap-northeast-2.amazonaws.com/products_image1/1115846_10.jpg,https://sokodress.s3.ap-northeast-2.amazonaws.com/products_image1/1115846_11.jpg,https://sokodress.s3.ap-northeast-2.amazonaws.com/products_image1/1115846_12.jpg,https://sokodress.s3.ap-northeast-2.amazonaws.com/products_image1/1115846_13.jpg,https://sokodress.s3.ap-northeast-2.amazonaws.com/products_image1/1115846_14.jpg,https://sokodress.s3.ap-northeast-2.amazonaws.com/products_image1/1115846_15.jpg,https://sokodress.s3.ap-northeast-2.amazonaws.com/products_image1/1115846_16.jpg,https://sokodress.s3.ap-northeast-2.amazonaws.com/products_image1/1115846_17.jpg,https://sokodress.s3.ap-northeast-2.amazonaws.com/products_image1/1115846_18.jpg,https://sokodress.s3.ap-northeast-2.amazonaws.com/products_image1/1115846_19.jpg,https://sokodress.s3.ap-northeast-2.amazonaws.com/products_image1/1115846_20.jpg,https://sokodress.s3.ap-northeast-2.amazonaws.com/products_image1/1115846_21.jpg,https://sokodress.s3.ap-northeast-2.amazonaws.com/products_image1/1115846_22.jpg,https://sokodress.s3.ap-northeast-2.amazonaws.com/products_image1/1115846_23.jpg,https://sokodress.s3.ap-northeast-2.amazonaws.com/products_image1/1115846_24.jpg,https://sokodress.s3.ap-northeast-2.amazonaws.com/products_image1/1115846_25.jpg,https://sokodress.s3.ap-northeast-2.amazonaws.com/products_image1/1115846_26.jpg,https://sokodress.s3.ap-northeast-2.amazonaws.com/products_image1/1115846_27.jpg","캐주얼,어반/모던,심플/베이직","S 총장 97cm/ 허리 33cm/ 힙 42cm/ 밑위 28cm/ 밑단 19cm
M 총장 98cm/ 허리 35cm/ 힙 44cm/ 밑위 29cm/ 밑단 20cm
L 총장 99cm/ 허리 37cm/ 힙 46cm/ 밑위 30cm/ 밑단 21cm
XL 총장 100cm/ 허리 39cm/ 힙 48cm/ 밑위 31cm/ 밑단 22cm",면97 스판3,없음,좋음,없음,루즈핏,"JEAN, S,JEAN, M,JEAN, L,JEAN, XL",http://www.ddmmarket.co.kr/Prod?m=S&c=Q215300310
바닐라제이,동대문,퀸즈스퀘어,Queens-4-24,TEL : 02-6970-7254 (HP : 010-8818-7254),40,1115573,789데미지일자,BOTTOM,여성 의류,하의,청바지,28000,대한민국,"https://sokodress.s3.ap-northeast-2.amazonaws.com/products_image1/1115573_0.jpg,https://sokodress.s3.ap-northeast-2.amazonaws.com/products_image1/1115573_1.jpg,https://sokodress.s3.ap-northeast-2.amazonaws.com/products_image1/1115573_2.jpg,https://sokodress.s3.ap-northeast-2.amazonaws.com/products_image1/1115573_3.jpg,https://sokodress.s3.ap-northeast-2.amazonaws.com/products_image1/1115573_4.jpg,https://sokodress.s3.ap-northeast-2.amazonaws.com/products_image1/1115573_5.jpg,https://sokodress.s3.ap-northeast-2.amazonaws.com/products_image1/1115573_6.jpg,https://sokodress.s3.ap-northeast-2.amazonaws.com/products_image1/1115573_7.jpg,https://sokodress.s3.ap-northeast-2.amazonaws.com/products_image1/1115573_8.jpg,https://sokodress.s3.ap-northeast-2.amazonaws.com/products_image1/1115573_9.jpg,https://sokodress.s3.ap-northeast-2.amazonaws.com/products_image1/1115573_10.jpg,https://sokodress.s3.ap-northeast-2.amazonaws.com/products_image1/1115573_11.jpg,https://sokodress.s3.ap-northeast-2.amazonaws.com/products_image1/1115573_12.jpg,https://sokodress.s3.ap-northeast-2.amazonaws.com/products_image1/1115573_13.jpg,https://sokodress.s3.ap-northeast-2.amazonaws.com/products_image1/1115573_14.jpg,https://sokodress.s3.ap-northeast-2.amazonaws.com/products_image1/1115573_15.jpg,https://sokodress.s3.ap-northeast-2.amazonaws.com/products_image1/1115573_16.jpg,https://sokodress.s3.ap-northeast-2.amazonaws.com/products_image1/1115573_17.jpg,https://sokodress.s3.ap-northeast-2.amazonaws.com/products_image1/1115573_18.jpg,https://sokodress.s3.ap-northeast-2.amazonaws.com/products_image1/1115573_19.jpg,https://sokodress.s3.ap-northeast-2.amazonaws.com/products_image1/1115573_20.jpg,https://sokodress.s3.ap-northeast-2.amazonaws.com/products_image1/1115573_21.jpg,https://sokodress.s3.ap-northeast-2.amazonaws.com/products_image1/1115573_22.jpg,https://sokodress.s3.ap-northeast-2.amazonaws.com/products_image1/1115573_23.jpg,https://sokodress.s3.ap-northeast-2.amazonaws.com/products_image1/1115573_24.jpg,https://sokodress.s3.ap-northeast-2.amazonaws.com/products_image1/1115573_25.jpg,https://sokodress.s3.ap-northeast-2.amazonaws.com/products_image1/1115573_26.jpg,https://sokodress.s3.ap-northeast-2.amazonaws.com/products_image1/1115573_27.jpg,https://sokodress.s3.ap-northeast-2.amazonaws.com/products_image1/1115573_28.jpg","캐주얼,어반/모던,심플/베이직","S-총장 91cm/ 허리 32cm/ 힙 36cm/ 밑위 27cm/ 밑단 14cm
M-총장 92cm/ 허리 34cm/ 힙 38cm/ 밑위 28cm/ 밑단 15cm
L-총장 93cm/ 허리 36cm/ 힙 40cm/ 밑위 29cm/ 밑단 16cm
XL-총장 94cm/ 허리 38cm/ 힙 42cm/ 밑위 30cm/ 밑단 17cm",코튼99 스판1,없음,약간,없음,슬림핏,"JEAN, S,JEAN, M,JEAN, L,JEAN, XL",http://www.ddmmarket.co.kr/Prod?m=S&c=Q215300310
바닐라제이,동대문,퀸즈스퀘어,Queens-4-24,TEL : 02-6970-7254 (HP : 010-8818-7254),40,1115355,785블루스키니,BOTTOM,여성 의류,하의,청바지,25000,대한민국,"https://sokodress.s3.ap-northeast-2.amazonaws.com/products_image1/1115355_0.jpg,https://sokodress.s3.ap-northeast-2.amazonaws.com/products_image1/1115355_1.jpg,https://sokodress.s3.ap-northeast-2.amazonaws.com/products_image1/1115355_2.jpg,https://sokodress.s3.ap-northeast-2.amazonaws.com/products_image1/1115355_3.jpg,https://sokodress.s3.ap-northeast-2.amazonaws.com/products_image1/1115355_4.jpg,https://sokodress.s3.ap-northeast-2.amazonaws.com/products_image1/1115355_5.jpg,https://sokodress.s3.ap-northeast-2.amazonaws.com/products_image1/1115355_6.jpg,https://sokodress.s3.ap-northeast-2.amazonaws.com/products_image1/1115355_7.jpg,https://sokodress.s3.ap-northeast-2.amazonaws.com/products_image1/1115355_8.jpg,https://sokodress.s3.ap-northeast-2.amazonaws.com/products_image1/1115355_9.jpg,https://sokodress.s3.ap-northeast-2.amazonaws.com/products_image1/1115355_10.jpg,https://sokodress.s3.ap-northeast-2.amazonaws.com/products_image1/1115355_11.jpg,https://sokodress.s3.ap-northeast-2.amazonaws.com/products_image1/1115355_12.jpg,https://sokodress.s3.ap-northeast-2.amazonaws.com/products_image1/1115355_13.jpg,https://sokodress.s3.ap-northeast-2.amazonaws.com/products_image1/1115355_14.jpg,https://sokodress.s3.ap-northeast-2.amazonaws.com/products_image1/1115355_15.jpg,https://sokodress.s3.ap-northeast-2.amazonaws.com/products_image1/1115355_16.jpg,https://sokodress.s3.ap-northeast-2.amazonaws.com/products_image1/1115355_17.jpg,https://sokodress.s3.ap-northeast-2.amazonaws.com/products_image1/1115355_18.jpg,https://sokodress.s3.ap-northeast-2.amazonaws.com/products_image1/1115355_19.jpg,https://sokodress.s3.ap-northeast-2.amazonaws.com/products_image1/1115355_20.jpg,https://sokodress.s3.ap-northeast-2.amazonaws.com/products_image1/1115355_21.jpg,https://sokodress.s3.ap-northeast-2.amazonaws.com/products_image1/1115355_22.jpg,https://sokodress.s3.ap-northeast-2.amazonaws.com/products_image1/1115355_23.jpg","캐주얼,어반/모던,심플/베이직","S 총장 90cm/ 허리 30cm/ 힙 35cm/ 밑위 26cm/ 밑단 12cm
M 총장 91cm/ 허리 32cm/ 힙 37cm/ 밑위 27cm/ 밑단 13cm
L 총장 92cm/ 허리 34cm/ 힙 39cm/ 밑위 28cm/ 밑단 14cm
XL 총장 93cm/ 허리 36cm/ 힙 41cm/ 밑위 29cm/ 밑단 15cm",코튼97 스판3,없음,좋음,없음,슬림핏,"JEAN, S,JEAN, M,JEAN, L,JEAN, XL",http://www.ddmmarket.co.kr/Prod?m=S&c=Q215300310
바닐라제이,동대문,퀸즈스퀘어,Queens-4-24,TEL : 02-6970-7254 (HP : 010-8818-7254),40,1114910,749청옆트임부츠컷,BOTTOM,여성 의류,하의,청바지,26000,대한민국,"https://sokodress.s3.ap-northeast-2.amazonaws.com/products_image1/1114910_0.jpg,https://sokodress.s3.ap-northeast-2.amazonaws.com/products_image1/1114910_1.jpg,https://sokodress.s3.ap-northeast-2.amazonaws.com/products_image1/1114910_2.jpg,https://sokodress.s3.ap-northeast-2.amazonaws.com/products_image1/1114910_3.jpg,https://sokodress.s3.ap-northeast-2.amazonaws.com/products_image1/1114910_4.jpg,https://sokodress.s3.ap-northeast-2.amazonaws.com/products_image1/1114910_5.jpg,https://sokodress.s3.ap-northeast-2.amazonaws.com/products_image1/1114910_6.jpg,https://sokodress.s3.ap-northeast-2.amazonaws.com/products_image1/1114910_7.jpg,https://sokodress.s3.ap-northeast-2.amazonaws.com/products_image1/1114910_8.jpg,https://sokodress.s3.ap-northeast-2.amazonaws.com/products_image1/1114910_9.jpg,https://sokodress.s3.ap-northeast-2.amazonaws.com/products_image1/1114910_10.jpg,https://sokodress.s3.ap-northeast-2.amazonaws.com/products_image1/1114910_11.jpg,https://sokodress.s3.ap-northeast-2.amazonaws.com/products_image1/1114910_12.jpg,https://sokodress.s3.ap-northeast-2.amazonaws.com/products_image1/1114910_13.jpg,https://sokodress.s3.ap-northeast-2.amazonaws.com/products_image1/1114910_14.jpg,https://sokodress.s3.ap-northeast-2.amazonaws.com/products_image1/1114910_15.jpg,https://sokodress.s3.ap-northeast-2.amazonaws.com/products_image1/1114910_16.jpg,https://sokodress.s3.ap-northeast-2.amazonaws.com/products_image1/1114910_17.jpg,https://sokodress.s3.ap-northeast-2.amazonaws.com/products_image1/1114910_18.jpg","캐주얼,어반/모던,심플/베이직","S 총장 92cm/ 허리 30cm/ 힙 37cm/ 밑위 26cm/ 밑단 17cm
M 총장 93cm/ 허리 32cm/ 힙 39cm/ 밑위 27cm/ 밑단 18cm
L 총장 94cm/ 허리 34cm/ 힙 41cm/ 밑위 28cm/ 밑단 19cm
XL 총장 95cm/ 허리 36cm/ 힙 43cm/ 밑위 29cm/ 밑단 20cm",코튼97 스판3,없음,좋음,없음,슬림핏,"JEAN, S,JEAN, M,JEAN, L,JEAN, XL",http://www.ddmmarket.co.kr/Prod?m=S&c=Q215300310
바닐라제이,동대문,퀸즈스퀘어,Queens-4-24,TEL : 02-6970-7254 (HP : 010-8818-7254),40,1113642,783부츠컷,BOTTOM,여성 의류,하의,청바지,28000,대한민국,"https://sokodress.s3.ap-northeast-2.amazonaws.com/products_image1/1113642_0.jpg,https://sokodress.s3.ap-northeast-2.amazonaws.com/products_image1/1113642_1.jpg,https://sokodress.s3.ap-northeast-2.amazonaws.com/products_image1/1113642_2.jpg,https://sokodress.s3.ap-northeast-2.amazonaws.com/products_image1/1113642_3.jpg,https://sokodress.s3.ap-northeast-2.amazonaws.com/products_image1/1113642_4.jpg,https://sokodress.s3.ap-northeast-2.amazonaws.com/products_image1/1113642_5.jpg,https://sokodress.s3.ap-northeast-2.amazonaws.com/products_image1/1113642_6.jpg,https://sokodress.s3.ap-northeast-2.amazonaws.com/products_image1/1113642_7.jpg,https://sokodress.s3.ap-northeast-2.amazonaws.com/products_image1/1113642_8.jpg,https://sokodress.s3.ap-northeast-2.amazonaws.com/products_image1/1113642_9.jpg,https://sokodress.s3.ap-northeast-2.amazonaws.com/products_image1/1113642_10.jpg,https://sokodress.s3.ap-northeast-2.amazonaws.com/products_image1/1113642_11.jpg,https://sokodress.s3.ap-northeast-2.amazonaws.com/products_image1/1113642_12.jpg,https://sokodress.s3.ap-northeast-2.amazonaws.com/products_image1/1113642_13.jpg,https://sokodress.s3.ap-northeast-2.amazonaws.com/products_image1/1113642_14.jpg","캐주얼,어반/모던","S 총장 88cm/ 허리 32cm/ 힙 37cm/ 밑위 25cm/ 밑단 17cm
M 총장 89cm/ 허리 34cm/ 힙 39cm/ 밑위 26cm/ 밑단 18cm
L 총장 90cm/ 허리 36cm/ 힙 41cm/ 밑위 27cm/ 밑단 19cm
XL 총장 91cm/ 허리 38cm/ 힙 43cm/ 밑위 28cm/ 밑단 20cm",코튼97 스판3,없음,좋음,없음,슬림핏,"JEAN, S,JEAN, M,JEAN, L,JEAN, XL",http://www.ddmmarket.co.kr/Prod?m=S&c=Q215300310
바닐라제이,동대문,퀸즈스퀘어,Queens-4-24,TEL : 02-6970-7254 (HP : 010-8818-7254),40,1113637,750옆트임부츠컷,BOTTOM,여성 의류,하의,청바지,25000,대한민국,"https://sokodress.s3.ap-northeast-2.amazonaws.com/products_image1/1113637_0.jpg,https://sokodress.s3.ap-northeast-2.amazonaws.com/products_image1/1113637_1.jpg,https://sokodress.s3.ap-northeast-2.amazonaws.com/products_image1/1113637_2.jpg,https://sokodress.s3.ap-northeast-2.amazonaws.com/products_image1/1113637_3.jpg,https://sokodress.s3.ap-northeast-2.amazonaws.com/products_image1/1113637_4.jpg,https://sokodress.s3.ap-northeast-2.amazonaws.com/products_image1/1113637_5.jpg,https://sokodress.s3.ap-northeast-2.amazonaws.com/products_image1/1113637_6.jpg,https://sokodress.s3.ap-northeast-2.amazonaws.com/products_image1/1113637_7.jpg,https://sokodress.s3.ap-northeast-2.amazonaws.com/products_image1/1113637_8.jpg,https://sokodress.s3.ap-northeast-2.amazonaws.com/products_image1/1113637_9.jpg,https://sokodress.s3.ap-northeast-2.amazonaws.com/products_image1/1113637_10.jpg,https://sokodress.s3.ap-northeast-2.amazonaws.com/products_image1/1113637_11.jpg,https://sokodress.s3.ap-northeast-2.amazonaws.com/products_image1/1113637_12.jpg,https://sokodress.s3.ap-northeast-2.amazonaws.com/products_image1/1113637_13.jpg,https://sokodress.s3.ap-northeast-2.amazonaws.com/products_image1/1113637_14.jpg,https://sokodress.s3.ap-northeast-2.amazonaws.com/products_image1/1113637_15.jpg,https://sokodress.s3.ap-northeast-2.amazonaws.com/products_image1/1113637_16.jpg,https://sokodress.s3.ap-northeast-2.amazonaws.com/products_image1/1113637_17.jpg,https://sokodress.s3.ap-northeast-2.amazonaws.com/products_image1/1113637_18.jpg","캐주얼,어반/모던,심플/베이직","S 총장 95cm/ 허리 34cm/ 힙 41cm/ 밑위 27cm/ 밑단 18cm
M 총장 96cm/ 허리 36cm/ 힙 43cm/ 밑위 28cm/ 밑단 19cm
L 총장 97cm/ 허리 38cm/ 힙 45cm/ 밑위 29cm/ 밑단 20cm
XL 총장 98cm/ 허리 40cm/ 힙 47cm/ 밑위 30cm/ 밑단 21cm",코튼98 스판2,없음,좋음,없음,루즈핏,"BLACK, S,BLACK, M,BLACK, L,BLACK, XL,DARKBLUEJEAN, S,DARKBLUEJEAN, M,DARKBLUEJEAN, L,DARKBLUEJEAN, XL,LIGHTBLUEJEAN, S,LIGHTBLUEJEAN, M,LIGHTBLUEJEAN, L,LIGHTBLUEJEAN, XL",http://www.ddmmarket.co.kr/Prod?m=S&c=Q215300310
바닐라제이,동대문,퀸즈스퀘어,Queens-4-24,TEL : 02-6970-7254 (HP : 010-8818-7254),40,1113427,776카치온배기,BOTTOM,여성 의류,하의,청바지,23000,대한민국,"https://sokodress.s3.ap-northeast-2.amazonaws.com/products_image1/1113427_0.jpg,https://sokodress.s3.ap-northeast-2.amazonaws.com/products_image1/1113427_1.jpg,https://sokodress.s3.ap-northeast-2.amazonaws.com/products_image1/1113427_2.jpg,https://sokodress.s3.ap-northeast-2.amazonaws.com/products_image1/1113427_3.jpg,https://sokodress.s3.ap-northeast-2.amazonaws.com/products_image1/1113427_4.jpg,https://sokodress.s3.ap-northeast-2.amazonaws.com/products_image1/1113427_5.jpg,https://sokodress.s3.ap-northeast-2.amazonaws.com/products_image1/1113427_6.jpg,https://sokodress.s3.ap-northeast-2.amazonaws.com/products_image1/1113427_7.jpg,https://sokodress.s3.ap-northeast-2.amazonaws.com/products_image1/1113427_8.jpg,https://sokodress.s3.ap-northeast-2.amazonaws.com/products_image1/1113427_9.jpg,https://sokodress.s3.ap-northeast-2.amazonaws.com/products_image1/1113427_10.jpg,https://sokodress.s3.ap-northeast-2.amazonaws.com/products_image1/1113427_11.jpg,https://sokodress.s3.ap-northeast-2.amazonaws.com/products_image1/1113427_12.jpg,https://sokodress.s3.ap-northeast-2.amazonaws.com/products_image1/1113427_13.jpg,https://sokodress.s3.ap-northeast-2.amazonaws.com/products_image1/1113427_14.jpg,https://sokodress.s3.ap-northeast-2.amazonaws.com/products_image1/1113427_15.jpg,https://sokodress.s3.ap-northeast-2.amazonaws.com/products_image1/1113427_16.jpg,https://sokodress.s3.ap-northeast-2.amazonaws.com/products_image1/1113427_17.jpg,https://sokodress.s3.ap-northeast-2.amazonaws.com/products_image1/1113427_18.jpg,https://sokodress.s3.ap-northeast-2.amazonaws.com/products_image1/1113427_19.jpg,https://sokodress.s3.ap-northeast-2.amazonaws.com/products_image1/1113427_20.jpg,https://sokodress.s3.ap-northeast-2.amazonaws.com/products_image1/1113427_21.jpg,https://sokodress.s3.ap-northeast-2.amazonaws.com/products_image1/1113427_22.jpg,https://sokodress.s3.ap-northeast-2.amazonaws.com/products_image1/1113427_23.jpg,https://sokodress.s3.ap-northeast-2.amazonaws.com/products_image1/1113427_24.jpg,https://sokodress.s3.ap-northeast-2.amazonaws.com/products_image1/1113427_25.jpg,https://sokodress.s3.ap-northeast-2.amazonaws.com/products_image1/1113427_26.jpg,https://sokodress.s3.ap-northeast-2.amazonaws.com/products_image1/1113427_27.jpg,https://sokodress.s3.ap-northeast-2.amazonaws.com/products_image1/1113427_28.jpg,https://sokodress.s3.ap-northeast-2.amazonaws.com/products_image1/1113427_29.jpg,https://sokodress.s3.ap-northeast-2.amazonaws.com/products_image1/1113427_30.jpg,https://sokodress.s3.ap-northeast-2.amazonaws.com/products_image1/1113427_31.jpg,https://sokodress.s3.ap-northeast-2.amazonaws.com/products_image1/1113427_32.jpg,https://sokodress.s3.ap-northeast-2.amazonaws.com/products_image1/1113427_33.jpg,https://sokodress.s3.ap-northeast-2.amazonaws.com/products_image1/1113427_34.jpg,https://sokodress.s3.ap-northeast-2.amazonaws.com/products_image1/1113427_35.jpg","캐주얼,어반/모던,심플/베이직","S 총장 90cm/ 허리 35cm/ 힙 40cm/ 밑위 26cm/ 밑단 13cm
M 총장 91cm/ 허리 37cm/ 힙 42cm/ 밑위 27cm/ 밑단 14cm
L 총장 92cm/ 허리 39cm/ 힙 44cm/ 밑위 28cm/ 밑단 15cm
XL 총장 93cm/ 허리 41cm/ 힙 46cm/ 밑위 29cm/ 밑단 16cm",코튼97 스판3,없음,좋음,없음,베이직,"BEIGE, S,BEIGE, M,BEIGE, L,BEIGE, XL,BLACK, S,BLACK, M,BLACK, L,BLACK, XL,GRAY, S,GRAY, M,GRAY, L,GRAY, XL,IVORY, S,IVORY, M,IVORY, L,IVORY, XL",http://www.ddmmarket.co.kr/Prod?m=S&c=Q215300310
바닐라제이,동대문,퀸즈스퀘어,Queens-4-24,TEL : 02-6970-7254 (HP : 010-8818-7254),40,1113324,1010뒷트임스커트,BOTTOM,여성 의류,하의,청바지,25000,대한민국,"https://sokodress.s3.ap-northeast-2.amazonaws.com/products_image1/1113324_0.jpg,https://sokodress.s3.ap-northeast-2.amazonaws.com/products_image1/1113324_1.jpg,https://sokodress.s3.ap-northeast-2.amazonaws.com/products_image1/1113324_2.jpg,https://sokodress.s3.ap-northeast-2.amazonaws.com/products_image1/1113324_3.jpg,https://sokodress.s3.ap-northeast-2.amazonaws.com/products_image1/1113324_4.jpg,https://sokodress.s3.ap-northeast-2.amazonaws.com/products_image1/1113324_5.jpg,https://sokodress.s3.ap-northeast-2.amazonaws.com/products_image1/1113324_6.jpg,https://sokodress.s3.ap-northeast-2.amazonaws.com/products_image1/1113324_7.jpg,https://sokodress.s3.ap-northeast-2.amazonaws.com/products_image1/1113324_8.jpg,https://sokodress.s3.ap-northeast-2.amazonaws.com/products_image1/1113324_9.jpg,https://sokodress.s3.ap-northeast-2.amazonaws.com/products_image1/1113324_10.jpg,https://sokodress.s3.ap-northeast-2.amazonaws.com/products_image1/1113324_11.jpg,https://sokodress.s3.ap-northeast-2.amazonaws.com/products_image1/1113324_12.jpg,https://sokodress.s3.ap-northeast-2.amazonaws.com/products_image1/1113324_13.jpg,https://sokodress.s3.ap-northeast-2.amazonaws.com/products_image1/1113324_14.jpg,https://sokodress.s3.ap-northeast-2.amazonaws.com/products_image1/1113324_15.jpg,https://sokodress.s3.ap-northeast-2.amazonaws.com/products_image1/1113324_16.jpg,https://sokodress.s3.ap-northeast-2.amazonaws.com/products_image1/1113324_17.jpg,https://sokodress.s3.ap-northeast-2.amazonaws.com/products_image1/1113324_18.jpg,https://sokodress.s3.ap-northeast-2.amazonaws.com/products_image1/1113324_19.jpg,https://sokodress.s3.ap-northeast-2.amazonaws.com/products_image1/1113324_20.jpg,https://sokodress.s3.ap-northeast-2.amazonaws.com/products_image1/1113324_21.jpg,https://sokodress.s3.ap-northeast-2.amazonaws.com/products_image1/1113324_22.jpg,https://sokodress.s3.ap-northeast-2.amazonaws.com/products_image1/1113324_23.jpg,https://sokodress.s3.ap-northeast-2.amazonaws.com/products_image1/1113324_24.jpg,https://sokodress.s3.ap-northeast-2.amazonaws.com/products_image1/1113324_25.jpg,https://sokodress.s3.ap-northeast-2.amazonaws.com/products_image1/1113324_26.jpg","캐주얼,어반/모던,심플/베이직","S-총장 74cm/ 허리 33cm/ 힙 42cm/ 밑단 41cm
M-총장 75cm/ 허리 35cm/ 힙 44cm/ 밑단 42cm
L-총장 76cm/ 허리 37cm/ 힙 46cm/ 밑단 43cm",코튼98 스판2,없음,좋음,없음,베이직,"DARKBLUEJEAN, S,DARKBLUEJEAN, M,DARKBLUEJEAN, L,LIGHTBLUEJEAN, S,LIGHTBLUEJEAN, M,LIGHTBLUEJEAN, L",http://www.ddmmarket.co.kr/Prod?m=S&c=Q215300310
바닐라제이,동대문,퀸즈스퀘어,Queens-4-24,TEL : 02-6970-7254 (HP : 010-8818-7254),40,1113323,778투버튼슬림일자,BOTTOM,여성 의류,하의,청바지,27000,대한민국,"https://sokodress.s3.ap-northeast-2.amazonaws.com/products_image1/1113323_0.jpg,https://sokodress.s3.ap-northeast-2.amazonaws.com/products_image1/1113323_1.jpg,https://sokodress.s3.ap-northeast-2.amazonaws.com/products_image1/1113323_2.jpg,https://sokodress.s3.ap-northeast-2.amazonaws.com/products_image1/1113323_3.jpg,https://sokodress.s3.ap-northeast-2.amazonaws.com/products_image1/1113323_4.jpg,https://sokodress.s3.ap-northeast-2.amazonaws.com/products_image1/1113323_5.jpg,https://sokodress.s3.ap-northeast-2.amazonaws.com/products_image1/1113323_6.jpg,https://sokodress.s3.ap-northeast-2.amazonaws.com/products_image1/1113323_7.jpg,https://sokodress.s3.ap-northeast-2.amazonaws.com/products_image1/1113323_8.jpg,https://sokodress.s3.ap-northeast-2.amazonaws.com/products_image1/1113323_9.jpg,https://sokodress.s3.ap-northeast-2.amazonaws.com/products_image1/1113323_10.jpg,https://sokodress.s3.ap-northeast-2.amazonaws.com/products_image1/1113323_11.jpg,https://sokodress.s3.ap-northeast-2.amazonaws.com/products_image1/1113323_12.jpg,https://sokodress.s3.ap-northeast-2.amazonaws.com/products_image1/1113323_13.jpg,https://sokodress.s3.ap-northeast-2.amazonaws.com/products_image1/1113323_14.jpg","캐주얼,어반/모던,심플/베이직","S 총장 93cm/ 허리 30cm/ 힙 36cm/ 밑위 27cm/ 밑단 13cm
M 총장 94cm/ 허리 32cm/ 힙 38cm/ 밑위 28cm/ 밑단 14cm
L 총장 95cm/ 허리 34cm/ 힙 40cm/ 밑위 29cm/ 밑단 15cm
XL 총장 96cm/ 허리 36cm/ 힙 42cm/ 밑위 30cm/ 밑단 16cm",코튼97 스판3,없음,좋음,없음,슬림핏,"JEAN, S,JEAN, M,JEAN, L,JEAN, XL",http://www.ddmmarket.co.kr/Prod?m=S&c=Q215300310
바닐라제이,동대문,퀸즈스퀘어,Queens-4-24,TEL : 02-6970-7254 (HP : 010-8818-7254),40,1113166,784슬림일자,BOTTOM,여성 의류,하의,청바지,25000,,"https://sokodress.s3.ap-northeast-2.amazonaws.com/products_image1/1113166_0.jpg,https://sokodress.s3.ap-northeast-2.amazonaws.com/products_image1/1113166_1.jpg,https://sokodress.s3.ap-northeast-2.amazonaws.com/products_image1/1113166_2.jpg,https://sokodress.s3.ap-northeast-2.amazonaws.com/products_image1/1113166_3.jpg,https://sokodress.s3.ap-northeast-2.amazonaws.com/products_image1/1113166_4.jpg,https://sokodress.s3.ap-northeast-2.amazonaws.com/products_image1/1113166_5.jpg,https://sokodress.s3.ap-northeast-2.amazonaws.com/products_image1/1113166_6.jpg,https://sokodress.s3.ap-northeast-2.amazonaws.com/products_image1/1113166_7.jpg,https://sokodress.s3.ap-northeast-2.amazonaws.com/products_image1/1113166_8.jpg,https://sokodress.s3.ap-northeast-2.amazonaws.com/products_image1/1113166_9.jpg,https://sokodress.s3.ap-northeast-2.amazonaws.com/products_image1/1113166_10.jpg,https://sokodress.s3.ap-northeast-2.amazonaws.com/products_image1/1113166_11.jpg,https://sokodress.s3.ap-northeast-2.amazonaws.com/products_image1/1113166_12.jpg,https://sokodress.s3.ap-northeast-2.amazonaws.com/products_image1/1113166_13.jpg,https://sokodress.s3.ap-northeast-2.amazonaws.com/products_image1/1113166_14.jpg,https://sokodress.s3.ap-northeast-2.amazonaws.com/products_image1/1113166_15.jpg,https://sokodress.s3.ap-northeast-2.amazonaws.com/products_image1/1113166_16.jpg,https://sokodress.s3.ap-northeast-2.amazonaws.com/products_image1/1113166_17.jpg,https://sokodress.s3.ap-northeast-2.amazonaws.com/products_image1/1113166_18.jpg,https://sokodress.s3.ap-northeast-2.amazonaws.com/products_image1/1113166_19.jpg,https://sokodress.s3.ap-northeast-2.amazonaws.com/products_image1/1113166_20.jpg,https://sokodress.s3.ap-northeast-2.amazonaws.com/products_image1/1113166_21.jpg,https://sokodress.s3.ap-northeast-2.amazonaws.com/products_image1/1113166_22.jpg,https://sokodress.s3.ap-northeast-2.amazonaws.com/products_image1/1113166_23.jpg,https://sokodress.s3.ap-northeast-2.amazonaws.com/products_image1/1113166_24.jpg","캐주얼,어반/모던,심플/베이직","S 총장 89cm/ 허리 33cm/ 힙 35cm/ 밑위 25cm/ 밑단 13cm
M 총장 90cm/ 허리 35cm/ 힙 37cm/ 밑위 26cm/ 밑단 14cm
L 총장 91cm/ 허리 37cm/ 힙 39cm/ 밑위 27cm/ 밑단 15cm
XL 총장 92cm/ 허리 39cm/ 힙 41cm/ 밑위 28cm/ 밑단 16cm",면97 스판3,없음,좋음,없음,슬림핏,"BLACK, S,BLACK, M,BLACK, L,BLACK, XL,JEAN, S,JEAN, M,JEAN, L,JEAN, XL",http://www.ddmmarket.co.kr/Prod?m=S&c=Q215300310
바닐라제이,동대문,퀸즈스퀘어,Queens-4-24,TEL : 02-6970-7254 (HP : 010-8818-7254),40,1113165,735와이드일자,BOTTOM,여성 의류,하의,청바지,27000,대한민국,"https://sokodress.s3.ap-northeast-2.amazonaws.com/products_image1/1113165_0.jpg,https://sokodress.s3.ap-northeast-2.amazonaws.com/products_image1/1113165_1.jpg,https://sokodress.s3.ap-northeast-2.amazonaws.com/products_image1/1113165_2.jpg,https://sokodress.s3.ap-northeast-2.amazonaws.com/products_image1/1113165_3.jpg,https://sokodress.s3.ap-northeast-2.amazonaws.com/products_image1/1113165_4.jpg,https://sokodress.s3.ap-northeast-2.amazonaws.com/products_image1/1113165_5.jpg,https://sokodress.s3.ap-northeast-2.amazonaws.com/products_image1/1113165_6.jpg,https://sokodress.s3.ap-northeast-2.amazonaws.com/products_image1/1113165_7.jpg,https://sokodress.s3.ap-northeast-2.amazonaws.com/products_image1/1113165_8.jpg,https://sokodress.s3.ap-northeast-2.amazonaws.com/products_image1/1113165_9.jpg,https://sokodress.s3.ap-northeast-2.amazonaws.com/products_image1/1113165_10.jpg,https://sokodress.s3.ap-northeast-2.amazonaws.com/products_image1/1113165_11.jpg,https://sokodress.s3.ap-northeast-2.amazonaws.com/products_image1/1113165_12.jpg,https://sokodress.s3.ap-northeast-2.amazonaws.com/products_image1/1113165_13.jpg,https://sokodress.s3.ap-northeast-2.amazonaws.com/products_image1/1113165_14.jpg,https://sokodress.s3.ap-northeast-2.amazonaws.com/products_image1/1113165_15.jpg,https://sokodress.s3.ap-northeast-2.amazonaws.com/products_image1/1113165_16.jpg,https://sokodress.s3.ap-northeast-2.amazonaws.com/products_image1/1113165_17.jpg,https://sokodress.s3.ap-northeast-2.amazonaws.com/products_image1/1113165_18.jpg,https://sokodress.s3.ap-northeast-2.amazonaws.com/products_image1/1113165_19.jpg,https://sokodress.s3.ap-northeast-2.amazonaws.com/products_image1/1113165_20.jpg,https://sokodress.s3.ap-northeast-2.amazonaws.com/products_image1/1113165_21.jpg,https://sokodress.s3.ap-northeast-2.amazonaws.com/products_image1/1113165_22.jpg","캐주얼,어반/모던,심플/베이직","S 총장 95cm/ 허리 32cm/ 힙 40cm/ 밑위 28cm/ 밑단 18cm
M 총장 96cm/ 허리 34cm/ 힙 42cm/ 밑위 29cm/ 밑단 19cm
L 총장 97cm/ 허리 36cm/ 힙 44cm/ 밑위 30cm/ 밑단 20cm
XL 총장 98cm/ 허리 38cm/ 힙 46cm/ 밑위 31cm/ 밑단 21cm",면99 스판1,없음,약간,없음,루즈핏,"DARKBLUEJEAN, S,DARKBLUEJEAN, M,DARKBLUEJEAN, L,DARKBLUEJEAN, XL,LIGHTBLUEJEAN, S,LIGHTBLUEJEAN, M,LIGHTBLUEJEAN, L,LIGHTBLUEJEAN, XL",http://www.ddmmarket.co.kr/Prod?m=S&c=Q215300310
바닐라제이,동대문,퀸즈스퀘어,Queens-4-24,TEL : 02-6970-7254 (HP : 010-8818-7254),40,1113097,781구제슬림배기,BOTTOM,여성 의류,하의,청바지,28000,대한민국,"https://sokodress.s3.ap-northeast-2.amazonaws.com/products_image1/1113097_0.jpg,https://sokodress.s3.ap-northeast-2.amazonaws.com/products_image1/1113097_1.jpg,https://sokodress.s3.ap-northeast-2.amazonaws.com/products_image1/1113097_2.jpg,https://sokodress.s3.ap-northeast-2.amazonaws.com/products_image1/1113097_3.jpg,https://sokodress.s3.ap-northeast-2.amazonaws.com/products_image1/1113097_4.jpg,https://sokodress.s3.ap-northeast-2.amazonaws.com/products_image1/1113097_5.jpg,https://sokodress.s3.ap-northeast-2.amazonaws.com/products_image1/1113097_6.jpg,https://sokodress.s3.ap-northeast-2.amazonaws.com/products_image1/1113097_7.jpg,https://sokodress.s3.ap-northeast-2.amazonaws.com/products_image1/1113097_8.jpg,https://sokodress.s3.ap-northeast-2.amazonaws.com/products_image1/1113097_9.jpg,https://sokodress.s3.ap-northeast-2.amazonaws.com/products_image1/1113097_10.jpg,https://sokodress.s3.ap-northeast-2.amazonaws.com/products_image1/1113097_11.jpg,https://sokodress.s3.ap-northeast-2.amazonaws.com/products_image1/1113097_12.jpg,https://sokodress.s3.ap-northeast-2.amazonaws.com/products_image1/1113097_13.jpg,https://sokodress.s3.ap-northeast-2.amazonaws.com/products_image1/1113097_14.jpg,https://sokodress.s3.ap-northeast-2.amazonaws.com/products_image1/1113097_15.jpg,https://sokodress.s3.ap-northeast-2.amazonaws.com/products_image1/1113097_16.jpg","캐주얼,심플/베이직","S총장 91cm/ 허리 34cm/ 힙 45cm/ 밑위 26cm/ 밑단 15cm
M총장 92cm/ 허리 36cm/ 힙 47cm/ 밑위 27cm/ 밑단 16cm
L총장 93cm/ 허리 38cm/ 힙 49cm/ 밑위 28cm/ 밑단 17cm
XL총장 94cm/ 허리 40cm/ 힙 51cm/ 밑위 29cm/ 밑단 18cm",코튼98 스판2,없음,좋음,없음,베이직,"JEAN, S,JEAN, M,JEAN, L,JEAN, XL",http://www.ddmmarket.co.kr/Prod?m=S&c=Q215300310
바닐라제이,동대문,퀸즈스퀘어,Queens-4-24,TEL : 02-6970-7254 (HP : 010-8818-7254),40,1112878,770슬림일자,BOTTOM,여성 의류,하의,청바지,25000,대한민국,"https://sokodress.s3.ap-northeast-2.amazonaws.com/products_image1/1112878_0.jpg,https://sokodress.s3.ap-northeast-2.amazonaws.com/products_image1/1112878_1.jpg,https://sokodress.s3.ap-northeast-2.amazonaws.com/products_image1/1112878_2.jpg,https://sokodress.s3.ap-northeast-2.amazonaws.com/products_image1/1112878_3.jpg,https://sokodress.s3.ap-northeast-2.amazonaws.com/products_image1/1112878_4.jpg,https://sokodress.s3.ap-northeast-2.amazonaws.com/products_image1/1112878_5.jpg,https://sokodress.s3.ap-northeast-2.amazonaws.com/products_image1/1112878_6.jpg,https://sokodress.s3.ap-northeast-2.amazonaws.com/products_image1/1112878_7.jpg,https://sokodress.s3.ap-northeast-2.amazonaws.com/products_image1/1112878_8.jpg,https://sokodress.s3.ap-northeast-2.amazonaws.com/products_image1/1112878_9.jpg,https://sokodress.s3.ap-northeast-2.amazonaws.com/products_image1/1112878_10.jpg,https://sokodress.s3.ap-northeast-2.amazonaws.com/products_image1/1112878_11.jpg,https://sokodress.s3.ap-northeast-2.amazonaws.com/products_image1/1112878_12.jpg,https://sokodress.s3.ap-northeast-2.amazonaws.com/products_image1/1112878_13.jpg,https://sokodress.s3.ap-northeast-2.amazonaws.com/products_image1/1112878_14.jpg,https://sokodress.s3.ap-northeast-2.amazonaws.com/products_image1/1112878_15.jpg,https://sokodress.s3.ap-northeast-2.amazonaws.com/products_image1/1112878_16.jpg,https://sokodress.s3.ap-northeast-2.amazonaws.com/products_image1/1112878_17.jpg,https://sokodress.s3.ap-northeast-2.amazonaws.com/products_image1/1112878_18.jpg,https://sokodress.s3.ap-northeast-2.amazonaws.com/products_image1/1112878_19.jpg,https://sokodress.s3.ap-northeast-2.amazonaws.com/products_image1/1112878_20.jpg,https://sokodress.s3.ap-northeast-2.amazonaws.com/products_image1/1112878_21.jpg,https://sokodress.s3.ap-northeast-2.amazonaws.com/products_image1/1112878_22.jpg,https://sokodress.s3.ap-northeast-2.amazonaws.com/products_image1/1112878_23.jpg,https://sokodress.s3.ap-northeast-2.amazonaws.com/products_image1/1112878_24.jpg,https://sokodress.s3.ap-northeast-2.amazonaws.com/products_image1/1112878_25.jpg,https://sokodress.s3.ap-northeast-2.amazonaws.com/products_image1/1112878_26.jpg,https://sokodress.s3.ap-northeast-2.amazonaws.com/products_image1/1112878_27.jpg,https://sokodress.s3.ap-northeast-2.amazonaws.com/products_image1/1112878_28.jpg,https://sokodress.s3.ap-northeast-2.amazonaws.com/products_image1/1112878_29.jpg,https://sokodress.s3.ap-northeast-2.amazonaws.com/products_image1/1112878_30.jpg,https://sokodress.s3.ap-northeast-2.amazonaws.com/products_image1/1112878_31.jpg,https://sokodress.s3.ap-northeast-2.amazonaws.com/products_image1/1112878_32.jpg,https://sokodress.s3.ap-northeast-2.amazonaws.com/products_image1/1112878_33.jpg,https://sokodress.s3.ap-northeast-2.amazonaws.com/products_image1/1112878_34.jpg,https://sokodress.s3.ap-northeast-2.amazonaws.com/products_image1/1112878_35.jpg","캐주얼,심플/베이직","S-총장 92cm/ 허리 32cm/ 힙 39cm/ 밑위 25cm/ 밑단 16cm
M-총장 93cm/ 허리 34cm/ 힙 41cm/ 밑위 26cm/ 밑단 17cm
L-총장 94cm/ 허리 36cm/ 힙 43cm/ 밑위 27cm/ 밑단 18cm
XL-총장 95cm/ 허리 38cm/ 힙 45cm/ 밑위 28cm/ 밑단 19cm",코튼97 스판3,없음,좋음,없음,슬림핏,"DARKBLUEJEAN, S,DARKBLUEJEAN, M,DARKBLUEJEAN, L,DARKBLUEJEAN, XL,GRAY, S,GRAY, M,GRAY, L,GRAY, XL,LIGHTBLUEJEAN, S,LIGHTBLUEJEAN, M,LIGHTBLUEJEAN, L,LIGHTBLUEJEAN, XL",http://www.ddmmarket.co.kr/Prod?m=S&c=Q215300310
바닐라제이,동대문,퀸즈스퀘어,Queens-4-24,TEL : 02-6970-7254 (HP : 010-8818-7254),40,1112819,779틴워싱슬림일자,BOTTOM,여성 의류,하의,청바지,26000,대한민국,"https://sokodress.s3.ap-northeast-2.amazonaws.com/products_image1/1112819_0.jpg,https://sokodress.s3.ap-northeast-2.amazonaws.com/products_image1/1112819_1.jpg,https://sokodress.s3.ap-northeast-2.amazonaws.com/products_image1/1112819_2.jpg,https://sokodress.s3.ap-northeast-2.amazonaws.com/products_image1/1112819_3.jpg,https://sokodress.s3.ap-northeast-2.amazonaws.com/products_image1/1112819_4.jpg,https://sokodress.s3.ap-northeast-2.amazonaws.com/products_image1/1112819_5.jpg,https://sokodress.s3.ap-northeast-2.amazonaws.com/products_image1/1112819_6.jpg,https://sokodress.s3.ap-northeast-2.amazonaws.com/products_image1/1112819_7.jpg,https://sokodress.s3.ap-northeast-2.amazonaws.com/products_image1/1112819_8.jpg,https://sokodress.s3.ap-northeast-2.amazonaws.com/products_image1/1112819_9.jpg,https://sokodress.s3.ap-northeast-2.amazonaws.com/products_image1/1112819_10.jpg,https://sokodress.s3.ap-northeast-2.amazonaws.com/products_image1/1112819_11.jpg,https://sokodress.s3.ap-northeast-2.amazonaws.com/products_image1/1112819_12.jpg,https://sokodress.s3.ap-northeast-2.amazonaws.com/products_image1/1112819_13.jpg,https://sokodress.s3.ap-northeast-2.amazonaws.com/products_image1/1112819_14.jpg,https://sokodress.s3.ap-northeast-2.amazonaws.com/products_image1/1112819_15.jpg,https://sokodress.s3.ap-northeast-2.amazonaws.com/products_image1/1112819_16.jpg","캐주얼,어반/모던,심플/베이직","S-총장 91cm/ 허리 33cm/ 힙 39cm/ 밑위 25cm/ 밑단 15cm
M-총장 92cm/ 허리 35cm/ 힙 41cm/ 밑위 26cm/ 밑단 16cm
L-총장 93cm/ 허리 37cm/ 힙 43cm/ 밑위 27cm/ 밑단 17cm
XL-총장 94cm/ 허리 39cm/ 힙 45cm/ 밑위 28cm/ 밑단 18cm",코튼97 스판3,없음,좋음,없음,슬림핏,"JEAN, S,JEAN, M,JEAN, L,JEAN, XL",http://www.ddmmarket.co.kr/Prod?m=S&c=Q215300310
바닐라제이,동대문,퀸즈스퀘어,Queens-4-24,TEL : 02-6970-7254 (HP : 010-8818-7254),40,1112655,774투버튼부츠컷,BOTTOM,여성 의류,하의,청바지,24000,대한민국,"https://sokodress.s3.ap-northeast-2.amazonaws.com/products_image1/1112655_0.jpg,https://sokodress.s3.ap-northeast-2.amazonaws.com/products_image1/1112655_1.jpg,https://sokodress.s3.ap-northeast-2.amazonaws.com/products_image1/1112655_2.jpg,https://sokodress.s3.ap-northeast-2.amazonaws.com/products_image1/1112655_3.jpg,https://sokodress.s3.ap-northeast-2.amazonaws.com/products_image1/1112655_4.jpg,https://sokodress.s3.ap-northeast-2.amazonaws.com/products_image1/1112655_5.jpg,https://sokodress.s3.ap-northeast-2.amazonaws.com/products_image1/1112655_6.jpg,https://sokodress.s3.ap-northeast-2.amazonaws.com/products_image1/1112655_7.jpg,https://sokodress.s3.ap-northeast-2.amazonaws.com/products_image1/1112655_8.jpg,https://sokodress.s3.ap-northeast-2.amazonaws.com/products_image1/1112655_9.jpg,https://sokodress.s3.ap-northeast-2.amazonaws.com/products_image1/1112655_10.jpg,https://sokodress.s3.ap-northeast-2.amazonaws.com/products_image1/1112655_11.jpg,https://sokodress.s3.ap-northeast-2.amazonaws.com/products_image1/1112655_12.jpg,https://sokodress.s3.ap-northeast-2.amazonaws.com/products_image1/1112655_13.jpg,https://sokodress.s3.ap-northeast-2.amazonaws.com/products_image1/1112655_14.jpg,https://sokodress.s3.ap-northeast-2.amazonaws.com/products_image1/1112655_15.jpg,https://sokodress.s3.ap-northeast-2.amazonaws.com/products_image1/1112655_16.jpg,https://sokodress.s3.ap-northeast-2.amazonaws.com/products_image1/1112655_17.jpg,https://sokodress.s3.ap-northeast-2.amazonaws.com/products_image1/1112655_18.jpg,https://sokodress.s3.ap-northeast-2.amazonaws.com/products_image1/1112655_19.jpg,https://sokodress.s3.ap-northeast-2.amazonaws.com/products_image1/1112655_20.jpg,https://sokodress.s3.ap-northeast-2.amazonaws.com/products_image1/1112655_21.jpg,https://sokodress.s3.ap-northeast-2.amazonaws.com/products_image1/1112655_22.jpg,https://sokodress.s3.ap-northeast-2.amazonaws.com/products_image1/1112655_23.jpg,https://sokodress.s3.ap-northeast-2.amazonaws.com/products_image1/1112655_24.jpg,https://sokodress.s3.ap-northeast-2.amazonaws.com/products_image1/1112655_25.jpg,https://sokodress.s3.ap-northeast-2.amazonaws.com/products_image1/1112655_26.jpg","캐주얼,어반/모던,심플/베이직","S-총장 92cm/ 허리 32cm/ 힙 40cm/ 밑위 27cm/ 밑단 20cm
M-총장 93cm/ 허리 34cm/ 힙 42cm/ 밑위 28cm/ 밑단 21cm
L-총장 94cm/ 허리 36cm/ 힙 44cm/ 밑위 29cm/ 밑단 22cm
XL-총장 95cm/ 허리 38cm/ 힙 46cm/ 밑위 30cm/ 밑단 23cm",코튼97 스판3,없음,좋음,없음,슬림핏,"BLACK, S,BLACK, M,BLACK, L,BLACK, XL,IVORY, S,IVORY, M,IVORY, L,IVORY, XL",http://www.ddmmarket.co.kr/Prod?m=S&c=Q215300310
바닐라제이,동대문,퀸즈스퀘어,Queens-4-24,TEL : 02-6970-7254 (HP : 010-8818-7254),40,1112654,777밑단언발배기,BOTTOM,여성 의류,하의,청바지,29000,대한민국,"https://sokodress.s3.ap-northeast-2.amazonaws.com/products_image1/1112654_0.jpg,https://sokodress.s3.ap-northeast-2.amazonaws.com/products_image1/1112654_1.jpg,https://sokodress.s3.ap-northeast-2.amazonaws.com/products_image1/1112654_2.jpg,https://sokodress.s3.ap-northeast-2.amazonaws.com/products_image1/1112654_3.jpg,https://sokodress.s3.ap-northeast-2.amazonaws.com/products_image1/1112654_4.jpg,https://sokodress.s3.ap-northeast-2.amazonaws.com/products_image1/1112654_5.jpg,https://sokodress.s3.ap-northeast-2.amazonaws.com/products_image1/1112654_6.jpg,https://sokodress.s3.ap-northeast-2.amazonaws.com/products_image1/1112654_7.jpg,https://sokodress.s3.ap-northeast-2.amazonaws.com/products_image1/1112654_8.jpg,https://sokodress.s3.ap-northeast-2.amazonaws.com/products_image1/1112654_9.jpg,https://sokodress.s3.ap-northeast-2.amazonaws.com/products_image1/1112654_10.jpg,https://sokodress.s3.ap-northeast-2.amazonaws.com/products_image1/1112654_11.jpg,https://sokodress.s3.ap-northeast-2.amazonaws.com/products_image1/1112654_12.jpg,https://sokodress.s3.ap-northeast-2.amazonaws.com/products_image1/1112654_13.jpg,https://sokodress.s3.ap-northeast-2.amazonaws.com/products_image1/1112654_14.jpg,https://sokodress.s3.ap-northeast-2.amazonaws.com/products_image1/1112654_15.jpg,https://sokodress.s3.ap-northeast-2.amazonaws.com/products_image1/1112654_16.jpg,https://sokodress.s3.ap-northeast-2.amazonaws.com/products_image1/1112654_17.jpg","캐주얼,어반/모던,심플/베이직","S-총장 94cm/ 허리 34cm/ 힙 45cm/ 밑위 28cm/ 밑단 16cm
M-총장 95cm/ 허리 36cm/ 힙 47cm/ 밑위 29cm/ 밑단 17cm
L-총장 96cm/ 허리 38cm/ 힙 49cm/ 밑위 30cm/ 밑단 18cm
XL-총장 97cm/ 허리 40cm/ 힙 51cm/ 밑위 31cm/ 밑단 19cm",코튼98 스판2,없음,좋음,없음,베이직,"JEAN, S,JEAN, M,JEAN, L,JEAN, XL",http://www.ddmmarket.co.kr/Prod?m=S&c=Q215300310
바닐라제이,동대문,퀸즈스퀘어,Queens-4-24,TEL : 02-6970-7254 (HP : 010-8818-7254),40,1112631,766롱부츠컷,BOTTOM,여성 의류,하의,청바지,27000,대한민국,"https://sokodress.s3.ap-northeast-2.amazonaws.com/products_image1/1112631_0.jpg,https://sokodress.s3.ap-northeast-2.amazonaws.com/products_image1/1112631_1.jpg,https://sokodress.s3.ap-northeast-2.amazonaws.com/products_image1/1112631_2.jpg,https://sokodress.s3.ap-northeast-2.amazonaws.com/products_image1/1112631_3.jpg,https://sokodress.s3.ap-northeast-2.amazonaws.com/products_image1/1112631_4.jpg,https://sokodress.s3.ap-northeast-2.amazonaws.com/products_image1/1112631_5.jpg,https://sokodress.s3.ap-northeast-2.amazonaws.com/products_image1/1112631_6.jpg,https://sokodress.s3.ap-northeast-2.amazonaws.com/products_image1/1112631_7.jpg,https://sokodress.s3.ap-northeast-2.amazonaws.com/products_image1/1112631_8.jpg,https://sokodress.s3.ap-northeast-2.amazonaws.com/products_image1/1112631_9.jpg,https://sokodress.s3.ap-northeast-2.amazonaws.com/products_image1/1112631_10.jpg,https://sokodress.s3.ap-northeast-2.amazonaws.com/products_image1/1112631_11.jpg,https://sokodress.s3.ap-northeast-2.amazonaws.com/products_image1/1112631_12.jpg,https://sokodress.s3.ap-northeast-2.amazonaws.com/products_image1/1112631_13.jpg,https://sokodress.s3.ap-northeast-2.amazonaws.com/products_image1/1112631_14.jpg,https://sokodress.s3.ap-northeast-2.amazonaws.com/products_image1/1112631_15.jpg,https://sokodress.s3.ap-northeast-2.amazonaws.com/products_image1/1112631_16.jpg,https://sokodress.s3.ap-northeast-2.amazonaws.com/products_image1/1112631_17.jpg,https://sokodress.s3.ap-northeast-2.amazonaws.com/products_image1/1112631_18.jpg,https://sokodress.s3.ap-northeast-2.amazonaws.com/products_image1/1112631_19.jpg,https://sokodress.s3.ap-northeast-2.amazonaws.com/products_image1/1112631_20.jpg,https://sokodress.s3.ap-northeast-2.amazonaws.com/products_image1/1112631_21.jpg,https://sokodress.s3.ap-northeast-2.amazonaws.com/products_image1/1112631_22.jpg,https://sokodress.s3.ap-northeast-2.amazonaws.com/products_image1/1112631_23.jpg,https://sokodress.s3.ap-northeast-2.amazonaws.com/products_image1/1112631_24.jpg","캐주얼,심플/베이직","S-총장 97cm/ 허리 32cm/ 힙 40cm/ 밑위 27cm/ 밑단 21cm
M-총장 98cm/ 허리 34cm/ 힙 42cm/ 밑위 28cm/ 밑단 22cm
L-총장 99cm/ 허리 36cm/ 힙 44cm/ 밑위 29cm/ 밑단 23cm
XL-총장 100cm/ 허리 38cm/ 힙 46cm/ 밑위 30cm/ 밑단 24cm",코튼98 스판2,없음,좋음,없음,베이직,"DARKBLUEJEAN, S,DARKBLUEJEAN, M,DARKBLUEJEAN, L,DARKBLUEJEAN, XL,LIGHTBLUEJEAN, S,LIGHTBLUEJEAN, M,LIGHTBLUEJEAN, L,LIGHTBLUEJEAN, XL",http://www.ddmmarket.co.kr/Prod?m=S&c=Q215300310
바닐라제이,동대문,퀸즈스퀘어,Queens-4-24,TEL : 02-6970-7254 (HP : 010-8818-7254),40,1112551,765아구리다트배기,BOTTOM,여성 의류,하의,청바지,26000,대한민국,"https://sokodress.s3.ap-northeast-2.amazonaws.com/products_image1/1112551_0.jpg,https://sokodress.s3.ap-northeast-2.amazonaws.com/products_image1/1112551_1.jpg,https://sokodress.s3.ap-northeast-2.amazonaws.com/products_image1/1112551_2.jpg,https://sokodress.s3.ap-northeast-2.amazonaws.com/products_image1/1112551_3.jpg,https://sokodress.s3.ap-northeast-2.amazonaws.com/products_image1/1112551_4.jpg,https://sokodress.s3.ap-northeast-2.amazonaws.com/products_image1/1112551_5.jpg,https://sokodress.s3.ap-northeast-2.amazonaws.com/products_image1/1112551_6.jpg,https://sokodress.s3.ap-northeast-2.amazonaws.com/products_image1/1112551_7.jpg,https://sokodress.s3.ap-northeast-2.amazonaws.com/products_image1/1112551_8.jpg,https://sokodress.s3.ap-northeast-2.amazonaws.com/products_image1/1112551_9.jpg,https://sokodress.s3.ap-northeast-2.amazonaws.com/products_image1/1112551_10.jpg,https://sokodress.s3.ap-northeast-2.amazonaws.com/products_image1/1112551_11.jpg,https://sokodress.s3.ap-northeast-2.amazonaws.com/products_image1/1112551_12.jpg,https://sokodress.s3.ap-northeast-2.amazonaws.com/products_image1/1112551_13.jpg,https://sokodress.s3.ap-northeast-2.amazonaws.com/products_image1/1112551_14.jpg,https://sokodress.s3.ap-northeast-2.amazonaws.com/products_image1/1112551_15.jpg,https://sokodress.s3.ap-northeast-2.amazonaws.com/products_image1/1112551_16.jpg","캐주얼,어반/모던,심플/베이직","S-총장 88cm/ 허리 34cm/ 힙 48cm/ 밑위 25cm/ 밑단 17cm
M-총장 89cm/ 허리 36cm/ 힙 50cm/ 밑위 26cm/ 밑단 18cm
L-총장 90cm/ 허리 38cm/ 힙 52cm/ 밑위 27cm/ 밑단 19cm
XL-총장 91cm/ 허리 40cm/ 힙 54cm/ 밑위 28cm/ 밑단 20cm",코튼98 스판2,없음,좋음,없음,루즈핏,"JEAN, S,JEAN, M,JEAN, L,JEAN, XL",http://www.ddmmarket.co.kr/Prod?m=S&c=Q215300310
바닐라제이,동대문,퀸즈스퀘어,Queens-4-24,TEL : 02-6970-7254 (HP : 010-8818-7254),40,1112550,768슬림부츠컷,BOTTOM,여성 의류,하의,청바지,26000,대한민국,"https://sokodress.s3.ap-northeast-2.amazonaws.com/products_image1/1112550_0.jpg,https://sokodress.s3.ap-northeast-2.amazonaws.com/products_image1/1112550_1.jpg,https://sokodress.s3.ap-northeast-2.amazonaws.com/products_image1/1112550_2.jpg,https://sokodress.s3.ap-northeast-2.amazonaws.com/products_image1/1112550_3.jpg,https://sokodress.s3.ap-northeast-2.amazonaws.com/products_image1/1112550_4.jpg,https://sokodress.s3.ap-northeast-2.amazonaws.com/products_image1/1112550_5.jpg,https://sokodress.s3.ap-northeast-2.amazonaws.com/products_image1/1112550_6.jpg,https://sokodress.s3.ap-northeast-2.amazonaws.com/products_image1/1112550_7.jpg,https://sokodress.s3.ap-northeast-2.amazonaws.com/products_image1/1112550_8.jpg,https://sokodress.s3.ap-northeast-2.amazonaws.com/products_image1/1112550_9.jpg,https://sokodress.s3.ap-northeast-2.amazonaws.com/products_image1/1112550_10.jpg,https://sokodress.s3.ap-northeast-2.amazonaws.com/products_image1/1112550_11.jpg,https://sokodress.s3.ap-northeast-2.amazonaws.com/products_image1/1112550_12.jpg,https://sokodress.s3.ap-northeast-2.amazonaws.com/products_image1/1112550_13.jpg,https://sokodress.s3.ap-northeast-2.amazonaws.com/products_image1/1112550_14.jpg,https://sokodress.s3.ap-northeast-2.amazonaws.com/products_image1/1112550_15.jpg,https://sokodress.s3.ap-northeast-2.amazonaws.com/products_image1/1112550_16.jpg,https://sokodress.s3.ap-northeast-2.amazonaws.com/products_image1/1112550_17.jpg,https://sokodress.s3.ap-northeast-2.amazonaws.com/products_image1/1112550_18.jpg,https://sokodress.s3.ap-northeast-2.amazonaws.com/products_image1/1112550_19.jpg,https://sokodress.s3.ap-northeast-2.amazonaws.com/products_image1/1112550_20.jpg,https://sokodress.s3.ap-northeast-2.amazonaws.com/products_image1/1112550_21.jpg,https://sokodress.s3.ap-northeast-2.amazonaws.com/products_image1/1112550_22.jpg,https://sokodress.s3.ap-northeast-2.amazonaws.com/products_image1/1112550_23.jpg,https://sokodress.s3.ap-northeast-2.amazonaws.com/products_image1/1112550_24.jpg,https://sokodress.s3.ap-northeast-2.amazonaws.com/products_image1/1112550_25.jpg,https://sokodress.s3.ap-northeast-2.amazonaws.com/products_image1/1112550_26.jpg","캐주얼,어반/모던,심플/베이직","S-총장 90cm/ 허리 34cm/ 힙 38cm/ 밑위 25cm/ 밑단 19cm
M-총장 91cm/ 허리 36cm/ 힙 40cm/ 밑위 26cm/ 밑단 20cm
L-총장 92cm/ 허리 38cm/ 힙 42cm/ 밑위 27cm/ 밑단 21cm
XL-총장 93cm/ 허리 40cm/ 힙 44cm/ 밑위 28cm/ 밑단 22cm",코튼97 스판3,없음,좋음,없음,슬림핏,"DARKBLUEJEAN, S,DARKBLUEJEAN, M,DARKBLUEJEAN, L,DARKBLUEJEAN, XL,LIGHTBLUEJEAN, S,LIGHTBLUEJEAN, M,LIGHTBLUEJEAN, L,LIGHTBLUEJEAN, XL",http://www.ddmmarket.co.kr/Prod?m=S&c=Q215300310
바닐라제이,동대문,퀸즈스퀘어,Queens-4-24,TEL : 02-6970-7254 (HP : 010-8818-7254),40,1112498,767올엑스레이부츠컷,BOTTOM,여성 의류,하의,청바지,28000,대한민국,"https://sokodress.s3.ap-northeast-2.amazonaws.com/products_image1/1112498_0.jpg,https://sokodress.s3.ap-northeast-2.amazonaws.com/products_image1/1112498_1.jpg,https://sokodress.s3.ap-northeast-2.amazonaws.com/products_image1/1112498_2.jpg,https://sokodress.s3.ap-northeast-2.amazonaws.com/products_image1/1112498_3.jpg,https://sokodress.s3.ap-northeast-2.amazonaws.com/products_image1/1112498_4.jpg,https://sokodress.s3.ap-northeast-2.amazonaws.com/products_image1/1112498_5.jpg,https://sokodress.s3.ap-northeast-2.amazonaws.com/products_image1/1112498_6.jpg,https://sokodress.s3.ap-northeast-2.amazonaws.com/products_image1/1112498_7.jpg,https://sokodress.s3.ap-northeast-2.amazonaws.com/products_image1/1112498_8.jpg,https://sokodress.s3.ap-northeast-2.amazonaws.com/products_image1/1112498_9.jpg,https://sokodress.s3.ap-northeast-2.amazonaws.com/products_image1/1112498_10.jpg,https://sokodress.s3.ap-northeast-2.amazonaws.com/products_image1/1112498_11.jpg,https://sokodress.s3.ap-northeast-2.amazonaws.com/products_image1/1112498_12.jpg,https://sokodress.s3.ap-northeast-2.amazonaws.com/products_image1/1112498_13.jpg,https://sokodress.s3.ap-northeast-2.amazonaws.com/products_image1/1112498_14.jpg,https://sokodress.s3.ap-northeast-2.amazonaws.com/products_image1/1112498_15.jpg","캐주얼,어반/모던,심플/베이직","S-총장 96cm/ 허리 32cm/ 힙 45cm/ 밑위 30cm/ 밑단 18cm
M-총장 97cm/ 허리 34cm/ 힙 47cm/ 밑위 31cm/ 밑단 19cm
L-총장 98cm/ 허리 36cm/ 힙 49cm/ 밑위 32cm/ 밑단 20cm
XL-총장 99cm/ 허리 38cm/ 힙 51cm/ 밑위 33cm/ 밑단 21cm",코튼99스판1,없음,약간,없음,루즈핏,"JEAN, S,JEAN, M,JEAN, L,JEAN, XL",http://www.ddmmarket.co.kr/Prod?m=S&c=Q215300310
바닐라제이,동대문,퀸즈스퀘어,Queens-4-24,TEL : 02-6970-7254 (HP : 010-8818-7254),40,1112497,771트임청스트레이트,BOTTOM,여성 의류,하의,청바지,29000,,"https://sokodress.s3.ap-northeast-2.amazonaws.com/products_image1/1112497_0.jpg,https://sokodress.s3.ap-northeast-2.amazonaws.com/products_image1/1112497_1.jpg,https://sokodress.s3.ap-northeast-2.amazonaws.com/products_image1/1112497_2.jpg,https://sokodress.s3.ap-northeast-2.amazonaws.com/products_image1/1112497_3.jpg,https://sokodress.s3.ap-northeast-2.amazonaws.com/products_image1/1112497_4.jpg,https://sokodress.s3.ap-northeast-2.amazonaws.com/products_image1/1112497_5.jpg,https://sokodress.s3.ap-northeast-2.amazonaws.com/products_image1/1112497_6.jpg,https://sokodress.s3.ap-northeast-2.amazonaws.com/products_image1/1112497_7.jpg,https://sokodress.s3.ap-northeast-2.amazonaws.com/products_image1/1112497_8.jpg,https://sokodress.s3.ap-northeast-2.amazonaws.com/products_image1/1112497_9.jpg,https://sokodress.s3.ap-northeast-2.amazonaws.com/products_image1/1112497_10.jpg,https://sokodress.s3.ap-northeast-2.amazonaws.com/products_image1/1112497_11.jpg,https://sokodress.s3.ap-northeast-2.amazonaws.com/products_image1/1112497_12.jpg,https://sokodress.s3.ap-northeast-2.amazonaws.com/products_image1/1112497_13.jpg,https://sokodress.s3.ap-northeast-2.amazonaws.com/products_image1/1112497_14.jpg,https://sokodress.s3.ap-northeast-2.amazonaws.com/products_image1/1112497_15.jpg","캐주얼,어반/모던,심플/베이직","S-총장 96cm/ 허리 32cm/ 힙 38cm/ 밑위 29cm/ 밑단 15cm
M-총장 97cm/ 허리 34cm/ 힙 40cm/ 밑위 30cm/ 밑단 16cm
L-총장 98cm/ 허리 36cm/ 힙 42cm/ 밑위 31cm/ 밑단 17cm
XL-총장 99cm/ 허리 38cm/ 힙 44cm/ 밑위 32cm/ 밑단 18cm",코튼98스판2,없음,좋음,없음,베이직,"JEAN, S,JEAN, M,JEAN, L,JEAN, XL",http://www.ddmmarket.co.kr/Prod?m=S&c=Q215300310
바닐라제이,동대문,퀸즈스퀘어,Queens-4-24,TEL : 02-6970-7254 (HP : 010-8818-7254),40,1112461,772언발트임슬림일자,BOTTOM,여성 의류,하의,청바지,21000,대한민국,"https://sokodress.s3.ap-northeast-2.amazonaws.com/products_image1/1112461_0.jpg,https://sokodress.s3.ap-northeast-2.amazonaws.com/products_image1/1112461_1.jpg,https://sokodress.s3.ap-northeast-2.amazonaws.com/products_image1/1112461_2.jpg,https://sokodress.s3.ap-northeast-2.amazonaws.com/products_image1/1112461_3.jpg,https://sokodress.s3.ap-northeast-2.amazonaws.com/products_image1/1112461_4.jpg,https://sokodress.s3.ap-northeast-2.amazonaws.com/products_image1/1112461_5.jpg,https://sokodress.s3.ap-northeast-2.amazonaws.com/products_image1/1112461_6.jpg,https://sokodress.s3.ap-northeast-2.amazonaws.com/products_image1/1112461_7.jpg,https://sokodress.s3.ap-northeast-2.amazonaws.com/products_image1/1112461_8.jpg,https://sokodress.s3.ap-northeast-2.amazonaws.com/products_image1/1112461_9.jpg,https://sokodress.s3.ap-northeast-2.amazonaws.com/products_image1/1112461_10.jpg,https://sokodress.s3.ap-northeast-2.amazonaws.com/products_image1/1112461_11.jpg,https://sokodress.s3.ap-northeast-2.amazonaws.com/products_image1/1112461_12.jpg,https://sokodress.s3.ap-northeast-2.amazonaws.com/products_image1/1112461_13.jpg,https://sokodress.s3.ap-northeast-2.amazonaws.com/products_image1/1112461_14.jpg,https://sokodress.s3.ap-northeast-2.amazonaws.com/products_image1/1112461_15.jpg,https://sokodress.s3.ap-northeast-2.amazonaws.com/products_image1/1112461_16.jpg,https://sokodress.s3.ap-northeast-2.amazonaws.com/products_image1/1112461_17.jpg,https://sokodress.s3.ap-northeast-2.amazonaws.com/products_image1/1112461_18.jpg,https://sokodress.s3.ap-northeast-2.amazonaws.com/products_image1/1112461_19.jpg,https://sokodress.s3.ap-northeast-2.amazonaws.com/products_image1/1112461_20.jpg,https://sokodress.s3.ap-northeast-2.amazonaws.com/products_image1/1112461_21.jpg,https://sokodress.s3.ap-northeast-2.amazonaws.com/products_image1/1112461_22.jpg,https://sokodress.s3.ap-northeast-2.amazonaws.com/products_image1/1112461_23.jpg,https://sokodress.s3.ap-northeast-2.amazonaws.com/products_image1/1112461_24.jpg,https://sokodress.s3.ap-northeast-2.amazonaws.com/products_image1/1112461_25.jpg,https://sokodress.s3.ap-northeast-2.amazonaws.com/products_image1/1112461_26.jpg,https://sokodress.s3.ap-northeast-2.amazonaws.com/products_image1/1112461_27.jpg","캐주얼,심플/베이직","S-총장 89cm/ 허리 32cm/ 힙 36cm/ 밑위 28cm/ 밑단 12cm
M-총장 90cm/ 허리 34cm/ 힙 38cm/ 밑위 29cm/ 밑단 13cm
L-총장 91cm/ 허리 36cm/ 힙 40cm/ 밑위 30cm/ 밑단 14cm
XL-총장 92cm/ 허리 38cm/ 힙 42cm/ 밑위 31cm/ 밑단 15cm",스판97스판3,없음,좋음,없음,슬림핏,"BLACK, S,BLACK, M,BLACK, L,BLACK, XL,IVORY, S,IVORY, M,IVORY, L,IVORY, XL",http://www.ddmmarket.co.kr/Prod?m=S&c=Q215300310
바닐라제이,동대문,퀸즈스퀘어,Queens-4-24,TEL : 02-6970-7254 (HP : 010-8818-7254),40,1111647,764이중직슬림일자,BOTTOM,여성 의류,하의,청바지,29000,대한민국,"https://sokodress.s3.ap-northeast-2.amazonaws.com/products_image1/1111647_0.jpg,https://sokodress.s3.ap-northeast-2.amazonaws.com/products_image1/1111647_1.jpg,https://sokodress.s3.ap-northeast-2.amazonaws.com/products_image1/1111647_2.jpg,https://sokodress.s3.ap-northeast-2.amazonaws.com/products_image1/1111647_3.jpg,https://sokodress.s3.ap-northeast-2.amazonaws.com/products_image1/1111647_4.jpg,https://sokodress.s3.ap-northeast-2.amazonaws.com/products_image1/1111647_5.jpg,https://sokodress.s3.ap-northeast-2.amazonaws.com/products_image1/1111647_6.jpg,https://sokodress.s3.ap-northeast-2.amazonaws.com/products_image1/1111647_7.jpg,https://sokodress.s3.ap-northeast-2.amazonaws.com/products_image1/1111647_8.jpg,https://sokodress.s3.ap-northeast-2.amazonaws.com/products_image1/1111647_9.jpg,https://sokodress.s3.ap-northeast-2.amazonaws.com/products_image1/1111647_10.jpg,https://sokodress.s3.ap-northeast-2.amazonaws.com/products_image1/1111647_11.jpg,https://sokodress.s3.ap-northeast-2.amazonaws.com/products_image1/1111647_12.jpg,https://sokodress.s3.ap-northeast-2.amazonaws.com/products_image1/1111647_13.jpg,https://sokodress.s3.ap-northeast-2.amazonaws.com/products_image1/1111647_14.jpg,https://sokodress.s3.ap-northeast-2.amazonaws.com/products_image1/1111647_15.jpg,https://sokodress.s3.ap-northeast-2.amazonaws.com/products_image1/1111647_16.jpg,https://sokodress.s3.ap-northeast-2.amazonaws.com/products_image1/1111647_17.jpg,https://sokodress.s3.ap-northeast-2.amazonaws.com/products_image1/1111647_18.jpg,https://sokodress.s3.ap-northeast-2.amazonaws.com/products_image1/1111647_19.jpg,https://sokodress.s3.ap-northeast-2.amazonaws.com/products_image1/1111647_20.jpg,https://sokodress.s3.ap-northeast-2.amazonaws.com/products_image1/1111647_21.jpg,https://sokodress.s3.ap-northeast-2.amazonaws.com/products_image1/1111647_22.jpg,https://sokodress.s3.ap-northeast-2.amazonaws.com/products_image1/1111647_23.jpg,https://sokodress.s3.ap-northeast-2.amazonaws.com/products_image1/1111647_24.jpg,https://sokodress.s3.ap-northeast-2.amazonaws.com/products_image1/1111647_25.jpg","캐주얼,어반/모던,심플/베이직","S-총장 90cm/ 허리 35cm/ 힙 41cm/ 밑위 24cm/ 밑단 16cm
M-총장 91cm/ 허리 37cm/ 힙 43cm/ 밑위 25cm/ 밑단 17cm
L-총장 92cm/ 허리 39cm/ 힙 45cm/ 밑위 26cm/ 밑단 18cm
XL-총장 93cm/ 허리 41cm/ 힙 47cm/ 밑위 27cm/ 밑단 19cm",코튼97 스판3,없음,좋음,전체안감,슬림핏,"DARKBLUEJEAN, S,DARKBLUEJEAN, M,DARKBLUEJEAN, L,DARKBLUEJEAN, XL,LIGHTBLUEJEAN, S,LIGHTBLUEJEAN, M,LIGHTBLUEJEAN, L,LIGHTBLUEJEAN, XL",http://www.ddmmarket.co.kr/Prod?m=S&c=Q215300310
바닐라제이,동대문,퀸즈스퀘어,Queens-4-24,TEL : 02-6970-7254 (HP : 010-8818-7254),40,1111412,763기모부츠컷,BOTTOM,여성 의류,하의,청바지,27000,대한민국,"https://sokodress.s3.ap-northeast-2.amazonaws.com/products_image1/1111412_0.jpg,https://sokodress.s3.ap-northeast-2.amazonaws.com/products_image1/1111412_1.jpg,https://sokodress.s3.ap-northeast-2.amazonaws.com/products_image1/1111412_2.jpg,https://sokodress.s3.ap-northeast-2.amazonaws.com/products_image1/1111412_3.jpg,https://sokodress.s3.ap-northeast-2.amazonaws.com/products_image1/1111412_4.jpg,https://sokodress.s3.ap-northeast-2.amazonaws.com/products_image1/1111412_5.jpg,https://sokodress.s3.ap-northeast-2.amazonaws.com/products_image1/1111412_6.jpg,https://sokodress.s3.ap-northeast-2.amazonaws.com/products_image1/1111412_7.jpg,https://sokodress.s3.ap-northeast-2.amazonaws.com/products_image1/1111412_8.jpg,https://sokodress.s3.ap-northeast-2.amazonaws.com/products_image1/1111412_9.jpg,https://sokodress.s3.ap-northeast-2.amazonaws.com/products_image1/1111412_10.jpg,https://sokodress.s3.ap-northeast-2.amazonaws.com/products_image1/1111412_11.jpg,https://sokodress.s3.ap-northeast-2.amazonaws.com/products_image1/1111412_12.jpg,https://sokodress.s3.ap-northeast-2.amazonaws.com/products_image1/1111412_13.jpg,https://sokodress.s3.ap-northeast-2.amazonaws.com/products_image1/1111412_14.jpg,https://sokodress.s3.ap-northeast-2.amazonaws.com/products_image1/1111412_15.jpg,https://sokodress.s3.ap-northeast-2.amazonaws.com/products_image1/1111412_16.jpg","캐주얼,어반/모던,심플/베이직","S-총장 90cm/ 허리 34cm/ 힙 37cm/ 밑위 28cm/ 밑단 18cm
M-총장 91cm/ 허리 36cm/ 힙 39cm/ 밑위 29cm/ 밑단 19cm
L-총장 92cm/ 허리 38cm/ 힙 41cm/ 밑위 30cm/ 밑단 20cm
XL-총장 93cm/ 허리 40cm/ 힙 43cm/ 밑위 31cm/ 밑단 21cm",면97 스판3,없음,좋음,기모,슬림핏,"JEAN, S,JEAN, M,JEAN, L,JEAN, XL",http://www.ddmmarket.co.kr/Prod?m=S&c=Q215300310
바닐라제이,동대문,퀸즈스퀘어,Queens-4-24,TEL : 02-6970-7254 (HP : 010-8818-7254),40,1110599,753진청기모부츠컷,BOTTOM,여성 의류,하의,청바지,27000,대한민국,"https://sokodress.s3.ap-northeast-2.amazonaws.com/products_image1/1110599_0.jpg,https://sokodress.s3.ap-northeast-2.amazonaws.com/products_image1/1110599_1.jpg,https://sokodress.s3.ap-northeast-2.amazonaws.com/products_image1/1110599_2.jpg,https://sokodress.s3.ap-northeast-2.amazonaws.com/products_image1/1110599_3.jpg,https://sokodress.s3.ap-northeast-2.amazonaws.com/products_image1/1110599_4.jpg,https://sokodress.s3.ap-northeast-2.amazonaws.com/products_image1/1110599_5.jpg,https://sokodress.s3.ap-northeast-2.amazonaws.com/products_image1/1110599_6.jpg,https://sokodress.s3.ap-northeast-2.amazonaws.com/products_image1/1110599_7.jpg,https://sokodress.s3.ap-northeast-2.amazonaws.com/products_image1/1110599_8.jpg,https://sokodress.s3.ap-northeast-2.amazonaws.com/products_image1/1110599_9.jpg,https://sokodress.s3.ap-northeast-2.amazonaws.com/products_image1/1110599_10.jpg,https://sokodress.s3.ap-northeast-2.amazonaws.com/products_image1/1110599_11.jpg,https://sokodress.s3.ap-northeast-2.amazonaws.com/products_image1/1110599_12.jpg,https://sokodress.s3.ap-northeast-2.amazonaws.com/products_image1/1110599_13.jpg,https://sokodress.s3.ap-northeast-2.amazonaws.com/products_image1/1110599_14.jpg,https://sokodress.s3.ap-northeast-2.amazonaws.com/products_image1/1110599_15.jpg,https://sokodress.s3.ap-northeast-2.amazonaws.com/products_image1/1110599_16.jpg","캐주얼,어반/모던,심플/베이직","S-총장 89cm/ 허리 33cm/ 힙 41cm/ 밑위 24cm/ 밑단 19cm
M-총장 90cm/ 허리 35cm/ 힙 43cm/ 밑위 25cm/ 밑단 20cm
L-총장 91cm/ 허리 37cm/ 힙 45cm/ 밑위 26cm/ 밑단 21cm
XL-총장 92cm/ 허리 39cm/ 힙 47cm/ 밑위 27cm/ 밑단 22cm",코튼97 스판3,없음,좋음,전체안감,슬림핏,"DARKBLUEJEAN, S,DARKBLUEJEAN, M,DARKBLUEJEAN, L,DARKBLUEJEAN, XL",http://www.ddmmarket.co.kr/Prod?m=S&c=Q215300310
바닐라제이,동대문,퀸즈스퀘어,Queens-4-24,TEL : 02-6970-7254 (HP : 010-8818-7254),40,1109823,760피치기모부츠컷,BOTTOM,여성 의류,하의,청바지,23000,대한민국,"https://sokodress.s3.ap-northeast-2.amazonaws.com/products_image1/1109823_0.jpg,https://sokodress.s3.ap-northeast-2.amazonaws.com/products_image1/1109823_1.jpg,https://sokodress.s3.ap-northeast-2.amazonaws.com/products_image1/1109823_2.jpg,https://sokodress.s3.ap-northeast-2.amazonaws.com/products_image1/1109823_3.jpg,https://sokodress.s3.ap-northeast-2.amazonaws.com/products_image1/1109823_4.jpg,https://sokodress.s3.ap-northeast-2.amazonaws.com/products_image1/1109823_5.jpg,https://sokodress.s3.ap-northeast-2.amazonaws.com/products_image1/1109823_6.jpg,https://sokodress.s3.ap-northeast-2.amazonaws.com/products_image1/1109823_7.jpg,https://sokodress.s3.ap-northeast-2.amazonaws.com/products_image1/1109823_8.jpg,https://sokodress.s3.ap-northeast-2.amazonaws.com/products_image1/1109823_9.jpg,https://sokodress.s3.ap-northeast-2.amazonaws.com/products_image1/1109823_10.jpg,https://sokodress.s3.ap-northeast-2.amazonaws.com/products_image1/1109823_11.jpg,https://sokodress.s3.ap-northeast-2.amazonaws.com/products_image1/1109823_12.jpg,https://sokodress.s3.ap-northeast-2.amazonaws.com/products_image1/1109823_13.jpg,https://sokodress.s3.ap-northeast-2.amazonaws.com/products_image1/1109823_14.jpg,https://sokodress.s3.ap-northeast-2.amazonaws.com/products_image1/1109823_15.jpg,https://sokodress.s3.ap-northeast-2.amazonaws.com/products_image1/1109823_16.jpg,https://sokodress.s3.ap-northeast-2.amazonaws.com/products_image1/1109823_17.jpg,https://sokodress.s3.ap-northeast-2.amazonaws.com/products_image1/1109823_18.jpg,https://sokodress.s3.ap-northeast-2.amazonaws.com/products_image1/1109823_19.jpg,https://sokodress.s3.ap-northeast-2.amazonaws.com/products_image1/1109823_20.jpg,https://sokodress.s3.ap-northeast-2.amazonaws.com/products_image1/1109823_21.jpg,https://sokodress.s3.ap-northeast-2.amazonaws.com/products_image1/1109823_22.jpg,https://sokodress.s3.ap-northeast-2.amazonaws.com/products_image1/1109823_23.jpg,https://sokodress.s3.ap-northeast-2.amazonaws.com/products_image1/1109823_24.jpg,https://sokodress.s3.ap-northeast-2.amazonaws.com/products_image1/1109823_25.jpg,https://sokodress.s3.ap-northeast-2.amazonaws.com/products_image1/1109823_26.jpg,https://sokodress.s3.ap-northeast-2.amazonaws.com/products_image1/1109823_27.jpg,https://sokodress.s3.ap-northeast-2.amazonaws.com/products_image1/1109823_28.jpg,https://sokodress.s3.ap-northeast-2.amazonaws.com/products_image1/1109823_29.jpg,https://sokodress.s3.ap-northeast-2.amazonaws.com/products_image1/1109823_30.jpg,https://sokodress.s3.ap-northeast-2.amazonaws.com/products_image1/1109823_31.jpg,https://sokodress.s3.ap-northeast-2.amazonaws.com/products_image1/1109823_32.jpg,https://sokodress.s3.ap-northeast-2.amazonaws.com/products_image1/1109823_33.jpg","캐주얼,어반/모던,심플/베이직","S-총장 89cm/ 허리 33cm/ 힙 36cm/ 밑위 26cm/ 밑단 17cm
M-총장 90cm/ 허리 35cm/ 힙 38cm/ 밑위 27cm/ 밑단 18cm
L-총장 91cm/ 허리 37cm/ 힙 40cm/ 밑위 28cm/ 밑단 19cm
XL-총장 92cm/ 허리 39cm/ 힙 42cm/ 밑위 29cm/ 밑단 20cm",코튼97 스판3,없음,좋음,전체안감,슬림핏,"BEIGE, S,BEIGE, M,BEIGE, L,BEIGE, XL,BLACK, S,BLACK, M,BLACK, L,BLACK, XL,CREAM, S,CREAM, M,CREAM, L,CREAM, XL",http://www.ddmmarket.co.kr/Prod?m=S&c=Q215300310
바닐라제이,동대문,퀸즈스퀘어,Queens-4-24,TEL : 02-6970-7254 (HP : 010-8818-7254),40,1109266,756(기모)슬림일자,BOTTOM,여성 의류,하의,청바지,26000,대한민국,"https://sokodress.s3.ap-northeast-2.amazonaws.com/products_image1/1109266_0.jpg,https://sokodress.s3.ap-northeast-2.amazonaws.com/products_image1/1109266_1.jpg,https://sokodress.s3.ap-northeast-2.amazonaws.com/products_image1/1109266_2.jpg,https://sokodress.s3.ap-northeast-2.amazonaws.com/products_image1/1109266_3.jpg,https://sokodress.s3.ap-northeast-2.amazonaws.com/products_image1/1109266_4.jpg,https://sokodress.s3.ap-northeast-2.amazonaws.com/products_image1/1109266_5.jpg,https://sokodress.s3.ap-northeast-2.amazonaws.com/products_image1/1109266_6.jpg,https://sokodress.s3.ap-northeast-2.amazonaws.com/products_image1/1109266_7.jpg,https://sokodress.s3.ap-northeast-2.amazonaws.com/products_image1/1109266_8.jpg,https://sokodress.s3.ap-northeast-2.amazonaws.com/products_image1/1109266_9.jpg,https://sokodress.s3.ap-northeast-2.amazonaws.com/products_image1/1109266_10.jpg,https://sokodress.s3.ap-northeast-2.amazonaws.com/products_image1/1109266_11.jpg,https://sokodress.s3.ap-northeast-2.amazonaws.com/products_image1/1109266_12.jpg,https://sokodress.s3.ap-northeast-2.amazonaws.com/products_image1/1109266_13.jpg,https://sokodress.s3.ap-northeast-2.amazonaws.com/products_image1/1109266_14.jpg,https://sokodress.s3.ap-northeast-2.amazonaws.com/products_image1/1109266_15.jpg,https://sokodress.s3.ap-northeast-2.amazonaws.com/products_image1/1109266_16.jpg,https://sokodress.s3.ap-northeast-2.amazonaws.com/products_image1/1109266_17.jpg,https://sokodress.s3.ap-northeast-2.amazonaws.com/products_image1/1109266_18.jpg,https://sokodress.s3.ap-northeast-2.amazonaws.com/products_image1/1109266_19.jpg,https://sokodress.s3.ap-northeast-2.amazonaws.com/products_image1/1109266_20.jpg,https://sokodress.s3.ap-northeast-2.amazonaws.com/products_image1/1109266_21.jpg,https://sokodress.s3.ap-northeast-2.amazonaws.com/products_image1/1109266_22.jpg,https://sokodress.s3.ap-northeast-2.amazonaws.com/products_image1/1109266_23.jpg,https://sokodress.s3.ap-northeast-2.amazonaws.com/products_image1/1109266_24.jpg,https://sokodress.s3.ap-northeast-2.amazonaws.com/products_image1/1109266_25.jpg,https://sokodress.s3.ap-northeast-2.amazonaws.com/products_image1/1109266_26.jpg,https://sokodress.s3.ap-northeast-2.amazonaws.com/products_image1/1109266_27.jpg,https://sokodress.s3.ap-northeast-2.amazonaws.com/products_image1/1109266_28.jpg,https://sokodress.s3.ap-northeast-2.amazonaws.com/products_image1/1109266_29.jpg,https://sokodress.s3.ap-northeast-2.amazonaws.com/products_image1/1109266_30.jpg,https://sokodress.s3.ap-northeast-2.amazonaws.com/products_image1/1109266_31.jpg,https://sokodress.s3.ap-northeast-2.amazonaws.com/products_image1/1109266_32.jpg","캐주얼,심플/베이직","S 총장 92cm/ 허리 34cm/ 힙 42cm/ 밑위 25cm/ 밑단 14cm
M 총장 93cm/ 허리 36cm/ 힙 44cm/ 밑위 26cm/ 밑단 15cm
L 총장 94cm/ 허리 38cm/ 힙 46cm/ 밑위 27cm/ 밑단 16cm
XL 총장 95cm/ 허리 40cm/ 힙 48cm/ 밑위 28cm/ 밑단 17cm",코튼97 스판3,없음,좋음,전체안감,슬림핏,"BLACK, S,BLACK, M,BLACK, L,BLACK, XL,JEAN, S,JEAN, M,JEAN, L,JEAN, XL",http://www.ddmmarket.co.kr/Prod?m=S&c=Q215300310
바닐라제이,동대문,퀸즈스퀘어,Queens-4-24,TEL : 02-6970-7254 (HP : 010-8818-7254),40,1105532,750트임스판와이드,BOTTOM,여성 의류,하의,청바지,25000,대한민국,"https://sokodress.s3.ap-northeast-2.amazonaws.com/products_image1/1105532_0.jpg,https://sokodress.s3.ap-northeast-2.amazonaws.com/products_image1/1105532_1.jpg,https://sokodress.s3.ap-northeast-2.amazonaws.com/products_image1/1105532_2.jpg,https://sokodress.s3.ap-northeast-2.amazonaws.com/products_image1/1105532_3.jpg,https://sokodress.s3.ap-northeast-2.amazonaws.com/products_image1/1105532_4.jpg,https://sokodress.s3.ap-northeast-2.amazonaws.com/products_image1/1105532_5.jpg,https://sokodress.s3.ap-northeast-2.amazonaws.com/products_image1/1105532_6.jpg,https://sokodress.s3.ap-northeast-2.amazonaws.com/products_image1/1105532_7.jpg,https://sokodress.s3.ap-northeast-2.amazonaws.com/products_image1/1105532_8.jpg,https://sokodress.s3.ap-northeast-2.amazonaws.com/products_image1/1105532_9.jpg,https://sokodress.s3.ap-northeast-2.amazonaws.com/products_image1/1105532_10.jpg,https://sokodress.s3.ap-northeast-2.amazonaws.com/products_image1/1105532_11.jpg,https://sokodress.s3.ap-northeast-2.amazonaws.com/products_image1/1105532_12.jpg,https://sokodress.s3.ap-northeast-2.amazonaws.com/products_image1/1105532_13.jpg,https://sokodress.s3.ap-northeast-2.amazonaws.com/products_image1/1105532_14.jpg,https://sokodress.s3.ap-northeast-2.amazonaws.com/products_image1/1105532_15.jpg,https://sokodress.s3.ap-northeast-2.amazonaws.com/products_image1/1105532_16.jpg,https://sokodress.s3.ap-northeast-2.amazonaws.com/products_image1/1105532_17.jpg,https://sokodress.s3.ap-northeast-2.amazonaws.com/products_image1/1105532_18.jpg,https://sokodress.s3.ap-northeast-2.amazonaws.com/products_image1/1105532_19.jpg,https://sokodress.s3.ap-northeast-2.amazonaws.com/products_image1/1105532_20.jpg,https://sokodress.s3.ap-northeast-2.amazonaws.com/products_image1/1105532_21.jpg,https://sokodress.s3.ap-northeast-2.amazonaws.com/products_image1/1105532_22.jpg,https://sokodress.s3.ap-northeast-2.amazonaws.com/products_image1/1105532_23.jpg,https://sokodress.s3.ap-northeast-2.amazonaws.com/products_image1/1105532_24.jpg,https://sokodress.s3.ap-northeast-2.amazonaws.com/products_image1/1105532_25.jpg,https://sokodress.s3.ap-northeast-2.amazonaws.com/products_image1/1105532_26.jpg","캐주얼,어반/모던,심플/베이직","S-총장 99cm/ 허리 33cm/ 힙 40cm/ 밑위 29cm/ 밑단 18cm
M-총장 100cm/ 허리 35cm/ 힙 42cm/ 밑위 30cm/ 밑단 19cm
L-총장 101cm/ 허리 37cm/ 힙 44cm/ 밑위 31cm/ 밑단 20cm
XL-총장 102cm/ 허리 39cm/ 힙 46cm/ 밑위 32cm/ 밑단 21cm",코튼98 스판2,없음,약간,없음,루즈핏,"BLACK, S,BLACK, M,BLACK, L,BLACK, XL,JEAN, S,JEAN, M,JEAN, L,JEAN, XL",http://www.ddmmarket.co.kr/Prod?m=S&c=Q215300310
바닐라제이,동대문,퀸즈스퀘어,Queens-4-24,TEL : 02-6970-7254 (HP : 010-8818-7254),40,1104271,735와이드일자,BOTTOM,여성 의류,하의,청바지,26000,대한민국,"https://sokodress.s3.ap-northeast-2.amazonaws.com/products_image1/1104271_0.jpg,https://sokodress.s3.ap-northeast-2.amazonaws.com/products_image1/1104271_1.jpg,https://sokodress.s3.ap-northeast-2.amazonaws.com/products_image1/1104271_2.jpg,https://sokodress.s3.ap-northeast-2.amazonaws.com/products_image1/1104271_3.jpg,https://sokodress.s3.ap-northeast-2.amazonaws.com/products_image1/1104271_4.jpg,https://sokodress.s3.ap-northeast-2.amazonaws.com/products_image1/1104271_5.jpg,https://sokodress.s3.ap-northeast-2.amazonaws.com/products_image1/1104271_6.jpg,https://sokodress.s3.ap-northeast-2.amazonaws.com/products_image1/1104271_7.jpg,https://sokodress.s3.ap-northeast-2.amazonaws.com/products_image1/1104271_8.jpg,https://sokodress.s3.ap-northeast-2.amazonaws.com/products_image1/1104271_9.jpg,https://sokodress.s3.ap-northeast-2.amazonaws.com/products_image1/1104271_10.jpg,https://sokodress.s3.ap-northeast-2.amazonaws.com/products_image1/1104271_11.jpg,https://sokodress.s3.ap-northeast-2.amazonaws.com/products_image1/1104271_12.jpg,https://sokodress.s3.ap-northeast-2.amazonaws.com/products_image1/1104271_13.jpg,https://sokodress.s3.ap-northeast-2.amazonaws.com/products_image1/1104271_14.jpg,https://sokodress.s3.ap-northeast-2.amazonaws.com/products_image1/1104271_15.jpg,https://sokodress.s3.ap-northeast-2.amazonaws.com/products_image1/1104271_16.jpg,https://sokodress.s3.ap-northeast-2.amazonaws.com/products_image1/1104271_17.jpg","캐주얼,심플/베이직","S-총장 102cm/ 허리 33cm/ 힙 45cm/ 밑위 28cm/ 밑단 21cm
M-총장 103cm/ 허리 35cm/ 힙 47cm/ 밑위 29cm/ 밑단 22cm
L-총장 104cm/ 허리 37cm/ 힙 49cm/ 밑위 30cm/ 밑단 23cm
XL-총장 105cm/ 허리 39cm/ 힙 51cm/ 밑위 31cm/ 밑단 24cm",코튼99 스판1,없음,약간,없음,루즈핏,"JEAN, S,JEAN, M,JEAN, L,JEAN, XL",http://www.ddmmarket.co.kr/Prod?m=S&c=Q215300310
바닐라제이,동대문,퀸즈스퀘어,Queens-4-24,TEL : 02-6970-7254 (HP : 010-8818-7254),40,1104042,739블랙슬림일자,BOTTOM,여성 의류,하의,청바지,24000,대한민국,"https://sokodress.s3.ap-northeast-2.amazonaws.com/products_image1/1104042_0.jpg,https://sokodress.s3.ap-northeast-2.amazonaws.com/products_image1/1104042_1.jpg,https://sokodress.s3.ap-northeast-2.amazonaws.com/products_image1/1104042_2.jpg,https://sokodress.s3.ap-northeast-2.amazonaws.com/products_image1/1104042_3.jpg,https://sokodress.s3.ap-northeast-2.amazonaws.com/products_image1/1104042_4.jpg,https://sokodress.s3.ap-northeast-2.amazonaws.com/products_image1/1104042_5.jpg,https://sokodress.s3.ap-northeast-2.amazonaws.com/products_image1/1104042_6.jpg,https://sokodress.s3.ap-northeast-2.amazonaws.com/products_image1/1104042_7.jpg,https://sokodress.s3.ap-northeast-2.amazonaws.com/products_image1/1104042_8.jpg,https://sokodress.s3.ap-northeast-2.amazonaws.com/products_image1/1104042_9.jpg,https://sokodress.s3.ap-northeast-2.amazonaws.com/products_image1/1104042_10.jpg,https://sokodress.s3.ap-northeast-2.amazonaws.com/products_image1/1104042_11.jpg,https://sokodress.s3.ap-northeast-2.amazonaws.com/products_image1/1104042_12.jpg,https://sokodress.s3.ap-northeast-2.amazonaws.com/products_image1/1104042_13.jpg,https://sokodress.s3.ap-northeast-2.amazonaws.com/products_image1/1104042_14.jpg,https://sokodress.s3.ap-northeast-2.amazonaws.com/products_image1/1104042_15.jpg,https://sokodress.s3.ap-northeast-2.amazonaws.com/products_image1/1104042_16.jpg,https://sokodress.s3.ap-northeast-2.amazonaws.com/products_image1/1104042_17.jpg,https://sokodress.s3.ap-northeast-2.amazonaws.com/products_image1/1104042_18.jpg","캐주얼,어반/모던,심플/베이직","S-총장 90cm/ 허리 32cm/ 힙 35cm/ 밑위 28cm/ 밑단 14cm
M-총장 91cm/ 허리 34cm/ 힙 37cm/ 밑위 29cm/ 밑단 15cm
L-총장 92cm/ 허리 36cm/ 힙 39cm/ 밑위 30cm/ 밑단 16cm
XL-총장 93cm/ 허리 38cm/ 힙 41cm/ 밑위 31cm/ 밑단 17cm",면97 스판3,없음,좋음,없음,슬림핏,"BLACK, S,BLACK, M,BLACK, L,BLACK, XL",http://www.ddmmarket.co.kr/Prod?m=S&c=Q215300310
바닐라제이,동대문,퀸즈스퀘어,Queens-4-24,TEL : 02-6970-7254 (HP : 010-8818-7254),40,1072515,622슬림보이핏,BOTTOM,여성 의류,하의,청바지,25000,대한민국,"https://sokodress.s3.ap-northeast-2.amazonaws.com/products_image1/1072515_0.jpg,https://sokodress.s3.ap-northeast-2.amazonaws.com/products_image1/1072515_1.jpg,https://sokodress.s3.ap-northeast-2.amazonaws.com/products_image1/1072515_2.jpg,https://sokodress.s3.ap-northeast-2.amazonaws.com/products_image1/1072515_3.jpg,https://sokodress.s3.ap-northeast-2.amazonaws.com/products_image1/1072515_4.jpg,https://sokodress.s3.ap-northeast-2.amazonaws.com/products_image1/1072515_5.jpg,https://sokodress.s3.ap-northeast-2.amazonaws.com/products_image1/1072515_6.jpg,https://sokodress.s3.ap-northeast-2.amazonaws.com/products_image1/1072515_7.jpg,https://sokodress.s3.ap-northeast-2.amazonaws.com/products_image1/1072515_8.jpg,https://sokodress.s3.ap-northeast-2.amazonaws.com/products_image1/1072515_9.jpg,https://sokodress.s3.ap-northeast-2.amazonaws.com/products_image1/1072515_10.jpg,https://sokodress.s3.ap-northeast-2.amazonaws.com/products_image1/1072515_11.jpg,https://sokodress.s3.ap-northeast-2.amazonaws.com/products_image1/1072515_12.jpg,https://sokodress.s3.ap-northeast-2.amazonaws.com/products_image1/1072515_13.jpg,https://sokodress.s3.ap-northeast-2.amazonaws.com/products_image1/1072515_14.jpg,https://sokodress.s3.ap-northeast-2.amazonaws.com/products_image1/1072515_15.jpg,https://sokodress.s3.ap-northeast-2.amazonaws.com/products_image1/1072515_16.jpg,https://sokodress.s3.ap-northeast-2.amazonaws.com/products_image1/1072515_17.jpg,https://sokodress.s3.ap-northeast-2.amazonaws.com/products_image1/1072515_18.jpg,https://sokodress.s3.ap-northeast-2.amazonaws.com/products_image1/1072515_19.jpg,https://sokodress.s3.ap-northeast-2.amazonaws.com/products_image1/1072515_20.jpg,https://sokodress.s3.ap-northeast-2.amazonaws.com/products_image1/1072515_21.jpg,https://sokodress.s3.ap-northeast-2.amazonaws.com/products_image1/1072515_22.jpg,https://sokodress.s3.ap-northeast-2.amazonaws.com/products_image1/1072515_23.jpg,https://sokodress.s3.ap-northeast-2.amazonaws.com/products_image1/1072515_24.jpg,https://sokodress.s3.ap-northeast-2.amazonaws.com/products_image1/1072515_25.jpg,https://sokodress.s3.ap-northeast-2.amazonaws.com/products_image1/1072515_26.jpg,https://sokodress.s3.ap-northeast-2.amazonaws.com/products_image1/1072515_27.jpg,https://sokodress.s3.ap-northeast-2.amazonaws.com/products_image1/1072515_28.jpg,https://sokodress.s3.ap-northeast-2.amazonaws.com/products_image1/1072515_29.jpg,https://sokodress.s3.ap-northeast-2.amazonaws.com/products_image1/1072515_30.jpg,https://sokodress.s3.ap-northeast-2.amazonaws.com/products_image1/1072515_31.jpg,https://sokodress.s3.ap-northeast-2.amazonaws.com/products_image1/1072515_32.jpg,https://sokodress.s3.ap-northeast-2.amazonaws.com/products_image1/1072515_33.jpg,https://sokodress.s3.ap-northeast-2.amazonaws.com/products_image1/1072515_34.jpg",캐주얼,"S 총장 87cm/ 허리 33cm/ 힙 44cm/ 밑위 26cm/ 밑단 16cm
M 총장 88cm/ 허리 35cm/ 힙 46cm/ 밑위 27cm/ 밑단 17cm
L 총장 89cm/ 허리 37cm/ 힙 48cm/ 밑위 28cm/ 밑단 18cm
XL 총장 90cm/ 허리 39cm/ 힙 50cm/ 밑위 29cm/ 밑단 19cm",코튼97 스판3,없음,약간,없음,베이직,"DARKBLUEJEAN, S,DARKBLUEJEAN, M,DARKBLUEJEAN, L,DARKBLUEJEAN, XL,GRAY, S,GRAY, M,GRAY, L,GRAY, XL,LIGHTBLUEJEAN, S,LIGHTBLUEJEAN, M,LIGHTBLUEJEAN, L,LIGHTBLUEJEAN, XL",http://www.ddmmarket.co.kr/Prod?m=S&c=Q215300310
바닐라제이,동대문,퀸즈스퀘어,Queens-4-24,TEL : 02-6970-7254 (HP : 010-8818-7254),40,1070542,620밑단언발슬림일자,BOTTOM,여성 의류,하의,청바지,21000,대한민국,"https://sokodress.s3.ap-northeast-2.amazonaws.com/products_image1/1070542_0.jpg,https://sokodress.s3.ap-northeast-2.amazonaws.com/products_image1/1070542_1.jpg,https://sokodress.s3.ap-northeast-2.amazonaws.com/products_image1/1070542_2.jpg,https://sokodress.s3.ap-northeast-2.amazonaws.com/products_image1/1070542_3.jpg,https://sokodress.s3.ap-northeast-2.amazonaws.com/products_image1/1070542_4.jpg,https://sokodress.s3.ap-northeast-2.amazonaws.com/products_image1/1070542_5.jpg,https://sokodress.s3.ap-northeast-2.amazonaws.com/products_image1/1070542_6.jpg,https://sokodress.s3.ap-northeast-2.amazonaws.com/products_image1/1070542_7.jpg,https://sokodress.s3.ap-northeast-2.amazonaws.com/products_image1/1070542_8.jpg,https://sokodress.s3.ap-northeast-2.amazonaws.com/products_image1/1070542_9.jpg,https://sokodress.s3.ap-northeast-2.amazonaws.com/products_image1/1070542_10.jpg,https://sokodress.s3.ap-northeast-2.amazonaws.com/products_image1/1070542_11.jpg,https://sokodress.s3.ap-northeast-2.amazonaws.com/products_image1/1070542_12.jpg,https://sokodress.s3.ap-northeast-2.amazonaws.com/products_image1/1070542_13.jpg,https://sokodress.s3.ap-northeast-2.amazonaws.com/products_image1/1070542_14.jpg,https://sokodress.s3.ap-northeast-2.amazonaws.com/products_image1/1070542_15.jpg,https://sokodress.s3.ap-northeast-2.amazonaws.com/products_image1/1070542_16.jpg,https://sokodress.s3.ap-northeast-2.amazonaws.com/products_image1/1070542_17.jpg,https://sokodress.s3.ap-northeast-2.amazonaws.com/products_image1/1070542_18.jpg,https://sokodress.s3.ap-northeast-2.amazonaws.com/products_image1/1070542_19.jpg,https://sokodress.s3.ap-northeast-2.amazonaws.com/products_image1/1070542_20.jpg,https://sokodress.s3.ap-northeast-2.amazonaws.com/products_image1/1070542_21.jpg,https://sokodress.s3.ap-northeast-2.amazonaws.com/products_image1/1070542_22.jpg,https://sokodress.s3.ap-northeast-2.amazonaws.com/products_image1/1070542_23.jpg,https://sokodress.s3.ap-northeast-2.amazonaws.com/products_image1/1070542_24.jpg,https://sokodress.s3.ap-northeast-2.amazonaws.com/products_image1/1070542_25.jpg,https://sokodress.s3.ap-northeast-2.amazonaws.com/products_image1/1070542_26.jpg,https://sokodress.s3.ap-northeast-2.amazonaws.com/products_image1/1070542_27.jpg,https://sokodress.s3.ap-northeast-2.amazonaws.com/products_image1/1070542_28.jpg,https://sokodress.s3.ap-northeast-2.amazonaws.com/products_image1/1070542_29.jpg,https://sokodress.s3.ap-northeast-2.amazonaws.com/products_image1/1070542_30.jpg,https://sokodress.s3.ap-northeast-2.amazonaws.com/products_image1/1070542_31.jpg,https://sokodress.s3.ap-northeast-2.amazonaws.com/products_image1/1070542_32.jpg,https://sokodress.s3.ap-northeast-2.amazonaws.com/products_image1/1070542_33.jpg,https://sokodress.s3.ap-northeast-2.amazonaws.com/products_image1/1070542_34.jpg,https://sokodress.s3.ap-northeast-2.amazonaws.com/products_image1/1070542_35.jpg",캐주얼,"S 총장 89cm/ 허리 34cm/ 힙 39cm/ 밑위 24cm/ 밑단 16cm
M 총장 90cm/ 허리 36cm/ 힙 41cm/ 밑위 25cm/ 밑단 17cm
L 총장 91cm/ 허리 38cm/ 힙 43cm/ 밑위 26cm/ 밑단 18cm
XL 총장 92cm/ 허리 40cm/ 힙 45cm/ 밑위 27cm/ 밑단 19cm",코튼97 스판3,없음,좋음,없음,슬림핏,"BLACK, S,BLACK, M,BLACK, L,BLACK, XL,CREAM, S,CREAM, M,CREAM, L,CREAM, XL,IVORY, S,IVORY, M,IVORY, L,IVORY, XL",http://www.ddmmarket.co.kr/Prod?m=S&c=Q215300310
바닐라제이,동대문,퀸즈스퀘어,Queens-4-24,TEL : 02-6970-7254 (HP : 010-8818-7254),40,1037463,239면스판부츠컷,BOTTOM,여성 의류,하의,청바지,19000,대한민국,"https://sokodress.s3.ap-northeast-2.amazonaws.com/products_image1/1037463_0.jpg,https://sokodress.s3.ap-northeast-2.amazonaws.com/products_image1/1037463_1.jpg,https://sokodress.s3.ap-northeast-2.amazonaws.com/products_image1/1037463_2.jpg,https://sokodress.s3.ap-northeast-2.amazonaws.com/products_image1/1037463_3.jpg,https://sokodress.s3.ap-northeast-2.amazonaws.com/products_image1/1037463_4.jpg,https://sokodress.s3.ap-northeast-2.amazonaws.com/products_image1/1037463_5.jpg,https://sokodress.s3.ap-northeast-2.amazonaws.com/products_image1/1037463_6.jpg,https://sokodress.s3.ap-northeast-2.amazonaws.com/products_image1/1037463_7.jpg,https://sokodress.s3.ap-northeast-2.amazonaws.com/products_image1/1037463_8.jpg,https://sokodress.s3.ap-northeast-2.amazonaws.com/products_image1/1037463_9.jpg,https://sokodress.s3.ap-northeast-2.amazonaws.com/products_image1/1037463_10.jpg,https://sokodress.s3.ap-northeast-2.amazonaws.com/products_image1/1037463_11.jpg,https://sokodress.s3.ap-northeast-2.amazonaws.com/products_image1/1037463_12.jpg,https://sokodress.s3.ap-northeast-2.amazonaws.com/products_image1/1037463_13.jpg,https://sokodress.s3.ap-northeast-2.amazonaws.com/products_image1/1037463_14.jpg,https://sokodress.s3.ap-northeast-2.amazonaws.com/products_image1/1037463_15.jpg,https://sokodress.s3.ap-northeast-2.amazonaws.com/products_image1/1037463_16.jpg,https://sokodress.s3.ap-northeast-2.amazonaws.com/products_image1/1037463_17.jpg,https://sokodress.s3.ap-northeast-2.amazonaws.com/products_image1/1037463_18.jpg,https://sokodress.s3.ap-northeast-2.amazonaws.com/products_image1/1037463_19.jpg,https://sokodress.s3.ap-northeast-2.amazonaws.com/products_image1/1037463_20.jpg,https://sokodress.s3.ap-northeast-2.amazonaws.com/products_image1/1037463_21.jpg,https://sokodress.s3.ap-northeast-2.amazonaws.com/products_image1/1037463_22.jpg,https://sokodress.s3.ap-northeast-2.amazonaws.com/products_image1/1037463_23.jpg,https://sokodress.s3.ap-northeast-2.amazonaws.com/products_image1/1037463_24.jpg,https://sokodress.s3.ap-northeast-2.amazonaws.com/products_image1/1037463_25.jpg,https://sokodress.s3.ap-northeast-2.amazonaws.com/products_image1/1037463_26.jpg",캐주얼,"S - 총장 88cm/ 허리 32cm/ 힙 38cm/ 밑위 23cm/ 밑단 17cm
M - 총장 89cm/ 허리 34cm/ 힙 40cm/ 밑위 24cm/ 밑단 18cm
L - 총장 90cm/ 허리 36cm/ 힙 42cm/ 밑위 25cm/ 밑단 19cm
XL - 총장 91cm/ 허리 38cm/ 힙 44cm/ 밑위 26cm/ 밑단 20cm",코튼97 스판3,없음,좋음,없음,슬림핏,"BLACK, S,BLACK, M,BLACK, L,BLACK, XL,IVORY, S,IVORY, M,IVORY, L,IVORY, XL",http://www.ddmmarket.co.kr/Prod?m=S&c=Q215300310
